acom -O3 -e 100 -work practica3_design -2002  $dsn/src/mips_segmentado_practicas_completar_v2.vhd $dsn/src/bits_shifter.vhd $dsn/src/ram-816106.vhd $dsn/src/alu.vhd $dsn/src/uc_completar.vhd $dsn/src/counter.vhd $dsn/src/register.vhd $dsn/src/ram-i_ejemplo_sin_nops_planificar.vhd $dsn/src/ext_signo.vhd $dsn/src/adder32.vhd $dsn/src/testbench_mips.vhd $dsn/src/mux4_1.vhd $dsn/src/mux2_1.vhd $dsn/src/breg.vhd $dsn/src/mux2_5bits.vhd $dsn/src/banco_wb.vhd $dsn/src/banco_mem.vhd $dsn/src/banco_id.vhd $dsn/src/banco_ex.vhd
# Compile Entity "MIPs_segmentado"
# Compile Architecture "Behavioral" of Entity "MIPs_segmentado"
# Compile Entity "two_bits_shifter"
# Compile Architecture "Behavioral" of Entity "two_bits_shifter"
# Compile Entity "Data_Memory_Subsystem"
# Compile Architecture "Behavioral" of Entity "Data_Memory_Subsystem"
# Compile Entity "ALU"
# Compile Architecture "Behavioral" of Entity "ALU"
# Compile Entity "UC"
# Compile Architecture "Behavioral" of Entity "UC"
# Compile Entity "counter"
# Compile Architecture "Behavioral" of Entity "counter"
# Compile Entity "reg"
# Compile Architecture "behavioral" of Entity "REG"
# Compile Entity "memoriaRAM_I"
# Compile Architecture "Behavioral" of Entity "memoriaRAM_I"
# Compile Entity "Ext_signo"
# Compile Architecture "Behavioral" of Entity "Ext_signo"
# Compile Entity "adder32"
# Compile Architecture "Behavioral" of Entity "adder32"
# Compile Entity "testbench"
# Compile Architecture "behavior" of Entity "testbench"
# Compile Entity "mux4_1"
# Compile Architecture "Behavioral" of Entity "mux4_1"
# Compile Entity "mux2_1"
# Compile Architecture "Behavioral" of Entity "mux2_1"
# Compile Entity "BReg"
# Compile Architecture "Behavioral" of Entity "BReg"
# Compile Entity "mux2_5bits"
# Compile Architecture "Behavioral" of Entity "mux2_5bits"
# Compile Entity "Banco_WB"
# Compile Architecture "Behavioral" of Entity "Banco_WB"
# Compile Entity "Banco_MEM"
# Compile Architecture "Behavioral" of Entity "Banco_MEM"
# Compile Entity "Banco_ID"
# Compile Architecture "Behavioral" of Entity "Banco_ID"
# Compile Entity "Banco_EX"
# Compile Architecture "Behavioral" of Entity "Banco_EX"
# Compile success 0 Errors 0 Warnings  Analysis time :  2.0 [s]
# ELBREAD: Elaboration process.
# ELBREAD: Elaboration time 0.0 [s].
# ELBREAD: Elaboration process.
# ELBREAD: Elaboration time 0.0 [s].
asim -O5 +access +r +m+testbench testbench behavior
# ELBREAD: Elaboration process.
# ELBREAD: Elaboration time 0.0 [s].
# VSIM: Stack memory: 32MB
# VSIM: Retval memory: 32MB
# 
# KERNEL: Main thread initiated.
# KERNEL: Kernel process initialization phase.
# ELAB2: Elaboration final pass...
# ELAB2: Create instances ...
# KERNEL: Time resolution set to 1ps.
# ELAB2: Create instances complete.
# SLP: Started
# SLP: Elaboration phase ...
# SLP: Elaboration phase ... skipped, nothing to simulate in SLP mode : 0.0 [s]
# SLP: Finished : 0.0 [s]
# ELAB2: Elaboration final pass complete - time: 0.2 [s].
# KERNEL: Warning: You are using the Active-HDL Student Edition. The performance of simulation is running at a reduced rate.
# KERNEL: Warning: Contact Aldec for available upgrade options - sales@aldec.com.
# KERNEL: Kernel process initialization done.
# Allocation: Simulator allocated 6669 kB (elbread=427 elab2=6099 kernel=142 sdf=0)
# KERNEL: ASDB file was created in location C:\My_Designs\practica3_active\practica3_design\src\wave.asdb
#  16:52, miércoles, 26 de marzo de 2025
#  Simulation has been initialized
run @500ns
# KERNEL: WARNING: There is an 'U'|'X'|'W'|'Z'|'-' in an arithmetic operand, the result will be 'X'(es).
# KERNEL: Time: 0 ps,  Iteration: 0,  Instance: /testbench/uut/adder_4,  Process: line__42.
# KERNEL: WARNING: CONV_INTEGER: There is an 'U'|'X'|'W'|'Z'|'-' in an arithmetic operand, and it has been converted to 0.
# KERNEL: Time: 0 ps,  Iteration: 0,  Instance: /testbench/uut/Mem_I,  Process: line__82.
# KERNEL: WARNING: CONV_INTEGER: There is an 'U'|'X'|'W'|'Z'|'-' in an arithmetic operand, and it has been converted to 0.
# KERNEL: Time: 0 ps,  Iteration: 0,  Instance: /testbench/uut/INT_Register_bank,  Process: line__74.
# KERNEL: WARNING: CONV_INTEGER: There is an 'U'|'X'|'W'|'Z'|'-' in an arithmetic operand, and it has been converted to 0.
# KERNEL: Time: 0 ps,  Iteration: 0,  Instance: /testbench/uut/INT_Register_bank,  Process: line__76.
# KERNEL: WARNING: There is an 'U'|'X'|'W'|'Z'|'-' in an arithmetic operand, the result will be 'X'(es).
# KERNEL: Time: 0 ps,  Iteration: 0,  Instance: /testbench/uut/adder_dir,  Process: line__42.
# KERNEL: WARNING: There is an 'U'|'X'|'W'|'Z'|'-' in an arithmetic operand, the result will be 'X'(es).
# KERNEL: Time: 0 ps,  Iteration: 0,  Instance: /testbench/uut/ALU_MIPs,  Process: line__43.
# KERNEL: WARNING: There is an 'U'|'X'|'W'|'Z'|'-' in an arithmetic operand, the result will be 'X'(es).
# KERNEL: Time: 0 ps,  Iteration: 0,  Instance: /testbench/uut/ALU_MIPs,  Process: line__43.
# KERNEL: WARNING: There is an 'U'|'X'|'W'|'Z'|'-' in an arithmetic operand, the result will be 'X'(es).
# KERNEL: Time: 0 ps,  Iteration: 0,  Instance: /testbench/uut/ALU_MIPs,  Process: line__43.
# KERNEL: WARNING: There is an 'U'|'X'|'W'|'Z'|'-' in an arithmetic operand, the result will be 'X'(es).
# KERNEL: Time: 0 ps,  Iteration: 0,  Instance: /testbench/uut/ALU_MIPs,  Process: line__43.
# KERNEL: WARNING: There is an 'U'|'X'|'W'|'Z'|'-' in an arithmetic operand, the result will be 'X'(es).
# KERNEL: Time: 0 ps,  Iteration: 1,  Instance: /testbench/uut/adder_dir,  Process: line__42.
# KERNEL: WARNING: CONV_INTEGER: There is an 'U'|'X'|'W'|'Z'|'-' in an arithmetic operand, and it has been converted to 0.
# KERNEL: Time: 0 ps,  Iteration: 2,  Instance: /testbench/uut/INT_Register_bank,  Process: line__74.
# KERNEL: WARNING: CONV_INTEGER: There is an 'U'|'X'|'W'|'Z'|'-' in an arithmetic operand, and it has been converted to 0.
# KERNEL: Time: 0 ps,  Iteration: 2,  Instance: /testbench/uut/INT_Register_bank,  Process: line__76.
# KERNEL: WARNING: There is an 'U'|'X'|'W'|'Z'|'-' in an arithmetic operand, the result will be 'X'(es).
# KERNEL: Time: 0 ps,  Iteration: 2,  Instance: /testbench/uut/adder_dir,  Process: line__42.
# KERNEL: WARNING: There is an 'U'|'X'|'W'|'Z'|'-' in an arithmetic operand, the result will be 'X'(es).
# KERNEL: Time: 5 ns,  Iteration: 2,  Instance: /testbench/uut/ALU_MIPs,  Process: line__43.
# KERNEL: WARNING: There is an 'U'|'X'|'W'|'Z'|'-' in an arithmetic operand, the result will be 'X'(es).
# KERNEL: Time: 5 ns,  Iteration: 2,  Instance: /testbench/uut/adder_dir,  Process: line__42.
# EXECUTION:: NOTE   : Simulation time : 60000 ps.  Data written: 1, in Reg = 1
# EXECUTION:: Time: 60 ns,  Iteration: 1,  Instance: /testbench/uut/INT_Register_bank,  Process: line__55.
# EXECUTION:: NOTE   : Simulation time : 70000 ps.  Data written: 2, in Reg = 2
# EXECUTION:: Time: 70 ns,  Iteration: 1,  Instance: /testbench/uut/INT_Register_bank,  Process: line__55.
# EXECUTION:: NOTE   : Simulation time : 80000 ps.  Data written: 0, in Reg = 4
# EXECUTION:: Time: 80 ns,  Iteration: 1,  Instance: /testbench/uut/INT_Register_bank,  Process: line__55.
# EXECUTION:: NOTE   : Simulation time : 90000 ps.  Data written: 7, in Reg = 6
# EXECUTION:: Time: 90 ns,  Iteration: 1,  Instance: /testbench/uut/INT_Register_bank,  Process: line__55.
# EXECUTION:: NOTE   : Simulation time : 110000 ps.  Data written: 1, in Reg = 5
# EXECUTION:: Time: 110 ns,  Iteration: 1,  Instance: /testbench/uut/INT_Register_bank,  Process: line__55.
# EXECUTION:: NOTE   : Simulation time : 120000 ps.  Data written: 7, in Reg = 7
# EXECUTION:: Time: 120 ns,  Iteration: 1,  Instance: /testbench/uut/INT_Register_bank,  Process: line__55.
# EXECUTION:: NOTE   : Simulation time : 135000 ps.  Data written: 0, in ADDR = 0
# EXECUTION:: Time: 135 ns,  Iteration: 1,  Instance: /testbench/uut/Mem_D,  Process: line__79.
# EXECUTION:: NOTE   : Simulation time : 150000 ps.  Data written: 1, in Reg = 1
# EXECUTION:: Time: 150 ns,  Iteration: 1,  Instance: /testbench/uut/INT_Register_bank,  Process: line__55.
# EXECUTION:: NOTE   : Simulation time : 160000 ps.  Data written: 2, in Reg = 2
# EXECUTION:: Time: 160 ns,  Iteration: 1,  Instance: /testbench/uut/INT_Register_bank,  Process: line__55.
# EXECUTION:: NOTE   : Simulation time : 170000 ps.  Data written: 0, in Reg = 4
# EXECUTION:: Time: 170 ns,  Iteration: 1,  Instance: /testbench/uut/INT_Register_bank,  Process: line__55.
# EXECUTION:: NOTE   : Simulation time : 180000 ps.  Data written: 8, in Reg = 6
# EXECUTION:: Time: 180 ns,  Iteration: 1,  Instance: /testbench/uut/INT_Register_bank,  Process: line__55.
# EXECUTION:: NOTE   : Simulation time : 200000 ps.  Data written: 2, in Reg = 5
# EXECUTION:: Time: 200 ns,  Iteration: 1,  Instance: /testbench/uut/INT_Register_bank,  Process: line__55.
# EXECUTION:: NOTE   : Simulation time : 210000 ps.  Data written: 15, in Reg = 7
# EXECUTION:: Time: 210 ns,  Iteration: 1,  Instance: /testbench/uut/INT_Register_bank,  Process: line__55.
# EXECUTION:: NOTE   : Simulation time : 225000 ps.  Data written: 7, in ADDR = 0
# EXECUTION:: Time: 225 ns,  Iteration: 1,  Instance: /testbench/uut/Mem_D,  Process: line__79.
# EXECUTION:: NOTE   : Simulation time : 240000 ps.  Data written: 1, in Reg = 1
# EXECUTION:: Time: 240 ns,  Iteration: 1,  Instance: /testbench/uut/INT_Register_bank,  Process: line__55.
# EXECUTION:: NOTE   : Simulation time : 250000 ps.  Data written: 2, in Reg = 2
# EXECUTION:: Time: 250 ns,  Iteration: 1,  Instance: /testbench/uut/INT_Register_bank,  Process: line__55.
# EXECUTION:: NOTE   : Simulation time : 260000 ps.  Data written: 0, in Reg = 4
# EXECUTION:: Time: 260 ns,  Iteration: 1,  Instance: /testbench/uut/INT_Register_bank,  Process: line__55.
# EXECUTION:: NOTE   : Simulation time : 270000 ps.  Data written: 9, in Reg = 6
# EXECUTION:: Time: 270 ns,  Iteration: 1,  Instance: /testbench/uut/INT_Register_bank,  Process: line__55.
# EXECUTION:: NOTE   : Simulation time : 290000 ps.  Data written: 3, in Reg = 5
# EXECUTION:: Time: 290 ns,  Iteration: 1,  Instance: /testbench/uut/INT_Register_bank,  Process: line__55.
# KERNEL: stopped at time: 500 ns
# VSIM: 1 object(s) traced.
# Waveform file 'untitled.awc' connected to 'C:/My_Designs/practica3_active/practica3_design/src/wave.asdb'.
run
# EXECUTION:: NOTE   : Simulation time : 1490000 ps.  Data written: 1, in Reg = 1
# EXECUTION:: Time: 1490 ns,  Iteration: 1,  Instance: /testbench/uut/INT_Register_bank,  Process: line__55.
# EXECUTION:: NOTE   : Simulation time : 1500000 ps.  Data written: 2, in Reg = 2
# EXECUTION:: Time: 1500 ns,  Iteration: 1,  Instance: /testbench/uut/INT_Register_bank,  Process: line__55.
# EXECUTION:: NOTE   : Simulation time : 1510000 ps.  Data written: 0, in Reg = 4
# EXECUTION:: Time: 1510 ns,  Iteration: 1,  Instance: /testbench/uut/INT_Register_bank,  Process: line__55.
# EXECUTION:: NOTE   : Simulation time : 1520000 ps.  Data written: 10, in Reg = 6
# EXECUTION:: Time: 1520 ns,  Iteration: 1,  Instance: /testbench/uut/INT_Register_bank,  Process: line__55.
# EXECUTION:: NOTE   : Simulation time : 1540000 ps.  Data written: 4, in Reg = 5
# EXECUTION:: Time: 1540 ns,  Iteration: 1,  Instance: /testbench/uut/INT_Register_bank,  Process: line__55.
# EXECUTION:: NOTE   : Simulation time : 1550000 ps.  Data written: 25, in Reg = 7
# EXECUTION:: Time: 1550 ns,  Iteration: 1,  Instance: /testbench/uut/INT_Register_bank,  Process: line__55.
# EXECUTION:: NOTE   : Simulation time : 1565000 ps.  Data written: 15, in ADDR = 0
# EXECUTION:: Time: 1565 ns,  Iteration: 1,  Instance: /testbench/uut/Mem_D,  Process: line__79.
# EXECUTION:: NOTE   : Simulation time : 1580000 ps.  Data written: 1, in Reg = 1
# EXECUTION:: Time: 1580 ns,  Iteration: 1,  Instance: /testbench/uut/INT_Register_bank,  Process: line__55.
# EXECUTION:: NOTE   : Simulation time : 1590000 ps.  Data written: 2, in Reg = 2
# EXECUTION:: Time: 1590 ns,  Iteration: 1,  Instance: /testbench/uut/INT_Register_bank,  Process: line__55.
# EXECUTION:: NOTE   : Simulation time : 1600000 ps.  Data written: 0, in Reg = 4
# EXECUTION:: Time: 1600 ns,  Iteration: 1,  Instance: /testbench/uut/INT_Register_bank,  Process: line__55.
# EXECUTION:: NOTE   : Simulation time : 1610000 ps.  Data written: 11, in Reg = 6
# EXECUTION:: Time: 1610 ns,  Iteration: 1,  Instance: /testbench/uut/INT_Register_bank,  Process: line__55.
# EXECUTION:: NOTE   : Simulation time : 1630000 ps.  Data written: 5, in Reg = 5
# EXECUTION:: Time: 1630 ns,  Iteration: 1,  Instance: /testbench/uut/INT_Register_bank,  Process: line__55.
# EXECUTION:: NOTE   : Simulation time : 1640000 ps.  Data written: 36, in Reg = 7
# EXECUTION:: Time: 1640 ns,  Iteration: 1,  Instance: /testbench/uut/INT_Register_bank,  Process: line__55.
# EXECUTION:: NOTE   : Simulation time : 1655000 ps.  Data written: 25, in ADDR = 0
# EXECUTION:: Time: 1655 ns,  Iteration: 1,  Instance: /testbench/uut/Mem_D,  Process: line__79.
# EXECUTION:: NOTE   : Simulation time : 1670000 ps.  Data written: 1, in Reg = 1
# EXECUTION:: Time: 1670 ns,  Iteration: 1,  Instance: /testbench/uut/INT_Register_bank,  Process: line__55.
# EXECUTION:: NOTE   : Simulation time : 1680000 ps.  Data written: 2, in Reg = 2
# EXECUTION:: Time: 1680 ns,  Iteration: 1,  Instance: /testbench/uut/INT_Register_bank,  Process: line__55.
# EXECUTION:: NOTE   : Simulation time : 1690000 ps.  Data written: 0, in Reg = 4
# EXECUTION:: Time: 1690 ns,  Iteration: 1,  Instance: /testbench/uut/INT_Register_bank,  Process: line__55.
# EXECUTION:: NOTE   : Simulation time : 1700000 ps.  Data written: 12, in Reg = 6
# EXECUTION:: Time: 1700 ns,  Iteration: 1,  Instance: /testbench/uut/INT_Register_bank,  Process: line__55.
# EXECUTION:: NOTE   : Simulation time : 1720000 ps.  Data written: 6, in Reg = 5
# EXECUTION:: Time: 1720 ns,  Iteration: 1,  Instance: /testbench/uut/INT_Register_bank,  Process: line__55.
# EXECUTION:: NOTE   : Simulation time : 1730000 ps.  Data written: 48, in Reg = 7
# EXECUTION:: Time: 1730 ns,  Iteration: 1,  Instance: /testbench/uut/INT_Register_bank,  Process: line__55.
# EXECUTION:: NOTE   : Simulation time : 1745000 ps.  Data written: 36, in ADDR = 0
# EXECUTION:: Time: 1745 ns,  Iteration: 1,  Instance: /testbench/uut/Mem_D,  Process: line__79.
# EXECUTION:: NOTE   : Simulation time : 1760000 ps.  Data written: 1, in Reg = 1
# EXECUTION:: Time: 1760 ns,  Iteration: 1,  Instance: /testbench/uut/INT_Register_bank,  Process: line__55.
# EXECUTION:: NOTE   : Simulation time : 1770000 ps.  Data written: 2, in Reg = 2
# EXECUTION:: Time: 1770 ns,  Iteration: 1,  Instance: /testbench/uut/INT_Register_bank,  Process: line__55.
# EXECUTION:: NOTE   : Simulation time : 1780000 ps.  Data written: 0, in Reg = 4
# EXECUTION:: Time: 1780 ns,  Iteration: 1,  Instance: /testbench/uut/INT_Register_bank,  Process: line__55.
# EXECUTION:: NOTE   : Simulation time : 1790000 ps.  Data written: 13, in Reg = 6
# EXECUTION:: Time: 1790 ns,  Iteration: 1,  Instance: /testbench/uut/INT_Register_bank,  Process: line__55.
# EXECUTION:: NOTE   : Simulation time : 1810000 ps.  Data written: 7, in Reg = 5
# EXECUTION:: Time: 1810 ns,  Iteration: 1,  Instance: /testbench/uut/INT_Register_bank,  Process: line__55.
# EXECUTION:: NOTE   : Simulation time : 1820000 ps.  Data written: 61, in Reg = 7
# EXECUTION:: Time: 1820 ns,  Iteration: 1,  Instance: /testbench/uut/INT_Register_bank,  Process: line__55.
# EXECUTION:: NOTE   : Simulation time : 1835000 ps.  Data written: 48, in ADDR = 0
# EXECUTION:: Time: 1835 ns,  Iteration: 1,  Instance: /testbench/uut/Mem_D,  Process: line__79.
# EXECUTION:: NOTE   : Simulation time : 1850000 ps.  Data written: 1, in Reg = 1
# EXECUTION:: Time: 1850 ns,  Iteration: 1,  Instance: /testbench/uut/INT_Register_bank,  Process: line__55.
# EXECUTION:: NOTE   : Simulation time : 1860000 ps.  Data written: 2, in Reg = 2
# EXECUTION:: Time: 1860 ns,  Iteration: 1,  Instance: /testbench/uut/INT_Register_bank,  Process: line__55.
# EXECUTION:: NOTE   : Simulation time : 1870000 ps.  Data written: 0, in Reg = 4
# EXECUTION:: Time: 1870 ns,  Iteration: 1,  Instance: /testbench/uut/INT_Register_bank,  Process: line__55.
# EXECUTION:: NOTE   : Simulation time : 1880000 ps.  Data written: 14, in Reg = 6
# EXECUTION:: Time: 1880 ns,  Iteration: 1,  Instance: /testbench/uut/INT_Register_bank,  Process: line__55.
# EXECUTION:: NOTE   : Simulation time : 1900000 ps.  Data written: 8, in Reg = 5
# EXECUTION:: Time: 1900 ns,  Iteration: 1,  Instance: /testbench/uut/INT_Register_bank,  Process: line__55.
# EXECUTION:: NOTE   : Simulation time : 1910000 ps.  Data written: 75, in Reg = 7
# EXECUTION:: Time: 1910 ns,  Iteration: 1,  Instance: /testbench/uut/INT_Register_bank,  Process: line__55.
# EXECUTION:: NOTE   : Simulation time : 1925000 ps.  Data written: 61, in ADDR = 0
# EXECUTION:: Time: 1925 ns,  Iteration: 1,  Instance: /testbench/uut/Mem_D,  Process: line__79.
# EXECUTION:: NOTE   : Simulation time : 1940000 ps.  Data written: 1, in Reg = 1
# EXECUTION:: Time: 1940 ns,  Iteration: 1,  Instance: /testbench/uut/INT_Register_bank,  Process: line__55.
# EXECUTION:: NOTE   : Simulation time : 1950000 ps.  Data written: 2, in Reg = 2
# EXECUTION:: Time: 1950 ns,  Iteration: 1,  Instance: /testbench/uut/INT_Register_bank,  Process: line__55.
# EXECUTION:: NOTE   : Simulation time : 1960000 ps.  Data written: 0, in Reg = 4
# EXECUTION:: Time: 1960 ns,  Iteration: 1,  Instance: /testbench/uut/INT_Register_bank,  Process: line__55.
# EXECUTION:: NOTE   : Simulation time : 1970000 ps.  Data written: 15, in Reg = 6
# EXECUTION:: Time: 1970 ns,  Iteration: 1,  Instance: /testbench/uut/INT_Register_bank,  Process: line__55.
# EXECUTION:: NOTE   : Simulation time : 1990000 ps.  Data written: 9, in Reg = 5
# EXECUTION:: Time: 1990 ns,  Iteration: 1,  Instance: /testbench/uut/INT_Register_bank,  Process: line__55.
# EXECUTION:: NOTE   : Simulation time : 2000000 ps.  Data written: 90, in Reg = 7
# EXECUTION:: Time: 2 us,  Iteration: 1,  Instance: /testbench/uut/INT_Register_bank,  Process: line__55.
# EXECUTION:: NOTE   : Simulation time : 2015000 ps.  Data written: 75, in ADDR = 0
# EXECUTION:: Time: 2015 ns,  Iteration: 1,  Instance: /testbench/uut/Mem_D,  Process: line__79.
# EXECUTION:: NOTE   : Simulation time : 2030000 ps.  Data written: 1, in Reg = 1
# EXECUTION:: Time: 2030 ns,  Iteration: 1,  Instance: /testbench/uut/INT_Register_bank,  Process: line__55.
# EXECUTION:: NOTE   : Simulation time : 2040000 ps.  Data written: 2, in Reg = 2
# EXECUTION:: Time: 2040 ns,  Iteration: 1,  Instance: /testbench/uut/INT_Register_bank,  Process: line__55.
# EXECUTION:: NOTE   : Simulation time : 2050000 ps.  Data written: 0, in Reg = 4
# EXECUTION:: Time: 2050 ns,  Iteration: 1,  Instance: /testbench/uut/INT_Register_bank,  Process: line__55.
# EXECUTION:: NOTE   : Simulation time : 2060000 ps.  Data written: 16, in Reg = 6
# EXECUTION:: Time: 2060 ns,  Iteration: 1,  Instance: /testbench/uut/INT_Register_bank,  Process: line__55.
# EXECUTION:: NOTE   : Simulation time : 2080000 ps.  Data written: 10, in Reg = 5
# EXECUTION:: Time: 2080 ns,  Iteration: 1,  Instance: /testbench/uut/INT_Register_bank,  Process: line__55.
# EXECUTION:: NOTE   : Simulation time : 2090000 ps.  Data written: 106, in Reg = 7
# EXECUTION:: Time: 2090 ns,  Iteration: 1,  Instance: /testbench/uut/INT_Register_bank,  Process: line__55.
# EXECUTION:: NOTE   : Simulation time : 2105000 ps.  Data written: 90, in ADDR = 0
# EXECUTION:: Time: 2105 ns,  Iteration: 1,  Instance: /testbench/uut/Mem_D,  Process: line__79.
# EXECUTION:: NOTE   : Simulation time : 2120000 ps.  Data written: 1, in Reg = 1
# EXECUTION:: Time: 2120 ns,  Iteration: 1,  Instance: /testbench/uut/INT_Register_bank,  Process: line__55.
# EXECUTION:: NOTE   : Simulation time : 2130000 ps.  Data written: 2, in Reg = 2
# EXECUTION:: Time: 2130 ns,  Iteration: 1,  Instance: /testbench/uut/INT_Register_bank,  Process: line__55.
# EXECUTION:: NOTE   : Simulation time : 2140000 ps.  Data written: 0, in Reg = 4
# EXECUTION:: Time: 2140 ns,  Iteration: 1,  Instance: /testbench/uut/INT_Register_bank,  Process: line__55.
# EXECUTION:: NOTE   : Simulation time : 2150000 ps.  Data written: 17, in Reg = 6
# EXECUTION:: Time: 2150 ns,  Iteration: 1,  Instance: /testbench/uut/INT_Register_bank,  Process: line__55.
# EXECUTION:: NOTE   : Simulation time : 2170000 ps.  Data written: 11, in Reg = 5
# EXECUTION:: Time: 2170 ns,  Iteration: 1,  Instance: /testbench/uut/INT_Register_bank,  Process: line__55.
# EXECUTION:: NOTE   : Simulation time : 2180000 ps.  Data written: 123, in Reg = 7
# EXECUTION:: Time: 2180 ns,  Iteration: 1,  Instance: /testbench/uut/INT_Register_bank,  Process: line__55.
# EXECUTION:: NOTE   : Simulation time : 2195000 ps.  Data written: 106, in ADDR = 0
# EXECUTION:: Time: 2195 ns,  Iteration: 1,  Instance: /testbench/uut/Mem_D,  Process: line__79.
# EXECUTION:: NOTE   : Simulation time : 2210000 ps.  Data written: 1, in Reg = 1
# EXECUTION:: Time: 2210 ns,  Iteration: 1,  Instance: /testbench/uut/INT_Register_bank,  Process: line__55.
# EXECUTION:: NOTE   : Simulation time : 2220000 ps.  Data written: 2, in Reg = 2
# EXECUTION:: Time: 2220 ns,  Iteration: 1,  Instance: /testbench/uut/INT_Register_bank,  Process: line__55.
# EXECUTION:: NOTE   : Simulation time : 2230000 ps.  Data written: 0, in Reg = 4
# EXECUTION:: Time: 2230 ns,  Iteration: 1,  Instance: /testbench/uut/INT_Register_bank,  Process: line__55.
# EXECUTION:: NOTE   : Simulation time : 2240000 ps.  Data written: 18, in Reg = 6
# EXECUTION:: Time: 2240 ns,  Iteration: 1,  Instance: /testbench/uut/INT_Register_bank,  Process: line__55.
# EXECUTION:: NOTE   : Simulation time : 2260000 ps.  Data written: 12, in Reg = 5
# EXECUTION:: Time: 2260 ns,  Iteration: 1,  Instance: /testbench/uut/INT_Register_bank,  Process: line__55.
# EXECUTION:: NOTE   : Simulation time : 2270000 ps.  Data written: 141, in Reg = 7
# EXECUTION:: Time: 2270 ns,  Iteration: 1,  Instance: /testbench/uut/INT_Register_bank,  Process: line__55.
# EXECUTION:: NOTE   : Simulation time : 2285000 ps.  Data written: 123, in ADDR = 0
# EXECUTION:: Time: 2285 ns,  Iteration: 1,  Instance: /testbench/uut/Mem_D,  Process: line__79.
# EXECUTION:: NOTE   : Simulation time : 2300000 ps.  Data written: 1, in Reg = 1
# EXECUTION:: Time: 2300 ns,  Iteration: 1,  Instance: /testbench/uut/INT_Register_bank,  Process: line__55.
# EXECUTION:: NOTE   : Simulation time : 2310000 ps.  Data written: 2, in Reg = 2
# EXECUTION:: Time: 2310 ns,  Iteration: 1,  Instance: /testbench/uut/INT_Register_bank,  Process: line__55.
# EXECUTION:: NOTE   : Simulation time : 2320000 ps.  Data written: 0, in Reg = 4
# EXECUTION:: Time: 2320 ns,  Iteration: 1,  Instance: /testbench/uut/INT_Register_bank,  Process: line__55.
# EXECUTION:: NOTE   : Simulation time : 2330000 ps.  Data written: 19, in Reg = 6
# EXECUTION:: Time: 2330 ns,  Iteration: 1,  Instance: /testbench/uut/INT_Register_bank,  Process: line__55.
# EXECUTION:: NOTE   : Simulation time : 2350000 ps.  Data written: 13, in Reg = 5
# EXECUTION:: Time: 2350 ns,  Iteration: 1,  Instance: /testbench/uut/INT_Register_bank,  Process: line__55.
# EXECUTION:: NOTE   : Simulation time : 2360000 ps.  Data written: 160, in Reg = 7
# EXECUTION:: Time: 2360 ns,  Iteration: 1,  Instance: /testbench/uut/INT_Register_bank,  Process: line__55.
# EXECUTION:: NOTE   : Simulation time : 2375000 ps.  Data written: 141, in ADDR = 0
# EXECUTION:: Time: 2375 ns,  Iteration: 1,  Instance: /testbench/uut/Mem_D,  Process: line__79.
# EXECUTION:: NOTE   : Simulation time : 2390000 ps.  Data written: 1, in Reg = 1
# EXECUTION:: Time: 2390 ns,  Iteration: 1,  Instance: /testbench/uut/INT_Register_bank,  Process: line__55.
# EXECUTION:: NOTE   : Simulation time : 2400000 ps.  Data written: 2, in Reg = 2
# EXECUTION:: Time: 2400 ns,  Iteration: 1,  Instance: /testbench/uut/INT_Register_bank,  Process: line__55.
# EXECUTION:: NOTE   : Simulation time : 2410000 ps.  Data written: 0, in Reg = 4
# EXECUTION:: Time: 2410 ns,  Iteration: 1,  Instance: /testbench/uut/INT_Register_bank,  Process: line__55.
# EXECUTION:: NOTE   : Simulation time : 2420000 ps.  Data written: 20, in Reg = 6
# EXECUTION:: Time: 2420 ns,  Iteration: 1,  Instance: /testbench/uut/INT_Register_bank,  Process: line__55.
# EXECUTION:: NOTE   : Simulation time : 2440000 ps.  Data written: 14, in Reg = 5
# EXECUTION:: Time: 2440 ns,  Iteration: 1,  Instance: /testbench/uut/INT_Register_bank,  Process: line__55.
# EXECUTION:: NOTE   : Simulation time : 2450000 ps.  Data written: 180, in Reg = 7
# EXECUTION:: Time: 2450 ns,  Iteration: 1,  Instance: /testbench/uut/INT_Register_bank,  Process: line__55.
# EXECUTION:: NOTE   : Simulation time : 2465000 ps.  Data written: 160, in ADDR = 0
# EXECUTION:: Time: 2465 ns,  Iteration: 1,  Instance: /testbench/uut/Mem_D,  Process: line__79.
# EXECUTION:: NOTE   : Simulation time : 2480000 ps.  Data written: 1, in Reg = 1
# EXECUTION:: Time: 2480 ns,  Iteration: 1,  Instance: /testbench/uut/INT_Register_bank,  Process: line__55.
# EXECUTION:: NOTE   : Simulation time : 2490000 ps.  Data written: 2, in Reg = 2
# EXECUTION:: Time: 2490 ns,  Iteration: 1,  Instance: /testbench/uut/INT_Register_bank,  Process: line__55.
# EXECUTION:: NOTE   : Simulation time : 2500000 ps.  Data written: 0, in Reg = 4
# EXECUTION:: Time: 2500 ns,  Iteration: 1,  Instance: /testbench/uut/INT_Register_bank,  Process: line__55.
# EXECUTION:: NOTE   : Simulation time : 2510000 ps.  Data written: 21, in Reg = 6
# EXECUTION:: Time: 2510 ns,  Iteration: 1,  Instance: /testbench/uut/INT_Register_bank,  Process: line__55.
# EXECUTION:: NOTE   : Simulation time : 2530000 ps.  Data written: 15, in Reg = 5
# EXECUTION:: Time: 2530 ns,  Iteration: 1,  Instance: /testbench/uut/INT_Register_bank,  Process: line__55.
# EXECUTION:: NOTE   : Simulation time : 2540000 ps.  Data written: 201, in Reg = 7
# EXECUTION:: Time: 2540 ns,  Iteration: 1,  Instance: /testbench/uut/INT_Register_bank,  Process: line__55.
# EXECUTION:: NOTE   : Simulation time : 2555000 ps.  Data written: 180, in ADDR = 0
# EXECUTION:: Time: 2555 ns,  Iteration: 1,  Instance: /testbench/uut/Mem_D,  Process: line__79.
# EXECUTION:: NOTE   : Simulation time : 2570000 ps.  Data written: 1, in Reg = 1
# EXECUTION:: Time: 2570 ns,  Iteration: 1,  Instance: /testbench/uut/INT_Register_bank,  Process: line__55.
# EXECUTION:: NOTE   : Simulation time : 2580000 ps.  Data written: 2, in Reg = 2
# EXECUTION:: Time: 2580 ns,  Iteration: 1,  Instance: /testbench/uut/INT_Register_bank,  Process: line__55.
# EXECUTION:: NOTE   : Simulation time : 2590000 ps.  Data written: 0, in Reg = 4
# EXECUTION:: Time: 2590 ns,  Iteration: 1,  Instance: /testbench/uut/INT_Register_bank,  Process: line__55.
# EXECUTION:: NOTE   : Simulation time : 2600000 ps.  Data written: 22, in Reg = 6
# EXECUTION:: Time: 2600 ns,  Iteration: 1,  Instance: /testbench/uut/INT_Register_bank,  Process: line__55.
# EXECUTION:: NOTE   : Simulation time : 2620000 ps.  Data written: 16, in Reg = 5
# EXECUTION:: Time: 2620 ns,  Iteration: 1,  Instance: /testbench/uut/INT_Register_bank,  Process: line__55.
# EXECUTION:: NOTE   : Simulation time : 2630000 ps.  Data written: 223, in Reg = 7
# EXECUTION:: Time: 2630 ns,  Iteration: 1,  Instance: /testbench/uut/INT_Register_bank,  Process: line__55.
# EXECUTION:: NOTE   : Simulation time : 2645000 ps.  Data written: 201, in ADDR = 0
# EXECUTION:: Time: 2645 ns,  Iteration: 1,  Instance: /testbench/uut/Mem_D,  Process: line__79.
# EXECUTION:: NOTE   : Simulation time : 2660000 ps.  Data written: 1, in Reg = 1
# EXECUTION:: Time: 2660 ns,  Iteration: 1,  Instance: /testbench/uut/INT_Register_bank,  Process: line__55.
# EXECUTION:: NOTE   : Simulation time : 2670000 ps.  Data written: 2, in Reg = 2
# EXECUTION:: Time: 2670 ns,  Iteration: 1,  Instance: /testbench/uut/INT_Register_bank,  Process: line__55.
# EXECUTION:: NOTE   : Simulation time : 2680000 ps.  Data written: 0, in Reg = 4
# EXECUTION:: Time: 2680 ns,  Iteration: 1,  Instance: /testbench/uut/INT_Register_bank,  Process: line__55.
# EXECUTION:: NOTE   : Simulation time : 2690000 ps.  Data written: 23, in Reg = 6
# EXECUTION:: Time: 2690 ns,  Iteration: 1,  Instance: /testbench/uut/INT_Register_bank,  Process: line__55.
# EXECUTION:: NOTE   : Simulation time : 2710000 ps.  Data written: 17, in Reg = 5
# EXECUTION:: Time: 2710 ns,  Iteration: 1,  Instance: /testbench/uut/INT_Register_bank,  Process: line__55.
# EXECUTION:: NOTE   : Simulation time : 2720000 ps.  Data written: 246, in Reg = 7
# EXECUTION:: Time: 2720 ns,  Iteration: 1,  Instance: /testbench/uut/INT_Register_bank,  Process: line__55.
# EXECUTION:: NOTE   : Simulation time : 2735000 ps.  Data written: 223, in ADDR = 0
# EXECUTION:: Time: 2735 ns,  Iteration: 1,  Instance: /testbench/uut/Mem_D,  Process: line__79.
# EXECUTION:: NOTE   : Simulation time : 2750000 ps.  Data written: 1, in Reg = 1
# EXECUTION:: Time: 2750 ns,  Iteration: 1,  Instance: /testbench/uut/INT_Register_bank,  Process: line__55.
# EXECUTION:: NOTE   : Simulation time : 2760000 ps.  Data written: 2, in Reg = 2
# EXECUTION:: Time: 2760 ns,  Iteration: 1,  Instance: /testbench/uut/INT_Register_bank,  Process: line__55.
# EXECUTION:: NOTE   : Simulation time : 2770000 ps.  Data written: 0, in Reg = 4
# EXECUTION:: Time: 2770 ns,  Iteration: 1,  Instance: /testbench/uut/INT_Register_bank,  Process: line__55.
# EXECUTION:: NOTE   : Simulation time : 2780000 ps.  Data written: 24, in Reg = 6
# EXECUTION:: Time: 2780 ns,  Iteration: 1,  Instance: /testbench/uut/INT_Register_bank,  Process: line__55.
# EXECUTION:: NOTE   : Simulation time : 2800000 ps.  Data written: 18, in Reg = 5
# EXECUTION:: Time: 2800 ns,  Iteration: 1,  Instance: /testbench/uut/INT_Register_bank,  Process: line__55.
# EXECUTION:: NOTE   : Simulation time : 2810000 ps.  Data written: 270, in Reg = 7
# EXECUTION:: Time: 2810 ns,  Iteration: 1,  Instance: /testbench/uut/INT_Register_bank,  Process: line__55.
# EXECUTION:: NOTE   : Simulation time : 2825000 ps.  Data written: 246, in ADDR = 0
# EXECUTION:: Time: 2825 ns,  Iteration: 1,  Instance: /testbench/uut/Mem_D,  Process: line__79.
# EXECUTION:: NOTE   : Simulation time : 2840000 ps.  Data written: 1, in Reg = 1
# EXECUTION:: Time: 2840 ns,  Iteration: 1,  Instance: /testbench/uut/INT_Register_bank,  Process: line__55.
# EXECUTION:: NOTE   : Simulation time : 2850000 ps.  Data written: 2, in Reg = 2
# EXECUTION:: Time: 2850 ns,  Iteration: 1,  Instance: /testbench/uut/INT_Register_bank,  Process: line__55.
# EXECUTION:: NOTE   : Simulation time : 2860000 ps.  Data written: 0, in Reg = 4
# EXECUTION:: Time: 2860 ns,  Iteration: 1,  Instance: /testbench/uut/INT_Register_bank,  Process: line__55.
# EXECUTION:: NOTE   : Simulation time : 2870000 ps.  Data written: 25, in Reg = 6
# EXECUTION:: Time: 2870 ns,  Iteration: 1,  Instance: /testbench/uut/INT_Register_bank,  Process: line__55.
# EXECUTION:: NOTE   : Simulation time : 2890000 ps.  Data written: 19, in Reg = 5
# EXECUTION:: Time: 2890 ns,  Iteration: 1,  Instance: /testbench/uut/INT_Register_bank,  Process: line__55.
# EXECUTION:: NOTE   : Simulation time : 2900000 ps.  Data written: 295, in Reg = 7
# EXECUTION:: Time: 2900 ns,  Iteration: 1,  Instance: /testbench/uut/INT_Register_bank,  Process: line__55.
# EXECUTION:: NOTE   : Simulation time : 2915000 ps.  Data written: 270, in ADDR = 0
# EXECUTION:: Time: 2915 ns,  Iteration: 1,  Instance: /testbench/uut/Mem_D,  Process: line__79.
# EXECUTION:: NOTE   : Simulation time : 2930000 ps.  Data written: 1, in Reg = 1
# EXECUTION:: Time: 2930 ns,  Iteration: 1,  Instance: /testbench/uut/INT_Register_bank,  Process: line__55.
# EXECUTION:: NOTE   : Simulation time : 2940000 ps.  Data written: 2, in Reg = 2
# EXECUTION:: Time: 2940 ns,  Iteration: 1,  Instance: /testbench/uut/INT_Register_bank,  Process: line__55.
# EXECUTION:: NOTE   : Simulation time : 2950000 ps.  Data written: 0, in Reg = 4
# EXECUTION:: Time: 2950 ns,  Iteration: 1,  Instance: /testbench/uut/INT_Register_bank,  Process: line__55.
# EXECUTION:: NOTE   : Simulation time : 2960000 ps.  Data written: 26, in Reg = 6
# EXECUTION:: Time: 2960 ns,  Iteration: 1,  Instance: /testbench/uut/INT_Register_bank,  Process: line__55.
# EXECUTION:: NOTE   : Simulation time : 2980000 ps.  Data written: 20, in Reg = 5
# EXECUTION:: Time: 2980 ns,  Iteration: 1,  Instance: /testbench/uut/INT_Register_bank,  Process: line__55.
# EXECUTION:: NOTE   : Simulation time : 2990000 ps.  Data written: 321, in Reg = 7
# EXECUTION:: Time: 2990 ns,  Iteration: 1,  Instance: /testbench/uut/INT_Register_bank,  Process: line__55.
# EXECUTION:: NOTE   : Simulation time : 3005000 ps.  Data written: 295, in ADDR = 0
# EXECUTION:: Time: 3005 ns,  Iteration: 1,  Instance: /testbench/uut/Mem_D,  Process: line__79.
# EXECUTION:: NOTE   : Simulation time : 3020000 ps.  Data written: 1, in Reg = 1
# EXECUTION:: Time: 3020 ns,  Iteration: 1,  Instance: /testbench/uut/INT_Register_bank,  Process: line__55.
# EXECUTION:: NOTE   : Simulation time : 3030000 ps.  Data written: 2, in Reg = 2
# EXECUTION:: Time: 3030 ns,  Iteration: 1,  Instance: /testbench/uut/INT_Register_bank,  Process: line__55.
# EXECUTION:: NOTE   : Simulation time : 3040000 ps.  Data written: 0, in Reg = 4
# EXECUTION:: Time: 3040 ns,  Iteration: 1,  Instance: /testbench/uut/INT_Register_bank,  Process: line__55.
# EXECUTION:: NOTE   : Simulation time : 3050000 ps.  Data written: 27, in Reg = 6
# EXECUTION:: Time: 3050 ns,  Iteration: 1,  Instance: /testbench/uut/INT_Register_bank,  Process: line__55.
# EXECUTION:: NOTE   : Simulation time : 3070000 ps.  Data written: 21, in Reg = 5
# EXECUTION:: Time: 3070 ns,  Iteration: 1,  Instance: /testbench/uut/INT_Register_bank,  Process: line__55.
# EXECUTION:: NOTE   : Simulation time : 3080000 ps.  Data written: 348, in Reg = 7
# EXECUTION:: Time: 3080 ns,  Iteration: 1,  Instance: /testbench/uut/INT_Register_bank,  Process: line__55.
# EXECUTION:: NOTE   : Simulation time : 3095000 ps.  Data written: 321, in ADDR = 0
# EXECUTION:: Time: 3095 ns,  Iteration: 1,  Instance: /testbench/uut/Mem_D,  Process: line__79.
# EXECUTION:: NOTE   : Simulation time : 3110000 ps.  Data written: 1, in Reg = 1
# EXECUTION:: Time: 3110 ns,  Iteration: 1,  Instance: /testbench/uut/INT_Register_bank,  Process: line__55.
# EXECUTION:: NOTE   : Simulation time : 3120000 ps.  Data written: 2, in Reg = 2
# EXECUTION:: Time: 3120 ns,  Iteration: 1,  Instance: /testbench/uut/INT_Register_bank,  Process: line__55.
# EXECUTION:: NOTE   : Simulation time : 3130000 ps.  Data written: 0, in Reg = 4
# EXECUTION:: Time: 3130 ns,  Iteration: 1,  Instance: /testbench/uut/INT_Register_bank,  Process: line__55.
# EXECUTION:: NOTE   : Simulation time : 3140000 ps.  Data written: 28, in Reg = 6
# EXECUTION:: Time: 3140 ns,  Iteration: 1,  Instance: /testbench/uut/INT_Register_bank,  Process: line__55.
# EXECUTION:: NOTE   : Simulation time : 3160000 ps.  Data written: 22, in Reg = 5
# EXECUTION:: Time: 3160 ns,  Iteration: 1,  Instance: /testbench/uut/INT_Register_bank,  Process: line__55.
# EXECUTION:: NOTE   : Simulation time : 3170000 ps.  Data written: 376, in Reg = 7
# EXECUTION:: Time: 3170 ns,  Iteration: 1,  Instance: /testbench/uut/INT_Register_bank,  Process: line__55.
# EXECUTION:: NOTE   : Simulation time : 3185000 ps.  Data written: 348, in ADDR = 0
# EXECUTION:: Time: 3185 ns,  Iteration: 1,  Instance: /testbench/uut/Mem_D,  Process: line__79.
# EXECUTION:: NOTE   : Simulation time : 3200000 ps.  Data written: 1, in Reg = 1
# EXECUTION:: Time: 3200 ns,  Iteration: 1,  Instance: /testbench/uut/INT_Register_bank,  Process: line__55.
# EXECUTION:: NOTE   : Simulation time : 3210000 ps.  Data written: 2, in Reg = 2
# EXECUTION:: Time: 3210 ns,  Iteration: 1,  Instance: /testbench/uut/INT_Register_bank,  Process: line__55.
# EXECUTION:: NOTE   : Simulation time : 3220000 ps.  Data written: 0, in Reg = 4
# EXECUTION:: Time: 3220 ns,  Iteration: 1,  Instance: /testbench/uut/INT_Register_bank,  Process: line__55.
# EXECUTION:: NOTE   : Simulation time : 3230000 ps.  Data written: 29, in Reg = 6
# EXECUTION:: Time: 3230 ns,  Iteration: 1,  Instance: /testbench/uut/INT_Register_bank,  Process: line__55.
# EXECUTION:: NOTE   : Simulation time : 3250000 ps.  Data written: 23, in Reg = 5
# EXECUTION:: Time: 3250 ns,  Iteration: 1,  Instance: /testbench/uut/INT_Register_bank,  Process: line__55.
# EXECUTION:: NOTE   : Simulation time : 3260000 ps.  Data written: 405, in Reg = 7
# EXECUTION:: Time: 3260 ns,  Iteration: 1,  Instance: /testbench/uut/INT_Register_bank,  Process: line__55.
# EXECUTION:: NOTE   : Simulation time : 3275000 ps.  Data written: 376, in ADDR = 0
# EXECUTION:: Time: 3275 ns,  Iteration: 1,  Instance: /testbench/uut/Mem_D,  Process: line__79.
# EXECUTION:: NOTE   : Simulation time : 3290000 ps.  Data written: 1, in Reg = 1
# EXECUTION:: Time: 3290 ns,  Iteration: 1,  Instance: /testbench/uut/INT_Register_bank,  Process: line__55.
# EXECUTION:: NOTE   : Simulation time : 3300000 ps.  Data written: 2, in Reg = 2
# EXECUTION:: Time: 3300 ns,  Iteration: 1,  Instance: /testbench/uut/INT_Register_bank,  Process: line__55.
# EXECUTION:: NOTE   : Simulation time : 3310000 ps.  Data written: 0, in Reg = 4
# EXECUTION:: Time: 3310 ns,  Iteration: 1,  Instance: /testbench/uut/INT_Register_bank,  Process: line__55.
# EXECUTION:: NOTE   : Simulation time : 3320000 ps.  Data written: 30, in Reg = 6
# EXECUTION:: Time: 3320 ns,  Iteration: 1,  Instance: /testbench/uut/INT_Register_bank,  Process: line__55.
# EXECUTION:: NOTE   : Simulation time : 3340000 ps.  Data written: 24, in Reg = 5
# EXECUTION:: Time: 3340 ns,  Iteration: 1,  Instance: /testbench/uut/INT_Register_bank,  Process: line__55.
# EXECUTION:: NOTE   : Simulation time : 3350000 ps.  Data written: 435, in Reg = 7
# EXECUTION:: Time: 3350 ns,  Iteration: 1,  Instance: /testbench/uut/INT_Register_bank,  Process: line__55.
# EXECUTION:: NOTE   : Simulation time : 3365000 ps.  Data written: 405, in ADDR = 0
# EXECUTION:: Time: 3365 ns,  Iteration: 1,  Instance: /testbench/uut/Mem_D,  Process: line__79.
# EXECUTION:: NOTE   : Simulation time : 3380000 ps.  Data written: 1, in Reg = 1
# EXECUTION:: Time: 3380 ns,  Iteration: 1,  Instance: /testbench/uut/INT_Register_bank,  Process: line__55.
# EXECUTION:: NOTE   : Simulation time : 3390000 ps.  Data written: 2, in Reg = 2
# EXECUTION:: Time: 3390 ns,  Iteration: 1,  Instance: /testbench/uut/INT_Register_bank,  Process: line__55.
# EXECUTION:: NOTE   : Simulation time : 3400000 ps.  Data written: 0, in Reg = 4
# EXECUTION:: Time: 3400 ns,  Iteration: 1,  Instance: /testbench/uut/INT_Register_bank,  Process: line__55.
# EXECUTION:: NOTE   : Simulation time : 3410000 ps.  Data written: 31, in Reg = 6
# EXECUTION:: Time: 3410 ns,  Iteration: 1,  Instance: /testbench/uut/INT_Register_bank,  Process: line__55.
# EXECUTION:: NOTE   : Simulation time : 3430000 ps.  Data written: 25, in Reg = 5
# EXECUTION:: Time: 3430 ns,  Iteration: 1,  Instance: /testbench/uut/INT_Register_bank,  Process: line__55.
# EXECUTION:: NOTE   : Simulation time : 3440000 ps.  Data written: 466, in Reg = 7
# EXECUTION:: Time: 3440 ns,  Iteration: 1,  Instance: /testbench/uut/INT_Register_bank,  Process: line__55.
# EXECUTION:: NOTE   : Simulation time : 3455000 ps.  Data written: 435, in ADDR = 0
# EXECUTION:: Time: 3455 ns,  Iteration: 1,  Instance: /testbench/uut/Mem_D,  Process: line__79.
# EXECUTION:: NOTE   : Simulation time : 3470000 ps.  Data written: 1, in Reg = 1
# EXECUTION:: Time: 3470 ns,  Iteration: 1,  Instance: /testbench/uut/INT_Register_bank,  Process: line__55.
# EXECUTION:: NOTE   : Simulation time : 3480000 ps.  Data written: 2, in Reg = 2
# EXECUTION:: Time: 3480 ns,  Iteration: 1,  Instance: /testbench/uut/INT_Register_bank,  Process: line__55.
# EXECUTION:: NOTE   : Simulation time : 3490000 ps.  Data written: 0, in Reg = 4
# EXECUTION:: Time: 3490 ns,  Iteration: 1,  Instance: /testbench/uut/INT_Register_bank,  Process: line__55.
# EXECUTION:: NOTE   : Simulation time : 3500000 ps.  Data written: 32, in Reg = 6
# EXECUTION:: Time: 3500 ns,  Iteration: 1,  Instance: /testbench/uut/INT_Register_bank,  Process: line__55.
# EXECUTION:: NOTE   : Simulation time : 3520000 ps.  Data written: 26, in Reg = 5
# EXECUTION:: Time: 3520 ns,  Iteration: 1,  Instance: /testbench/uut/INT_Register_bank,  Process: line__55.
# EXECUTION:: NOTE   : Simulation time : 3530000 ps.  Data written: 498, in Reg = 7
# EXECUTION:: Time: 3530 ns,  Iteration: 1,  Instance: /testbench/uut/INT_Register_bank,  Process: line__55.
# EXECUTION:: NOTE   : Simulation time : 3545000 ps.  Data written: 466, in ADDR = 0
# EXECUTION:: Time: 3545 ns,  Iteration: 1,  Instance: /testbench/uut/Mem_D,  Process: line__79.
# EXECUTION:: NOTE   : Simulation time : 3560000 ps.  Data written: 1, in Reg = 1
# EXECUTION:: Time: 3560 ns,  Iteration: 1,  Instance: /testbench/uut/INT_Register_bank,  Process: line__55.
# EXECUTION:: NOTE   : Simulation time : 3570000 ps.  Data written: 2, in Reg = 2
# EXECUTION:: Time: 3570 ns,  Iteration: 1,  Instance: /testbench/uut/INT_Register_bank,  Process: line__55.
# EXECUTION:: NOTE   : Simulation time : 3580000 ps.  Data written: 0, in Reg = 4
# EXECUTION:: Time: 3580 ns,  Iteration: 1,  Instance: /testbench/uut/INT_Register_bank,  Process: line__55.
# EXECUTION:: NOTE   : Simulation time : 3590000 ps.  Data written: 33, in Reg = 6
# EXECUTION:: Time: 3590 ns,  Iteration: 1,  Instance: /testbench/uut/INT_Register_bank,  Process: line__55.
# EXECUTION:: NOTE   : Simulation time : 3610000 ps.  Data written: 27, in Reg = 5
# EXECUTION:: Time: 3610 ns,  Iteration: 1,  Instance: /testbench/uut/INT_Register_bank,  Process: line__55.
# EXECUTION:: NOTE   : Simulation time : 3620000 ps.  Data written: 531, in Reg = 7
# EXECUTION:: Time: 3620 ns,  Iteration: 1,  Instance: /testbench/uut/INT_Register_bank,  Process: line__55.
# EXECUTION:: NOTE   : Simulation time : 3635000 ps.  Data written: 498, in ADDR = 0
# EXECUTION:: Time: 3635 ns,  Iteration: 1,  Instance: /testbench/uut/Mem_D,  Process: line__79.
# EXECUTION:: NOTE   : Simulation time : 3650000 ps.  Data written: 1, in Reg = 1
# EXECUTION:: Time: 3650 ns,  Iteration: 1,  Instance: /testbench/uut/INT_Register_bank,  Process: line__55.
# EXECUTION:: NOTE   : Simulation time : 3660000 ps.  Data written: 2, in Reg = 2
# EXECUTION:: Time: 3660 ns,  Iteration: 1,  Instance: /testbench/uut/INT_Register_bank,  Process: line__55.
# EXECUTION:: NOTE   : Simulation time : 3670000 ps.  Data written: 0, in Reg = 4
# EXECUTION:: Time: 3670 ns,  Iteration: 1,  Instance: /testbench/uut/INT_Register_bank,  Process: line__55.
# EXECUTION:: NOTE   : Simulation time : 3680000 ps.  Data written: 34, in Reg = 6
# EXECUTION:: Time: 3680 ns,  Iteration: 1,  Instance: /testbench/uut/INT_Register_bank,  Process: line__55.
# EXECUTION:: NOTE   : Simulation time : 3700000 ps.  Data written: 28, in Reg = 5
# EXECUTION:: Time: 3700 ns,  Iteration: 1,  Instance: /testbench/uut/INT_Register_bank,  Process: line__55.
# EXECUTION:: NOTE   : Simulation time : 3710000 ps.  Data written: 565, in Reg = 7
# EXECUTION:: Time: 3710 ns,  Iteration: 1,  Instance: /testbench/uut/INT_Register_bank,  Process: line__55.
# EXECUTION:: NOTE   : Simulation time : 3725000 ps.  Data written: 531, in ADDR = 0
# EXECUTION:: Time: 3725 ns,  Iteration: 1,  Instance: /testbench/uut/Mem_D,  Process: line__79.
# EXECUTION:: NOTE   : Simulation time : 3740000 ps.  Data written: 1, in Reg = 1
# EXECUTION:: Time: 3740 ns,  Iteration: 1,  Instance: /testbench/uut/INT_Register_bank,  Process: line__55.
# EXECUTION:: NOTE   : Simulation time : 3750000 ps.  Data written: 2, in Reg = 2
# EXECUTION:: Time: 3750 ns,  Iteration: 1,  Instance: /testbench/uut/INT_Register_bank,  Process: line__55.
# EXECUTION:: NOTE   : Simulation time : 3760000 ps.  Data written: 0, in Reg = 4
# EXECUTION:: Time: 3760 ns,  Iteration: 1,  Instance: /testbench/uut/INT_Register_bank,  Process: line__55.
# EXECUTION:: NOTE   : Simulation time : 3770000 ps.  Data written: 35, in Reg = 6
# EXECUTION:: Time: 3770 ns,  Iteration: 1,  Instance: /testbench/uut/INT_Register_bank,  Process: line__55.
# EXECUTION:: NOTE   : Simulation time : 3790000 ps.  Data written: 29, in Reg = 5
# EXECUTION:: Time: 3790 ns,  Iteration: 1,  Instance: /testbench/uut/INT_Register_bank,  Process: line__55.
# EXECUTION:: NOTE   : Simulation time : 3800000 ps.  Data written: 600, in Reg = 7
# EXECUTION:: Time: 3800 ns,  Iteration: 1,  Instance: /testbench/uut/INT_Register_bank,  Process: line__55.
# EXECUTION:: NOTE   : Simulation time : 3815000 ps.  Data written: 565, in ADDR = 0
# EXECUTION:: Time: 3815 ns,  Iteration: 1,  Instance: /testbench/uut/Mem_D,  Process: line__79.
# EXECUTION:: NOTE   : Simulation time : 3830000 ps.  Data written: 1, in Reg = 1
# EXECUTION:: Time: 3830 ns,  Iteration: 1,  Instance: /testbench/uut/INT_Register_bank,  Process: line__55.
# EXECUTION:: NOTE   : Simulation time : 3840000 ps.  Data written: 2, in Reg = 2
# EXECUTION:: Time: 3840 ns,  Iteration: 1,  Instance: /testbench/uut/INT_Register_bank,  Process: line__55.
# EXECUTION:: NOTE   : Simulation time : 3850000 ps.  Data written: 0, in Reg = 4
# EXECUTION:: Time: 3850 ns,  Iteration: 1,  Instance: /testbench/uut/INT_Register_bank,  Process: line__55.
# EXECUTION:: NOTE   : Simulation time : 3860000 ps.  Data written: 36, in Reg = 6
# EXECUTION:: Time: 3860 ns,  Iteration: 1,  Instance: /testbench/uut/INT_Register_bank,  Process: line__55.
# EXECUTION:: NOTE   : Simulation time : 3880000 ps.  Data written: 30, in Reg = 5
# EXECUTION:: Time: 3880 ns,  Iteration: 1,  Instance: /testbench/uut/INT_Register_bank,  Process: line__55.
# EXECUTION:: NOTE   : Simulation time : 3890000 ps.  Data written: 636, in Reg = 7
# EXECUTION:: Time: 3890 ns,  Iteration: 1,  Instance: /testbench/uut/INT_Register_bank,  Process: line__55.
# EXECUTION:: NOTE   : Simulation time : 3905000 ps.  Data written: 600, in ADDR = 0
# EXECUTION:: Time: 3905 ns,  Iteration: 1,  Instance: /testbench/uut/Mem_D,  Process: line__79.
# EXECUTION:: NOTE   : Simulation time : 3920000 ps.  Data written: 1, in Reg = 1
# EXECUTION:: Time: 3920 ns,  Iteration: 1,  Instance: /testbench/uut/INT_Register_bank,  Process: line__55.
# EXECUTION:: NOTE   : Simulation time : 3930000 ps.  Data written: 2, in Reg = 2
# EXECUTION:: Time: 3930 ns,  Iteration: 1,  Instance: /testbench/uut/INT_Register_bank,  Process: line__55.
# EXECUTION:: NOTE   : Simulation time : 3940000 ps.  Data written: 0, in Reg = 4
# EXECUTION:: Time: 3940 ns,  Iteration: 1,  Instance: /testbench/uut/INT_Register_bank,  Process: line__55.
# EXECUTION:: NOTE   : Simulation time : 3950000 ps.  Data written: 37, in Reg = 6
# EXECUTION:: Time: 3950 ns,  Iteration: 1,  Instance: /testbench/uut/INT_Register_bank,  Process: line__55.
# EXECUTION:: NOTE   : Simulation time : 3970000 ps.  Data written: 31, in Reg = 5
# EXECUTION:: Time: 3970 ns,  Iteration: 1,  Instance: /testbench/uut/INT_Register_bank,  Process: line__55.
# EXECUTION:: NOTE   : Simulation time : 3980000 ps.  Data written: 673, in Reg = 7
# EXECUTION:: Time: 3980 ns,  Iteration: 1,  Instance: /testbench/uut/INT_Register_bank,  Process: line__55.
# EXECUTION:: NOTE   : Simulation time : 3995000 ps.  Data written: 636, in ADDR = 0
# EXECUTION:: Time: 3995 ns,  Iteration: 1,  Instance: /testbench/uut/Mem_D,  Process: line__79.
# EXECUTION:: NOTE   : Simulation time : 4010000 ps.  Data written: 1, in Reg = 1
# EXECUTION:: Time: 4010 ns,  Iteration: 1,  Instance: /testbench/uut/INT_Register_bank,  Process: line__55.
# EXECUTION:: NOTE   : Simulation time : 4020000 ps.  Data written: 2, in Reg = 2
# EXECUTION:: Time: 4020 ns,  Iteration: 1,  Instance: /testbench/uut/INT_Register_bank,  Process: line__55.
# EXECUTION:: NOTE   : Simulation time : 4030000 ps.  Data written: 0, in Reg = 4
# EXECUTION:: Time: 4030 ns,  Iteration: 1,  Instance: /testbench/uut/INT_Register_bank,  Process: line__55.
# EXECUTION:: NOTE   : Simulation time : 4040000 ps.  Data written: 38, in Reg = 6
# EXECUTION:: Time: 4040 ns,  Iteration: 1,  Instance: /testbench/uut/INT_Register_bank,  Process: line__55.
# EXECUTION:: NOTE   : Simulation time : 4060000 ps.  Data written: 32, in Reg = 5
# EXECUTION:: Time: 4060 ns,  Iteration: 1,  Instance: /testbench/uut/INT_Register_bank,  Process: line__55.
# EXECUTION:: NOTE   : Simulation time : 4070000 ps.  Data written: 711, in Reg = 7
# EXECUTION:: Time: 4070 ns,  Iteration: 1,  Instance: /testbench/uut/INT_Register_bank,  Process: line__55.
# EXECUTION:: NOTE   : Simulation time : 4085000 ps.  Data written: 673, in ADDR = 0
# EXECUTION:: Time: 4085 ns,  Iteration: 1,  Instance: /testbench/uut/Mem_D,  Process: line__79.
# EXECUTION:: NOTE   : Simulation time : 4100000 ps.  Data written: 1, in Reg = 1
# EXECUTION:: Time: 4100 ns,  Iteration: 1,  Instance: /testbench/uut/INT_Register_bank,  Process: line__55.
# EXECUTION:: NOTE   : Simulation time : 4110000 ps.  Data written: 2, in Reg = 2
# EXECUTION:: Time: 4110 ns,  Iteration: 1,  Instance: /testbench/uut/INT_Register_bank,  Process: line__55.
# EXECUTION:: NOTE   : Simulation time : 4120000 ps.  Data written: 0, in Reg = 4
# EXECUTION:: Time: 4120 ns,  Iteration: 1,  Instance: /testbench/uut/INT_Register_bank,  Process: line__55.
# EXECUTION:: NOTE   : Simulation time : 4130000 ps.  Data written: 39, in Reg = 6
# EXECUTION:: Time: 4130 ns,  Iteration: 1,  Instance: /testbench/uut/INT_Register_bank,  Process: line__55.
# EXECUTION:: NOTE   : Simulation time : 4150000 ps.  Data written: 33, in Reg = 5
# EXECUTION:: Time: 4150 ns,  Iteration: 1,  Instance: /testbench/uut/INT_Register_bank,  Process: line__55.
# EXECUTION:: NOTE   : Simulation time : 4160000 ps.  Data written: 750, in Reg = 7
# EXECUTION:: Time: 4160 ns,  Iteration: 1,  Instance: /testbench/uut/INT_Register_bank,  Process: line__55.
# EXECUTION:: NOTE   : Simulation time : 4175000 ps.  Data written: 711, in ADDR = 0
# EXECUTION:: Time: 4175 ns,  Iteration: 1,  Instance: /testbench/uut/Mem_D,  Process: line__79.
# EXECUTION:: NOTE   : Simulation time : 4190000 ps.  Data written: 1, in Reg = 1
# EXECUTION:: Time: 4190 ns,  Iteration: 1,  Instance: /testbench/uut/INT_Register_bank,  Process: line__55.
# EXECUTION:: NOTE   : Simulation time : 4200000 ps.  Data written: 2, in Reg = 2
# EXECUTION:: Time: 4200 ns,  Iteration: 1,  Instance: /testbench/uut/INT_Register_bank,  Process: line__55.
# EXECUTION:: NOTE   : Simulation time : 4210000 ps.  Data written: 0, in Reg = 4
# EXECUTION:: Time: 4210 ns,  Iteration: 1,  Instance: /testbench/uut/INT_Register_bank,  Process: line__55.
# EXECUTION:: NOTE   : Simulation time : 4220000 ps.  Data written: 40, in Reg = 6
# EXECUTION:: Time: 4220 ns,  Iteration: 1,  Instance: /testbench/uut/INT_Register_bank,  Process: line__55.
# EXECUTION:: NOTE   : Simulation time : 4240000 ps.  Data written: 34, in Reg = 5
# EXECUTION:: Time: 4240 ns,  Iteration: 1,  Instance: /testbench/uut/INT_Register_bank,  Process: line__55.
# EXECUTION:: NOTE   : Simulation time : 4250000 ps.  Data written: 790, in Reg = 7
# EXECUTION:: Time: 4250 ns,  Iteration: 1,  Instance: /testbench/uut/INT_Register_bank,  Process: line__55.
# EXECUTION:: NOTE   : Simulation time : 4265000 ps.  Data written: 750, in ADDR = 0
# EXECUTION:: Time: 4265 ns,  Iteration: 1,  Instance: /testbench/uut/Mem_D,  Process: line__79.
# EXECUTION:: NOTE   : Simulation time : 4280000 ps.  Data written: 1, in Reg = 1
# EXECUTION:: Time: 4280 ns,  Iteration: 1,  Instance: /testbench/uut/INT_Register_bank,  Process: line__55.
# EXECUTION:: NOTE   : Simulation time : 4290000 ps.  Data written: 2, in Reg = 2
# EXECUTION:: Time: 4290 ns,  Iteration: 1,  Instance: /testbench/uut/INT_Register_bank,  Process: line__55.
# EXECUTION:: NOTE   : Simulation time : 4300000 ps.  Data written: 0, in Reg = 4
# EXECUTION:: Time: 4300 ns,  Iteration: 1,  Instance: /testbench/uut/INT_Register_bank,  Process: line__55.
# EXECUTION:: NOTE   : Simulation time : 4310000 ps.  Data written: 41, in Reg = 6
# EXECUTION:: Time: 4310 ns,  Iteration: 1,  Instance: /testbench/uut/INT_Register_bank,  Process: line__55.
# EXECUTION:: NOTE   : Simulation time : 4330000 ps.  Data written: 35, in Reg = 5
# EXECUTION:: Time: 4330 ns,  Iteration: 1,  Instance: /testbench/uut/INT_Register_bank,  Process: line__55.
# EXECUTION:: NOTE   : Simulation time : 4340000 ps.  Data written: 831, in Reg = 7
# EXECUTION:: Time: 4340 ns,  Iteration: 1,  Instance: /testbench/uut/INT_Register_bank,  Process: line__55.
# EXECUTION:: NOTE   : Simulation time : 4355000 ps.  Data written: 790, in ADDR = 0
# EXECUTION:: Time: 4355 ns,  Iteration: 1,  Instance: /testbench/uut/Mem_D,  Process: line__79.
# EXECUTION:: NOTE   : Simulation time : 4370000 ps.  Data written: 1, in Reg = 1
# EXECUTION:: Time: 4370 ns,  Iteration: 1,  Instance: /testbench/uut/INT_Register_bank,  Process: line__55.
# EXECUTION:: NOTE   : Simulation time : 4380000 ps.  Data written: 2, in Reg = 2
# EXECUTION:: Time: 4380 ns,  Iteration: 1,  Instance: /testbench/uut/INT_Register_bank,  Process: line__55.
# EXECUTION:: NOTE   : Simulation time : 4390000 ps.  Data written: 0, in Reg = 4
# EXECUTION:: Time: 4390 ns,  Iteration: 1,  Instance: /testbench/uut/INT_Register_bank,  Process: line__55.
# EXECUTION:: NOTE   : Simulation time : 4400000 ps.  Data written: 42, in Reg = 6
# EXECUTION:: Time: 4400 ns,  Iteration: 1,  Instance: /testbench/uut/INT_Register_bank,  Process: line__55.
# EXECUTION:: NOTE   : Simulation time : 4420000 ps.  Data written: 36, in Reg = 5
# EXECUTION:: Time: 4420 ns,  Iteration: 1,  Instance: /testbench/uut/INT_Register_bank,  Process: line__55.
# EXECUTION:: NOTE   : Simulation time : 4430000 ps.  Data written: 873, in Reg = 7
# EXECUTION:: Time: 4430 ns,  Iteration: 1,  Instance: /testbench/uut/INT_Register_bank,  Process: line__55.
# EXECUTION:: NOTE   : Simulation time : 4445000 ps.  Data written: 831, in ADDR = 0
# EXECUTION:: Time: 4445 ns,  Iteration: 1,  Instance: /testbench/uut/Mem_D,  Process: line__79.
# EXECUTION:: NOTE   : Simulation time : 4460000 ps.  Data written: 1, in Reg = 1
# EXECUTION:: Time: 4460 ns,  Iteration: 1,  Instance: /testbench/uut/INT_Register_bank,  Process: line__55.
# EXECUTION:: NOTE   : Simulation time : 4470000 ps.  Data written: 2, in Reg = 2
# EXECUTION:: Time: 4470 ns,  Iteration: 1,  Instance: /testbench/uut/INT_Register_bank,  Process: line__55.
# EXECUTION:: NOTE   : Simulation time : 4480000 ps.  Data written: 0, in Reg = 4
# EXECUTION:: Time: 4480 ns,  Iteration: 1,  Instance: /testbench/uut/INT_Register_bank,  Process: line__55.
# EXECUTION:: NOTE   : Simulation time : 4490000 ps.  Data written: 43, in Reg = 6
# EXECUTION:: Time: 4490 ns,  Iteration: 1,  Instance: /testbench/uut/INT_Register_bank,  Process: line__55.
# EXECUTION:: NOTE   : Simulation time : 4510000 ps.  Data written: 37, in Reg = 5
# EXECUTION:: Time: 4510 ns,  Iteration: 1,  Instance: /testbench/uut/INT_Register_bank,  Process: line__55.
# EXECUTION:: NOTE   : Simulation time : 4520000 ps.  Data written: 916, in Reg = 7
# EXECUTION:: Time: 4520 ns,  Iteration: 1,  Instance: /testbench/uut/INT_Register_bank,  Process: line__55.
# EXECUTION:: NOTE   : Simulation time : 4535000 ps.  Data written: 873, in ADDR = 0
# EXECUTION:: Time: 4535 ns,  Iteration: 1,  Instance: /testbench/uut/Mem_D,  Process: line__79.
# EXECUTION:: NOTE   : Simulation time : 4550000 ps.  Data written: 1, in Reg = 1
# EXECUTION:: Time: 4550 ns,  Iteration: 1,  Instance: /testbench/uut/INT_Register_bank,  Process: line__55.
# EXECUTION:: NOTE   : Simulation time : 4560000 ps.  Data written: 2, in Reg = 2
# EXECUTION:: Time: 4560 ns,  Iteration: 1,  Instance: /testbench/uut/INT_Register_bank,  Process: line__55.
# EXECUTION:: NOTE   : Simulation time : 4570000 ps.  Data written: 0, in Reg = 4
# EXECUTION:: Time: 4570 ns,  Iteration: 1,  Instance: /testbench/uut/INT_Register_bank,  Process: line__55.
# EXECUTION:: NOTE   : Simulation time : 4580000 ps.  Data written: 44, in Reg = 6
# EXECUTION:: Time: 4580 ns,  Iteration: 1,  Instance: /testbench/uut/INT_Register_bank,  Process: line__55.
# EXECUTION:: NOTE   : Simulation time : 4600000 ps.  Data written: 38, in Reg = 5
# EXECUTION:: Time: 4600 ns,  Iteration: 1,  Instance: /testbench/uut/INT_Register_bank,  Process: line__55.
# EXECUTION:: NOTE   : Simulation time : 4610000 ps.  Data written: 960, in Reg = 7
# EXECUTION:: Time: 4610 ns,  Iteration: 1,  Instance: /testbench/uut/INT_Register_bank,  Process: line__55.
# EXECUTION:: NOTE   : Simulation time : 4625000 ps.  Data written: 916, in ADDR = 0
# EXECUTION:: Time: 4625 ns,  Iteration: 1,  Instance: /testbench/uut/Mem_D,  Process: line__79.
# EXECUTION:: NOTE   : Simulation time : 4640000 ps.  Data written: 1, in Reg = 1
# EXECUTION:: Time: 4640 ns,  Iteration: 1,  Instance: /testbench/uut/INT_Register_bank,  Process: line__55.
# EXECUTION:: NOTE   : Simulation time : 4650000 ps.  Data written: 2, in Reg = 2
# EXECUTION:: Time: 4650 ns,  Iteration: 1,  Instance: /testbench/uut/INT_Register_bank,  Process: line__55.
# EXECUTION:: NOTE   : Simulation time : 4660000 ps.  Data written: 0, in Reg = 4
# EXECUTION:: Time: 4660 ns,  Iteration: 1,  Instance: /testbench/uut/INT_Register_bank,  Process: line__55.
# EXECUTION:: NOTE   : Simulation time : 4670000 ps.  Data written: 45, in Reg = 6
# EXECUTION:: Time: 4670 ns,  Iteration: 1,  Instance: /testbench/uut/INT_Register_bank,  Process: line__55.
# EXECUTION:: NOTE   : Simulation time : 4690000 ps.  Data written: 39, in Reg = 5
# EXECUTION:: Time: 4690 ns,  Iteration: 1,  Instance: /testbench/uut/INT_Register_bank,  Process: line__55.
# EXECUTION:: NOTE   : Simulation time : 4700000 ps.  Data written: 1005, in Reg = 7
# EXECUTION:: Time: 4700 ns,  Iteration: 1,  Instance: /testbench/uut/INT_Register_bank,  Process: line__55.
# EXECUTION:: NOTE   : Simulation time : 4715000 ps.  Data written: 960, in ADDR = 0
# EXECUTION:: Time: 4715 ns,  Iteration: 1,  Instance: /testbench/uut/Mem_D,  Process: line__79.
# EXECUTION:: NOTE   : Simulation time : 4730000 ps.  Data written: 1, in Reg = 1
# EXECUTION:: Time: 4730 ns,  Iteration: 1,  Instance: /testbench/uut/INT_Register_bank,  Process: line__55.
# EXECUTION:: NOTE   : Simulation time : 4740000 ps.  Data written: 2, in Reg = 2
# EXECUTION:: Time: 4740 ns,  Iteration: 1,  Instance: /testbench/uut/INT_Register_bank,  Process: line__55.
# EXECUTION:: NOTE   : Simulation time : 4750000 ps.  Data written: 0, in Reg = 4
# EXECUTION:: Time: 4750 ns,  Iteration: 1,  Instance: /testbench/uut/INT_Register_bank,  Process: line__55.
# EXECUTION:: NOTE   : Simulation time : 4760000 ps.  Data written: 46, in Reg = 6
# EXECUTION:: Time: 4760 ns,  Iteration: 1,  Instance: /testbench/uut/INT_Register_bank,  Process: line__55.
# EXECUTION:: NOTE   : Simulation time : 4780000 ps.  Data written: 40, in Reg = 5
# EXECUTION:: Time: 4780 ns,  Iteration: 1,  Instance: /testbench/uut/INT_Register_bank,  Process: line__55.
# EXECUTION:: NOTE   : Simulation time : 4790000 ps.  Data written: 1051, in Reg = 7
# EXECUTION:: Time: 4790 ns,  Iteration: 1,  Instance: /testbench/uut/INT_Register_bank,  Process: line__55.
# EXECUTION:: NOTE   : Simulation time : 4805000 ps.  Data written: 1005, in ADDR = 0
# EXECUTION:: Time: 4805 ns,  Iteration: 1,  Instance: /testbench/uut/Mem_D,  Process: line__79.
# EXECUTION:: NOTE   : Simulation time : 4820000 ps.  Data written: 1, in Reg = 1
# EXECUTION:: Time: 4820 ns,  Iteration: 1,  Instance: /testbench/uut/INT_Register_bank,  Process: line__55.
# EXECUTION:: NOTE   : Simulation time : 4830000 ps.  Data written: 2, in Reg = 2
# EXECUTION:: Time: 4830 ns,  Iteration: 1,  Instance: /testbench/uut/INT_Register_bank,  Process: line__55.
# EXECUTION:: NOTE   : Simulation time : 4840000 ps.  Data written: 0, in Reg = 4
# EXECUTION:: Time: 4840 ns,  Iteration: 1,  Instance: /testbench/uut/INT_Register_bank,  Process: line__55.
# EXECUTION:: NOTE   : Simulation time : 4850000 ps.  Data written: 47, in Reg = 6
# EXECUTION:: Time: 4850 ns,  Iteration: 1,  Instance: /testbench/uut/INT_Register_bank,  Process: line__55.
# EXECUTION:: NOTE   : Simulation time : 4870000 ps.  Data written: 41, in Reg = 5
# EXECUTION:: Time: 4870 ns,  Iteration: 1,  Instance: /testbench/uut/INT_Register_bank,  Process: line__55.
# EXECUTION:: NOTE   : Simulation time : 4880000 ps.  Data written: 1098, in Reg = 7
# EXECUTION:: Time: 4880 ns,  Iteration: 1,  Instance: /testbench/uut/INT_Register_bank,  Process: line__55.
# EXECUTION:: NOTE   : Simulation time : 4895000 ps.  Data written: 1051, in ADDR = 0
# EXECUTION:: Time: 4895 ns,  Iteration: 1,  Instance: /testbench/uut/Mem_D,  Process: line__79.
# EXECUTION:: NOTE   : Simulation time : 4910000 ps.  Data written: 1, in Reg = 1
# EXECUTION:: Time: 4910 ns,  Iteration: 1,  Instance: /testbench/uut/INT_Register_bank,  Process: line__55.
# EXECUTION:: NOTE   : Simulation time : 4920000 ps.  Data written: 2, in Reg = 2
# EXECUTION:: Time: 4920 ns,  Iteration: 1,  Instance: /testbench/uut/INT_Register_bank,  Process: line__55.
# EXECUTION:: NOTE   : Simulation time : 4930000 ps.  Data written: 0, in Reg = 4
# EXECUTION:: Time: 4930 ns,  Iteration: 1,  Instance: /testbench/uut/INT_Register_bank,  Process: line__55.
# EXECUTION:: NOTE   : Simulation time : 4940000 ps.  Data written: 48, in Reg = 6
# EXECUTION:: Time: 4940 ns,  Iteration: 1,  Instance: /testbench/uut/INT_Register_bank,  Process: line__55.
# EXECUTION:: NOTE   : Simulation time : 4960000 ps.  Data written: 42, in Reg = 5
# EXECUTION:: Time: 4960 ns,  Iteration: 1,  Instance: /testbench/uut/INT_Register_bank,  Process: line__55.
# EXECUTION:: NOTE   : Simulation time : 4970000 ps.  Data written: 1146, in Reg = 7
# EXECUTION:: Time: 4970 ns,  Iteration: 1,  Instance: /testbench/uut/INT_Register_bank,  Process: line__55.
# EXECUTION:: NOTE   : Simulation time : 4985000 ps.  Data written: 1098, in ADDR = 0
# EXECUTION:: Time: 4985 ns,  Iteration: 1,  Instance: /testbench/uut/Mem_D,  Process: line__79.
# EXECUTION:: NOTE   : Simulation time : 5000000 ps.  Data written: 1, in Reg = 1
# EXECUTION:: Time: 5 us,  Iteration: 1,  Instance: /testbench/uut/INT_Register_bank,  Process: line__55.
# EXECUTION:: NOTE   : Simulation time : 5010000 ps.  Data written: 2, in Reg = 2
# EXECUTION:: Time: 5010 ns,  Iteration: 1,  Instance: /testbench/uut/INT_Register_bank,  Process: line__55.
# EXECUTION:: NOTE   : Simulation time : 5020000 ps.  Data written: 0, in Reg = 4
# EXECUTION:: Time: 5020 ns,  Iteration: 1,  Instance: /testbench/uut/INT_Register_bank,  Process: line__55.
# EXECUTION:: NOTE   : Simulation time : 5030000 ps.  Data written: 49, in Reg = 6
# EXECUTION:: Time: 5030 ns,  Iteration: 1,  Instance: /testbench/uut/INT_Register_bank,  Process: line__55.
# EXECUTION:: NOTE   : Simulation time : 5050000 ps.  Data written: 43, in Reg = 5
# EXECUTION:: Time: 5050 ns,  Iteration: 1,  Instance: /testbench/uut/INT_Register_bank,  Process: line__55.
# EXECUTION:: NOTE   : Simulation time : 5060000 ps.  Data written: 1195, in Reg = 7
# EXECUTION:: Time: 5060 ns,  Iteration: 1,  Instance: /testbench/uut/INT_Register_bank,  Process: line__55.
# EXECUTION:: NOTE   : Simulation time : 5075000 ps.  Data written: 1146, in ADDR = 0
# EXECUTION:: Time: 5075 ns,  Iteration: 1,  Instance: /testbench/uut/Mem_D,  Process: line__79.
# EXECUTION:: NOTE   : Simulation time : 5090000 ps.  Data written: 1, in Reg = 1
# EXECUTION:: Time: 5090 ns,  Iteration: 1,  Instance: /testbench/uut/INT_Register_bank,  Process: line__55.
# EXECUTION:: NOTE   : Simulation time : 5100000 ps.  Data written: 2, in Reg = 2
# EXECUTION:: Time: 5100 ns,  Iteration: 1,  Instance: /testbench/uut/INT_Register_bank,  Process: line__55.
# EXECUTION:: NOTE   : Simulation time : 5110000 ps.  Data written: 0, in Reg = 4
# EXECUTION:: Time: 5110 ns,  Iteration: 1,  Instance: /testbench/uut/INT_Register_bank,  Process: line__55.
# EXECUTION:: NOTE   : Simulation time : 5120000 ps.  Data written: 50, in Reg = 6
# EXECUTION:: Time: 5120 ns,  Iteration: 1,  Instance: /testbench/uut/INT_Register_bank,  Process: line__55.
# EXECUTION:: NOTE   : Simulation time : 5140000 ps.  Data written: 44, in Reg = 5
# EXECUTION:: Time: 5140 ns,  Iteration: 1,  Instance: /testbench/uut/INT_Register_bank,  Process: line__55.
# EXECUTION:: NOTE   : Simulation time : 5150000 ps.  Data written: 1245, in Reg = 7
# EXECUTION:: Time: 5150 ns,  Iteration: 1,  Instance: /testbench/uut/INT_Register_bank,  Process: line__55.
# EXECUTION:: NOTE   : Simulation time : 5165000 ps.  Data written: 1195, in ADDR = 0
# EXECUTION:: Time: 5165 ns,  Iteration: 1,  Instance: /testbench/uut/Mem_D,  Process: line__79.
# EXECUTION:: NOTE   : Simulation time : 5180000 ps.  Data written: 1, in Reg = 1
# EXECUTION:: Time: 5180 ns,  Iteration: 1,  Instance: /testbench/uut/INT_Register_bank,  Process: line__55.
# EXECUTION:: NOTE   : Simulation time : 5190000 ps.  Data written: 2, in Reg = 2
# EXECUTION:: Time: 5190 ns,  Iteration: 1,  Instance: /testbench/uut/INT_Register_bank,  Process: line__55.
# EXECUTION:: NOTE   : Simulation time : 5200000 ps.  Data written: 0, in Reg = 4
# EXECUTION:: Time: 5200 ns,  Iteration: 1,  Instance: /testbench/uut/INT_Register_bank,  Process: line__55.
# EXECUTION:: NOTE   : Simulation time : 5210000 ps.  Data written: 51, in Reg = 6
# EXECUTION:: Time: 5210 ns,  Iteration: 1,  Instance: /testbench/uut/INT_Register_bank,  Process: line__55.
# EXECUTION:: NOTE   : Simulation time : 5230000 ps.  Data written: 45, in Reg = 5
# EXECUTION:: Time: 5230 ns,  Iteration: 1,  Instance: /testbench/uut/INT_Register_bank,  Process: line__55.
# EXECUTION:: NOTE   : Simulation time : 5240000 ps.  Data written: 1296, in Reg = 7
# EXECUTION:: Time: 5240 ns,  Iteration: 1,  Instance: /testbench/uut/INT_Register_bank,  Process: line__55.
# EXECUTION:: NOTE   : Simulation time : 5255000 ps.  Data written: 1245, in ADDR = 0
# EXECUTION:: Time: 5255 ns,  Iteration: 1,  Instance: /testbench/uut/Mem_D,  Process: line__79.
# EXECUTION:: NOTE   : Simulation time : 5270000 ps.  Data written: 1, in Reg = 1
# EXECUTION:: Time: 5270 ns,  Iteration: 1,  Instance: /testbench/uut/INT_Register_bank,  Process: line__55.
# EXECUTION:: NOTE   : Simulation time : 5280000 ps.  Data written: 2, in Reg = 2
# EXECUTION:: Time: 5280 ns,  Iteration: 1,  Instance: /testbench/uut/INT_Register_bank,  Process: line__55.
# EXECUTION:: NOTE   : Simulation time : 5290000 ps.  Data written: 0, in Reg = 4
# EXECUTION:: Time: 5290 ns,  Iteration: 1,  Instance: /testbench/uut/INT_Register_bank,  Process: line__55.
# EXECUTION:: NOTE   : Simulation time : 5300000 ps.  Data written: 52, in Reg = 6
# EXECUTION:: Time: 5300 ns,  Iteration: 1,  Instance: /testbench/uut/INT_Register_bank,  Process: line__55.
# EXECUTION:: NOTE   : Simulation time : 5320000 ps.  Data written: 46, in Reg = 5
# EXECUTION:: Time: 5320 ns,  Iteration: 1,  Instance: /testbench/uut/INT_Register_bank,  Process: line__55.
# EXECUTION:: NOTE   : Simulation time : 5330000 ps.  Data written: 1348, in Reg = 7
# EXECUTION:: Time: 5330 ns,  Iteration: 1,  Instance: /testbench/uut/INT_Register_bank,  Process: line__55.
# EXECUTION:: NOTE   : Simulation time : 5345000 ps.  Data written: 1296, in ADDR = 0
# EXECUTION:: Time: 5345 ns,  Iteration: 1,  Instance: /testbench/uut/Mem_D,  Process: line__79.
# EXECUTION:: NOTE   : Simulation time : 5360000 ps.  Data written: 1, in Reg = 1
# EXECUTION:: Time: 5360 ns,  Iteration: 1,  Instance: /testbench/uut/INT_Register_bank,  Process: line__55.
# EXECUTION:: NOTE   : Simulation time : 5370000 ps.  Data written: 2, in Reg = 2
# EXECUTION:: Time: 5370 ns,  Iteration: 1,  Instance: /testbench/uut/INT_Register_bank,  Process: line__55.
# EXECUTION:: NOTE   : Simulation time : 5380000 ps.  Data written: 0, in Reg = 4
# EXECUTION:: Time: 5380 ns,  Iteration: 1,  Instance: /testbench/uut/INT_Register_bank,  Process: line__55.
# EXECUTION:: NOTE   : Simulation time : 5390000 ps.  Data written: 53, in Reg = 6
# EXECUTION:: Time: 5390 ns,  Iteration: 1,  Instance: /testbench/uut/INT_Register_bank,  Process: line__55.
# EXECUTION:: NOTE   : Simulation time : 5410000 ps.  Data written: 47, in Reg = 5
# EXECUTION:: Time: 5410 ns,  Iteration: 1,  Instance: /testbench/uut/INT_Register_bank,  Process: line__55.
# EXECUTION:: NOTE   : Simulation time : 5420000 ps.  Data written: 1401, in Reg = 7
# EXECUTION:: Time: 5420 ns,  Iteration: 1,  Instance: /testbench/uut/INT_Register_bank,  Process: line__55.
# EXECUTION:: NOTE   : Simulation time : 5435000 ps.  Data written: 1348, in ADDR = 0
# EXECUTION:: Time: 5435 ns,  Iteration: 1,  Instance: /testbench/uut/Mem_D,  Process: line__79.
# EXECUTION:: NOTE   : Simulation time : 5450000 ps.  Data written: 1, in Reg = 1
# EXECUTION:: Time: 5450 ns,  Iteration: 1,  Instance: /testbench/uut/INT_Register_bank,  Process: line__55.
# EXECUTION:: NOTE   : Simulation time : 5460000 ps.  Data written: 2, in Reg = 2
# EXECUTION:: Time: 5460 ns,  Iteration: 1,  Instance: /testbench/uut/INT_Register_bank,  Process: line__55.
# EXECUTION:: NOTE   : Simulation time : 5470000 ps.  Data written: 0, in Reg = 4
# EXECUTION:: Time: 5470 ns,  Iteration: 1,  Instance: /testbench/uut/INT_Register_bank,  Process: line__55.
# EXECUTION:: NOTE   : Simulation time : 5480000 ps.  Data written: 54, in Reg = 6
# EXECUTION:: Time: 5480 ns,  Iteration: 1,  Instance: /testbench/uut/INT_Register_bank,  Process: line__55.
# EXECUTION:: NOTE   : Simulation time : 5500000 ps.  Data written: 48, in Reg = 5
# EXECUTION:: Time: 5500 ns,  Iteration: 1,  Instance: /testbench/uut/INT_Register_bank,  Process: line__55.
# EXECUTION:: NOTE   : Simulation time : 5510000 ps.  Data written: 1455, in Reg = 7
# EXECUTION:: Time: 5510 ns,  Iteration: 1,  Instance: /testbench/uut/INT_Register_bank,  Process: line__55.
# EXECUTION:: NOTE   : Simulation time : 5525000 ps.  Data written: 1401, in ADDR = 0
# EXECUTION:: Time: 5525 ns,  Iteration: 1,  Instance: /testbench/uut/Mem_D,  Process: line__79.
# EXECUTION:: NOTE   : Simulation time : 5540000 ps.  Data written: 1, in Reg = 1
# EXECUTION:: Time: 5540 ns,  Iteration: 1,  Instance: /testbench/uut/INT_Register_bank,  Process: line__55.
# EXECUTION:: NOTE   : Simulation time : 5550000 ps.  Data written: 2, in Reg = 2
# EXECUTION:: Time: 5550 ns,  Iteration: 1,  Instance: /testbench/uut/INT_Register_bank,  Process: line__55.
# EXECUTION:: NOTE   : Simulation time : 5560000 ps.  Data written: 0, in Reg = 4
# EXECUTION:: Time: 5560 ns,  Iteration: 1,  Instance: /testbench/uut/INT_Register_bank,  Process: line__55.
# EXECUTION:: NOTE   : Simulation time : 5570000 ps.  Data written: 55, in Reg = 6
# EXECUTION:: Time: 5570 ns,  Iteration: 1,  Instance: /testbench/uut/INT_Register_bank,  Process: line__55.
# EXECUTION:: NOTE   : Simulation time : 5590000 ps.  Data written: 49, in Reg = 5
# EXECUTION:: Time: 5590 ns,  Iteration: 1,  Instance: /testbench/uut/INT_Register_bank,  Process: line__55.
# EXECUTION:: NOTE   : Simulation time : 5600000 ps.  Data written: 1510, in Reg = 7
# EXECUTION:: Time: 5600 ns,  Iteration: 1,  Instance: /testbench/uut/INT_Register_bank,  Process: line__55.
# EXECUTION:: NOTE   : Simulation time : 5615000 ps.  Data written: 1455, in ADDR = 0
# EXECUTION:: Time: 5615 ns,  Iteration: 1,  Instance: /testbench/uut/Mem_D,  Process: line__79.
# EXECUTION:: NOTE   : Simulation time : 5630000 ps.  Data written: 1, in Reg = 1
# EXECUTION:: Time: 5630 ns,  Iteration: 1,  Instance: /testbench/uut/INT_Register_bank,  Process: line__55.
# EXECUTION:: NOTE   : Simulation time : 5640000 ps.  Data written: 2, in Reg = 2
# EXECUTION:: Time: 5640 ns,  Iteration: 1,  Instance: /testbench/uut/INT_Register_bank,  Process: line__55.
# EXECUTION:: NOTE   : Simulation time : 5650000 ps.  Data written: 0, in Reg = 4
# EXECUTION:: Time: 5650 ns,  Iteration: 1,  Instance: /testbench/uut/INT_Register_bank,  Process: line__55.
# EXECUTION:: NOTE   : Simulation time : 5660000 ps.  Data written: 56, in Reg = 6
# EXECUTION:: Time: 5660 ns,  Iteration: 1,  Instance: /testbench/uut/INT_Register_bank,  Process: line__55.
# EXECUTION:: NOTE   : Simulation time : 5680000 ps.  Data written: 50, in Reg = 5
# EXECUTION:: Time: 5680 ns,  Iteration: 1,  Instance: /testbench/uut/INT_Register_bank,  Process: line__55.
# EXECUTION:: NOTE   : Simulation time : 5690000 ps.  Data written: 1566, in Reg = 7
# EXECUTION:: Time: 5690 ns,  Iteration: 1,  Instance: /testbench/uut/INT_Register_bank,  Process: line__55.
# EXECUTION:: NOTE   : Simulation time : 5705000 ps.  Data written: 1510, in ADDR = 0
# EXECUTION:: Time: 5705 ns,  Iteration: 1,  Instance: /testbench/uut/Mem_D,  Process: line__79.
# EXECUTION:: NOTE   : Simulation time : 5720000 ps.  Data written: 1, in Reg = 1
# EXECUTION:: Time: 5720 ns,  Iteration: 1,  Instance: /testbench/uut/INT_Register_bank,  Process: line__55.
# EXECUTION:: NOTE   : Simulation time : 5730000 ps.  Data written: 2, in Reg = 2
# EXECUTION:: Time: 5730 ns,  Iteration: 1,  Instance: /testbench/uut/INT_Register_bank,  Process: line__55.
# EXECUTION:: NOTE   : Simulation time : 5740000 ps.  Data written: 0, in Reg = 4
# EXECUTION:: Time: 5740 ns,  Iteration: 1,  Instance: /testbench/uut/INT_Register_bank,  Process: line__55.
# EXECUTION:: NOTE   : Simulation time : 5750000 ps.  Data written: 57, in Reg = 6
# EXECUTION:: Time: 5750 ns,  Iteration: 1,  Instance: /testbench/uut/INT_Register_bank,  Process: line__55.
# EXECUTION:: NOTE   : Simulation time : 5770000 ps.  Data written: 51, in Reg = 5
# EXECUTION:: Time: 5770 ns,  Iteration: 1,  Instance: /testbench/uut/INT_Register_bank,  Process: line__55.
# EXECUTION:: NOTE   : Simulation time : 5780000 ps.  Data written: 1623, in Reg = 7
# EXECUTION:: Time: 5780 ns,  Iteration: 1,  Instance: /testbench/uut/INT_Register_bank,  Process: line__55.
# EXECUTION:: NOTE   : Simulation time : 5795000 ps.  Data written: 1566, in ADDR = 0
# EXECUTION:: Time: 5795 ns,  Iteration: 1,  Instance: /testbench/uut/Mem_D,  Process: line__79.
# EXECUTION:: NOTE   : Simulation time : 5810000 ps.  Data written: 1, in Reg = 1
# EXECUTION:: Time: 5810 ns,  Iteration: 1,  Instance: /testbench/uut/INT_Register_bank,  Process: line__55.
# EXECUTION:: NOTE   : Simulation time : 5820000 ps.  Data written: 2, in Reg = 2
# EXECUTION:: Time: 5820 ns,  Iteration: 1,  Instance: /testbench/uut/INT_Register_bank,  Process: line__55.
# EXECUTION:: NOTE   : Simulation time : 5830000 ps.  Data written: 0, in Reg = 4
# EXECUTION:: Time: 5830 ns,  Iteration: 1,  Instance: /testbench/uut/INT_Register_bank,  Process: line__55.
# EXECUTION:: NOTE   : Simulation time : 5840000 ps.  Data written: 58, in Reg = 6
# EXECUTION:: Time: 5840 ns,  Iteration: 1,  Instance: /testbench/uut/INT_Register_bank,  Process: line__55.
# EXECUTION:: NOTE   : Simulation time : 5860000 ps.  Data written: 52, in Reg = 5
# EXECUTION:: Time: 5860 ns,  Iteration: 1,  Instance: /testbench/uut/INT_Register_bank,  Process: line__55.
# EXECUTION:: NOTE   : Simulation time : 5870000 ps.  Data written: 1681, in Reg = 7
# EXECUTION:: Time: 5870 ns,  Iteration: 1,  Instance: /testbench/uut/INT_Register_bank,  Process: line__55.
# EXECUTION:: NOTE   : Simulation time : 5885000 ps.  Data written: 1623, in ADDR = 0
# EXECUTION:: Time: 5885 ns,  Iteration: 1,  Instance: /testbench/uut/Mem_D,  Process: line__79.
# EXECUTION:: NOTE   : Simulation time : 5900000 ps.  Data written: 1, in Reg = 1
# EXECUTION:: Time: 5900 ns,  Iteration: 1,  Instance: /testbench/uut/INT_Register_bank,  Process: line__55.
# EXECUTION:: NOTE   : Simulation time : 5910000 ps.  Data written: 2, in Reg = 2
# EXECUTION:: Time: 5910 ns,  Iteration: 1,  Instance: /testbench/uut/INT_Register_bank,  Process: line__55.
# EXECUTION:: NOTE   : Simulation time : 5920000 ps.  Data written: 0, in Reg = 4
# EXECUTION:: Time: 5920 ns,  Iteration: 1,  Instance: /testbench/uut/INT_Register_bank,  Process: line__55.
# EXECUTION:: NOTE   : Simulation time : 5930000 ps.  Data written: 59, in Reg = 6
# EXECUTION:: Time: 5930 ns,  Iteration: 1,  Instance: /testbench/uut/INT_Register_bank,  Process: line__55.
# EXECUTION:: NOTE   : Simulation time : 5950000 ps.  Data written: 53, in Reg = 5
# EXECUTION:: Time: 5950 ns,  Iteration: 1,  Instance: /testbench/uut/INT_Register_bank,  Process: line__55.
# EXECUTION:: NOTE   : Simulation time : 5960000 ps.  Data written: 1740, in Reg = 7
# EXECUTION:: Time: 5960 ns,  Iteration: 1,  Instance: /testbench/uut/INT_Register_bank,  Process: line__55.
# EXECUTION:: NOTE   : Simulation time : 5975000 ps.  Data written: 1681, in ADDR = 0
# EXECUTION:: Time: 5975 ns,  Iteration: 1,  Instance: /testbench/uut/Mem_D,  Process: line__79.
# EXECUTION:: NOTE   : Simulation time : 5990000 ps.  Data written: 1, in Reg = 1
# EXECUTION:: Time: 5990 ns,  Iteration: 1,  Instance: /testbench/uut/INT_Register_bank,  Process: line__55.
# EXECUTION:: NOTE   : Simulation time : 6000000 ps.  Data written: 2, in Reg = 2
# EXECUTION:: Time: 6 us,  Iteration: 1,  Instance: /testbench/uut/INT_Register_bank,  Process: line__55.
# EXECUTION:: NOTE   : Simulation time : 6010000 ps.  Data written: 0, in Reg = 4
# EXECUTION:: Time: 6010 ns,  Iteration: 1,  Instance: /testbench/uut/INT_Register_bank,  Process: line__55.
# EXECUTION:: NOTE   : Simulation time : 6020000 ps.  Data written: 60, in Reg = 6
# EXECUTION:: Time: 6020 ns,  Iteration: 1,  Instance: /testbench/uut/INT_Register_bank,  Process: line__55.
# EXECUTION:: NOTE   : Simulation time : 6040000 ps.  Data written: 54, in Reg = 5
# EXECUTION:: Time: 6040 ns,  Iteration: 1,  Instance: /testbench/uut/INT_Register_bank,  Process: line__55.
# EXECUTION:: NOTE   : Simulation time : 6050000 ps.  Data written: 1800, in Reg = 7
# EXECUTION:: Time: 6050 ns,  Iteration: 1,  Instance: /testbench/uut/INT_Register_bank,  Process: line__55.
# EXECUTION:: NOTE   : Simulation time : 6065000 ps.  Data written: 1740, in ADDR = 0
# EXECUTION:: Time: 6065 ns,  Iteration: 1,  Instance: /testbench/uut/Mem_D,  Process: line__79.
# EXECUTION:: NOTE   : Simulation time : 6080000 ps.  Data written: 1, in Reg = 1
# EXECUTION:: Time: 6080 ns,  Iteration: 1,  Instance: /testbench/uut/INT_Register_bank,  Process: line__55.
# EXECUTION:: NOTE   : Simulation time : 6090000 ps.  Data written: 2, in Reg = 2
# EXECUTION:: Time: 6090 ns,  Iteration: 1,  Instance: /testbench/uut/INT_Register_bank,  Process: line__55.
# EXECUTION:: NOTE   : Simulation time : 6100000 ps.  Data written: 0, in Reg = 4
# EXECUTION:: Time: 6100 ns,  Iteration: 1,  Instance: /testbench/uut/INT_Register_bank,  Process: line__55.
# EXECUTION:: NOTE   : Simulation time : 6110000 ps.  Data written: 61, in Reg = 6
# EXECUTION:: Time: 6110 ns,  Iteration: 1,  Instance: /testbench/uut/INT_Register_bank,  Process: line__55.
# EXECUTION:: NOTE   : Simulation time : 6130000 ps.  Data written: 55, in Reg = 5
# EXECUTION:: Time: 6130 ns,  Iteration: 1,  Instance: /testbench/uut/INT_Register_bank,  Process: line__55.
# EXECUTION:: NOTE   : Simulation time : 6140000 ps.  Data written: 1861, in Reg = 7
# EXECUTION:: Time: 6140 ns,  Iteration: 1,  Instance: /testbench/uut/INT_Register_bank,  Process: line__55.
# EXECUTION:: NOTE   : Simulation time : 6155000 ps.  Data written: 1800, in ADDR = 0
# EXECUTION:: Time: 6155 ns,  Iteration: 1,  Instance: /testbench/uut/Mem_D,  Process: line__79.
# EXECUTION:: NOTE   : Simulation time : 6170000 ps.  Data written: 1, in Reg = 1
# EXECUTION:: Time: 6170 ns,  Iteration: 1,  Instance: /testbench/uut/INT_Register_bank,  Process: line__55.
# EXECUTION:: NOTE   : Simulation time : 6180000 ps.  Data written: 2, in Reg = 2
# EXECUTION:: Time: 6180 ns,  Iteration: 1,  Instance: /testbench/uut/INT_Register_bank,  Process: line__55.
# EXECUTION:: NOTE   : Simulation time : 6190000 ps.  Data written: 0, in Reg = 4
# EXECUTION:: Time: 6190 ns,  Iteration: 1,  Instance: /testbench/uut/INT_Register_bank,  Process: line__55.
# EXECUTION:: NOTE   : Simulation time : 6200000 ps.  Data written: 62, in Reg = 6
# EXECUTION:: Time: 6200 ns,  Iteration: 1,  Instance: /testbench/uut/INT_Register_bank,  Process: line__55.
# EXECUTION:: NOTE   : Simulation time : 6220000 ps.  Data written: 56, in Reg = 5
# EXECUTION:: Time: 6220 ns,  Iteration: 1,  Instance: /testbench/uut/INT_Register_bank,  Process: line__55.
# EXECUTION:: NOTE   : Simulation time : 6230000 ps.  Data written: 1923, in Reg = 7
# EXECUTION:: Time: 6230 ns,  Iteration: 1,  Instance: /testbench/uut/INT_Register_bank,  Process: line__55.
# EXECUTION:: NOTE   : Simulation time : 6245000 ps.  Data written: 1861, in ADDR = 0
# EXECUTION:: Time: 6245 ns,  Iteration: 1,  Instance: /testbench/uut/Mem_D,  Process: line__79.
# EXECUTION:: NOTE   : Simulation time : 6260000 ps.  Data written: 1, in Reg = 1
# EXECUTION:: Time: 6260 ns,  Iteration: 1,  Instance: /testbench/uut/INT_Register_bank,  Process: line__55.
# EXECUTION:: NOTE   : Simulation time : 6270000 ps.  Data written: 2, in Reg = 2
# EXECUTION:: Time: 6270 ns,  Iteration: 1,  Instance: /testbench/uut/INT_Register_bank,  Process: line__55.
# EXECUTION:: NOTE   : Simulation time : 6280000 ps.  Data written: 0, in Reg = 4
# EXECUTION:: Time: 6280 ns,  Iteration: 1,  Instance: /testbench/uut/INT_Register_bank,  Process: line__55.
# EXECUTION:: NOTE   : Simulation time : 6290000 ps.  Data written: 63, in Reg = 6
# EXECUTION:: Time: 6290 ns,  Iteration: 1,  Instance: /testbench/uut/INT_Register_bank,  Process: line__55.
# EXECUTION:: NOTE   : Simulation time : 6310000 ps.  Data written: 57, in Reg = 5
# EXECUTION:: Time: 6310 ns,  Iteration: 1,  Instance: /testbench/uut/INT_Register_bank,  Process: line__55.
# EXECUTION:: NOTE   : Simulation time : 6320000 ps.  Data written: 1986, in Reg = 7
# EXECUTION:: Time: 6320 ns,  Iteration: 1,  Instance: /testbench/uut/INT_Register_bank,  Process: line__55.
# EXECUTION:: NOTE   : Simulation time : 6335000 ps.  Data written: 1923, in ADDR = 0
# EXECUTION:: Time: 6335 ns,  Iteration: 1,  Instance: /testbench/uut/Mem_D,  Process: line__79.
# EXECUTION:: NOTE   : Simulation time : 6350000 ps.  Data written: 1, in Reg = 1
# EXECUTION:: Time: 6350 ns,  Iteration: 1,  Instance: /testbench/uut/INT_Register_bank,  Process: line__55.
# EXECUTION:: NOTE   : Simulation time : 6360000 ps.  Data written: 2, in Reg = 2
# EXECUTION:: Time: 6360 ns,  Iteration: 1,  Instance: /testbench/uut/INT_Register_bank,  Process: line__55.
# EXECUTION:: NOTE   : Simulation time : 6370000 ps.  Data written: 0, in Reg = 4
# EXECUTION:: Time: 6370 ns,  Iteration: 1,  Instance: /testbench/uut/INT_Register_bank,  Process: line__55.
# EXECUTION:: NOTE   : Simulation time : 6380000 ps.  Data written: 64, in Reg = 6
# EXECUTION:: Time: 6380 ns,  Iteration: 1,  Instance: /testbench/uut/INT_Register_bank,  Process: line__55.
# EXECUTION:: NOTE   : Simulation time : 6400000 ps.  Data written: 58, in Reg = 5
# EXECUTION:: Time: 6400 ns,  Iteration: 1,  Instance: /testbench/uut/INT_Register_bank,  Process: line__55.
# EXECUTION:: NOTE   : Simulation time : 6410000 ps.  Data written: 2050, in Reg = 7
# EXECUTION:: Time: 6410 ns,  Iteration: 1,  Instance: /testbench/uut/INT_Register_bank,  Process: line__55.
# EXECUTION:: NOTE   : Simulation time : 6425000 ps.  Data written: 1986, in ADDR = 0
# EXECUTION:: Time: 6425 ns,  Iteration: 1,  Instance: /testbench/uut/Mem_D,  Process: line__79.
# EXECUTION:: NOTE   : Simulation time : 6440000 ps.  Data written: 1, in Reg = 1
# EXECUTION:: Time: 6440 ns,  Iteration: 1,  Instance: /testbench/uut/INT_Register_bank,  Process: line__55.
# EXECUTION:: NOTE   : Simulation time : 6450000 ps.  Data written: 2, in Reg = 2
# EXECUTION:: Time: 6450 ns,  Iteration: 1,  Instance: /testbench/uut/INT_Register_bank,  Process: line__55.
# EXECUTION:: NOTE   : Simulation time : 6460000 ps.  Data written: 0, in Reg = 4
# EXECUTION:: Time: 6460 ns,  Iteration: 1,  Instance: /testbench/uut/INT_Register_bank,  Process: line__55.
# EXECUTION:: NOTE   : Simulation time : 6470000 ps.  Data written: 65, in Reg = 6
# EXECUTION:: Time: 6470 ns,  Iteration: 1,  Instance: /testbench/uut/INT_Register_bank,  Process: line__55.
# EXECUTION:: NOTE   : Simulation time : 6490000 ps.  Data written: 59, in Reg = 5
# EXECUTION:: Time: 6490 ns,  Iteration: 1,  Instance: /testbench/uut/INT_Register_bank,  Process: line__55.
# EXECUTION:: NOTE   : Simulation time : 6500000 ps.  Data written: 2115, in Reg = 7
# EXECUTION:: Time: 6500 ns,  Iteration: 1,  Instance: /testbench/uut/INT_Register_bank,  Process: line__55.
# EXECUTION:: NOTE   : Simulation time : 6515000 ps.  Data written: 2050, in ADDR = 0
# EXECUTION:: Time: 6515 ns,  Iteration: 1,  Instance: /testbench/uut/Mem_D,  Process: line__79.
# EXECUTION:: NOTE   : Simulation time : 6530000 ps.  Data written: 1, in Reg = 1
# EXECUTION:: Time: 6530 ns,  Iteration: 1,  Instance: /testbench/uut/INT_Register_bank,  Process: line__55.
# EXECUTION:: NOTE   : Simulation time : 6540000 ps.  Data written: 2, in Reg = 2
# EXECUTION:: Time: 6540 ns,  Iteration: 1,  Instance: /testbench/uut/INT_Register_bank,  Process: line__55.
# EXECUTION:: NOTE   : Simulation time : 6550000 ps.  Data written: 0, in Reg = 4
# EXECUTION:: Time: 6550 ns,  Iteration: 1,  Instance: /testbench/uut/INT_Register_bank,  Process: line__55.
# EXECUTION:: NOTE   : Simulation time : 6560000 ps.  Data written: 66, in Reg = 6
# EXECUTION:: Time: 6560 ns,  Iteration: 1,  Instance: /testbench/uut/INT_Register_bank,  Process: line__55.
# EXECUTION:: NOTE   : Simulation time : 6580000 ps.  Data written: 60, in Reg = 5
# EXECUTION:: Time: 6580 ns,  Iteration: 1,  Instance: /testbench/uut/INT_Register_bank,  Process: line__55.
# EXECUTION:: NOTE   : Simulation time : 6590000 ps.  Data written: 2181, in Reg = 7
# EXECUTION:: Time: 6590 ns,  Iteration: 1,  Instance: /testbench/uut/INT_Register_bank,  Process: line__55.
# EXECUTION:: NOTE   : Simulation time : 6605000 ps.  Data written: 2115, in ADDR = 0
# EXECUTION:: Time: 6605 ns,  Iteration: 1,  Instance: /testbench/uut/Mem_D,  Process: line__79.
# EXECUTION:: NOTE   : Simulation time : 6620000 ps.  Data written: 1, in Reg = 1
# EXECUTION:: Time: 6620 ns,  Iteration: 1,  Instance: /testbench/uut/INT_Register_bank,  Process: line__55.
# EXECUTION:: NOTE   : Simulation time : 6630000 ps.  Data written: 2, in Reg = 2
# EXECUTION:: Time: 6630 ns,  Iteration: 1,  Instance: /testbench/uut/INT_Register_bank,  Process: line__55.
# EXECUTION:: NOTE   : Simulation time : 6640000 ps.  Data written: 0, in Reg = 4
# EXECUTION:: Time: 6640 ns,  Iteration: 1,  Instance: /testbench/uut/INT_Register_bank,  Process: line__55.
# EXECUTION:: NOTE   : Simulation time : 6650000 ps.  Data written: 67, in Reg = 6
# EXECUTION:: Time: 6650 ns,  Iteration: 1,  Instance: /testbench/uut/INT_Register_bank,  Process: line__55.
# EXECUTION:: NOTE   : Simulation time : 6670000 ps.  Data written: 61, in Reg = 5
# EXECUTION:: Time: 6670 ns,  Iteration: 1,  Instance: /testbench/uut/INT_Register_bank,  Process: line__55.
# EXECUTION:: NOTE   : Simulation time : 6680000 ps.  Data written: 2248, in Reg = 7
# EXECUTION:: Time: 6680 ns,  Iteration: 1,  Instance: /testbench/uut/INT_Register_bank,  Process: line__55.
# EXECUTION:: NOTE   : Simulation time : 6695000 ps.  Data written: 2181, in ADDR = 0
# EXECUTION:: Time: 6695 ns,  Iteration: 1,  Instance: /testbench/uut/Mem_D,  Process: line__79.
# EXECUTION:: NOTE   : Simulation time : 6710000 ps.  Data written: 1, in Reg = 1
# EXECUTION:: Time: 6710 ns,  Iteration: 1,  Instance: /testbench/uut/INT_Register_bank,  Process: line__55.
# EXECUTION:: NOTE   : Simulation time : 6720000 ps.  Data written: 2, in Reg = 2
# EXECUTION:: Time: 6720 ns,  Iteration: 1,  Instance: /testbench/uut/INT_Register_bank,  Process: line__55.
# EXECUTION:: NOTE   : Simulation time : 6730000 ps.  Data written: 0, in Reg = 4
# EXECUTION:: Time: 6730 ns,  Iteration: 1,  Instance: /testbench/uut/INT_Register_bank,  Process: line__55.
# EXECUTION:: NOTE   : Simulation time : 6740000 ps.  Data written: 68, in Reg = 6
# EXECUTION:: Time: 6740 ns,  Iteration: 1,  Instance: /testbench/uut/INT_Register_bank,  Process: line__55.
# EXECUTION:: NOTE   : Simulation time : 6760000 ps.  Data written: 62, in Reg = 5
# EXECUTION:: Time: 6760 ns,  Iteration: 1,  Instance: /testbench/uut/INT_Register_bank,  Process: line__55.
# EXECUTION:: NOTE   : Simulation time : 6770000 ps.  Data written: 2316, in Reg = 7
# EXECUTION:: Time: 6770 ns,  Iteration: 1,  Instance: /testbench/uut/INT_Register_bank,  Process: line__55.
# EXECUTION:: NOTE   : Simulation time : 6785000 ps.  Data written: 2248, in ADDR = 0
# EXECUTION:: Time: 6785 ns,  Iteration: 1,  Instance: /testbench/uut/Mem_D,  Process: line__79.
# EXECUTION:: NOTE   : Simulation time : 6800000 ps.  Data written: 1, in Reg = 1
# EXECUTION:: Time: 6800 ns,  Iteration: 1,  Instance: /testbench/uut/INT_Register_bank,  Process: line__55.
# EXECUTION:: NOTE   : Simulation time : 6810000 ps.  Data written: 2, in Reg = 2
# EXECUTION:: Time: 6810 ns,  Iteration: 1,  Instance: /testbench/uut/INT_Register_bank,  Process: line__55.
# EXECUTION:: NOTE   : Simulation time : 6820000 ps.  Data written: 0, in Reg = 4
# EXECUTION:: Time: 6820 ns,  Iteration: 1,  Instance: /testbench/uut/INT_Register_bank,  Process: line__55.
# EXECUTION:: NOTE   : Simulation time : 6830000 ps.  Data written: 69, in Reg = 6
# EXECUTION:: Time: 6830 ns,  Iteration: 1,  Instance: /testbench/uut/INT_Register_bank,  Process: line__55.
# EXECUTION:: NOTE   : Simulation time : 6850000 ps.  Data written: 63, in Reg = 5
# EXECUTION:: Time: 6850 ns,  Iteration: 1,  Instance: /testbench/uut/INT_Register_bank,  Process: line__55.
# EXECUTION:: NOTE   : Simulation time : 6860000 ps.  Data written: 2385, in Reg = 7
# EXECUTION:: Time: 6860 ns,  Iteration: 1,  Instance: /testbench/uut/INT_Register_bank,  Process: line__55.
# EXECUTION:: NOTE   : Simulation time : 6875000 ps.  Data written: 2316, in ADDR = 0
# EXECUTION:: Time: 6875 ns,  Iteration: 1,  Instance: /testbench/uut/Mem_D,  Process: line__79.
# EXECUTION:: NOTE   : Simulation time : 6890000 ps.  Data written: 1, in Reg = 1
# EXECUTION:: Time: 6890 ns,  Iteration: 1,  Instance: /testbench/uut/INT_Register_bank,  Process: line__55.
# EXECUTION:: NOTE   : Simulation time : 6900000 ps.  Data written: 2, in Reg = 2
# EXECUTION:: Time: 6900 ns,  Iteration: 1,  Instance: /testbench/uut/INT_Register_bank,  Process: line__55.
# EXECUTION:: NOTE   : Simulation time : 6910000 ps.  Data written: 0, in Reg = 4
# EXECUTION:: Time: 6910 ns,  Iteration: 1,  Instance: /testbench/uut/INT_Register_bank,  Process: line__55.
# EXECUTION:: NOTE   : Simulation time : 6920000 ps.  Data written: 70, in Reg = 6
# EXECUTION:: Time: 6920 ns,  Iteration: 1,  Instance: /testbench/uut/INT_Register_bank,  Process: line__55.
# EXECUTION:: NOTE   : Simulation time : 6940000 ps.  Data written: 64, in Reg = 5
# EXECUTION:: Time: 6940 ns,  Iteration: 1,  Instance: /testbench/uut/INT_Register_bank,  Process: line__55.
# EXECUTION:: NOTE   : Simulation time : 6950000 ps.  Data written: 2455, in Reg = 7
# EXECUTION:: Time: 6950 ns,  Iteration: 1,  Instance: /testbench/uut/INT_Register_bank,  Process: line__55.
# EXECUTION:: NOTE   : Simulation time : 6965000 ps.  Data written: 2385, in ADDR = 0
# EXECUTION:: Time: 6965 ns,  Iteration: 1,  Instance: /testbench/uut/Mem_D,  Process: line__79.
# EXECUTION:: NOTE   : Simulation time : 6980000 ps.  Data written: 1, in Reg = 1
# EXECUTION:: Time: 6980 ns,  Iteration: 1,  Instance: /testbench/uut/INT_Register_bank,  Process: line__55.
# EXECUTION:: NOTE   : Simulation time : 6990000 ps.  Data written: 2, in Reg = 2
# EXECUTION:: Time: 6990 ns,  Iteration: 1,  Instance: /testbench/uut/INT_Register_bank,  Process: line__55.
# EXECUTION:: NOTE   : Simulation time : 7000000 ps.  Data written: 0, in Reg = 4
# EXECUTION:: Time: 7 us,  Iteration: 1,  Instance: /testbench/uut/INT_Register_bank,  Process: line__55.
# EXECUTION:: NOTE   : Simulation time : 7010000 ps.  Data written: 71, in Reg = 6
# EXECUTION:: Time: 7010 ns,  Iteration: 1,  Instance: /testbench/uut/INT_Register_bank,  Process: line__55.
# EXECUTION:: NOTE   : Simulation time : 7030000 ps.  Data written: 65, in Reg = 5
# EXECUTION:: Time: 7030 ns,  Iteration: 1,  Instance: /testbench/uut/INT_Register_bank,  Process: line__55.
# EXECUTION:: NOTE   : Simulation time : 7040000 ps.  Data written: 2526, in Reg = 7
# EXECUTION:: Time: 7040 ns,  Iteration: 1,  Instance: /testbench/uut/INT_Register_bank,  Process: line__55.
# EXECUTION:: NOTE   : Simulation time : 7055000 ps.  Data written: 2455, in ADDR = 0
# EXECUTION:: Time: 7055 ns,  Iteration: 1,  Instance: /testbench/uut/Mem_D,  Process: line__79.
# EXECUTION:: NOTE   : Simulation time : 7070000 ps.  Data written: 1, in Reg = 1
# EXECUTION:: Time: 7070 ns,  Iteration: 1,  Instance: /testbench/uut/INT_Register_bank,  Process: line__55.
# EXECUTION:: NOTE   : Simulation time : 7080000 ps.  Data written: 2, in Reg = 2
# EXECUTION:: Time: 7080 ns,  Iteration: 1,  Instance: /testbench/uut/INT_Register_bank,  Process: line__55.
# EXECUTION:: NOTE   : Simulation time : 7090000 ps.  Data written: 0, in Reg = 4
# EXECUTION:: Time: 7090 ns,  Iteration: 1,  Instance: /testbench/uut/INT_Register_bank,  Process: line__55.
# EXECUTION:: NOTE   : Simulation time : 7100000 ps.  Data written: 72, in Reg = 6
# EXECUTION:: Time: 7100 ns,  Iteration: 1,  Instance: /testbench/uut/INT_Register_bank,  Process: line__55.
# EXECUTION:: NOTE   : Simulation time : 7120000 ps.  Data written: 66, in Reg = 5
# EXECUTION:: Time: 7120 ns,  Iteration: 1,  Instance: /testbench/uut/INT_Register_bank,  Process: line__55.
# EXECUTION:: NOTE   : Simulation time : 7130000 ps.  Data written: 2598, in Reg = 7
# EXECUTION:: Time: 7130 ns,  Iteration: 1,  Instance: /testbench/uut/INT_Register_bank,  Process: line__55.
# EXECUTION:: NOTE   : Simulation time : 7145000 ps.  Data written: 2526, in ADDR = 0
# EXECUTION:: Time: 7145 ns,  Iteration: 1,  Instance: /testbench/uut/Mem_D,  Process: line__79.
# EXECUTION:: NOTE   : Simulation time : 7160000 ps.  Data written: 1, in Reg = 1
# EXECUTION:: Time: 7160 ns,  Iteration: 1,  Instance: /testbench/uut/INT_Register_bank,  Process: line__55.
# EXECUTION:: NOTE   : Simulation time : 7170000 ps.  Data written: 2, in Reg = 2
# EXECUTION:: Time: 7170 ns,  Iteration: 1,  Instance: /testbench/uut/INT_Register_bank,  Process: line__55.
# EXECUTION:: NOTE   : Simulation time : 7180000 ps.  Data written: 0, in Reg = 4
# EXECUTION:: Time: 7180 ns,  Iteration: 1,  Instance: /testbench/uut/INT_Register_bank,  Process: line__55.
# EXECUTION:: NOTE   : Simulation time : 7190000 ps.  Data written: 73, in Reg = 6
# EXECUTION:: Time: 7190 ns,  Iteration: 1,  Instance: /testbench/uut/INT_Register_bank,  Process: line__55.
# EXECUTION:: NOTE   : Simulation time : 7210000 ps.  Data written: 67, in Reg = 5
# EXECUTION:: Time: 7210 ns,  Iteration: 1,  Instance: /testbench/uut/INT_Register_bank,  Process: line__55.
# EXECUTION:: NOTE   : Simulation time : 7220000 ps.  Data written: 2671, in Reg = 7
# EXECUTION:: Time: 7220 ns,  Iteration: 1,  Instance: /testbench/uut/INT_Register_bank,  Process: line__55.
# EXECUTION:: NOTE   : Simulation time : 7235000 ps.  Data written: 2598, in ADDR = 0
# EXECUTION:: Time: 7235 ns,  Iteration: 1,  Instance: /testbench/uut/Mem_D,  Process: line__79.
# EXECUTION:: NOTE   : Simulation time : 7250000 ps.  Data written: 1, in Reg = 1
# EXECUTION:: Time: 7250 ns,  Iteration: 1,  Instance: /testbench/uut/INT_Register_bank,  Process: line__55.
# EXECUTION:: NOTE   : Simulation time : 7260000 ps.  Data written: 2, in Reg = 2
# EXECUTION:: Time: 7260 ns,  Iteration: 1,  Instance: /testbench/uut/INT_Register_bank,  Process: line__55.
# EXECUTION:: NOTE   : Simulation time : 7270000 ps.  Data written: 0, in Reg = 4
# EXECUTION:: Time: 7270 ns,  Iteration: 1,  Instance: /testbench/uut/INT_Register_bank,  Process: line__55.
# EXECUTION:: NOTE   : Simulation time : 7280000 ps.  Data written: 74, in Reg = 6
# EXECUTION:: Time: 7280 ns,  Iteration: 1,  Instance: /testbench/uut/INT_Register_bank,  Process: line__55.
# EXECUTION:: NOTE   : Simulation time : 7300000 ps.  Data written: 68, in Reg = 5
# EXECUTION:: Time: 7300 ns,  Iteration: 1,  Instance: /testbench/uut/INT_Register_bank,  Process: line__55.
# EXECUTION:: NOTE   : Simulation time : 7310000 ps.  Data written: 2745, in Reg = 7
# EXECUTION:: Time: 7310 ns,  Iteration: 1,  Instance: /testbench/uut/INT_Register_bank,  Process: line__55.
# EXECUTION:: NOTE   : Simulation time : 7325000 ps.  Data written: 2671, in ADDR = 0
# EXECUTION:: Time: 7325 ns,  Iteration: 1,  Instance: /testbench/uut/Mem_D,  Process: line__79.
# EXECUTION:: NOTE   : Simulation time : 7340000 ps.  Data written: 1, in Reg = 1
# EXECUTION:: Time: 7340 ns,  Iteration: 1,  Instance: /testbench/uut/INT_Register_bank,  Process: line__55.
# EXECUTION:: NOTE   : Simulation time : 7350000 ps.  Data written: 2, in Reg = 2
# EXECUTION:: Time: 7350 ns,  Iteration: 1,  Instance: /testbench/uut/INT_Register_bank,  Process: line__55.
# EXECUTION:: NOTE   : Simulation time : 7360000 ps.  Data written: 0, in Reg = 4
# EXECUTION:: Time: 7360 ns,  Iteration: 1,  Instance: /testbench/uut/INT_Register_bank,  Process: line__55.
# EXECUTION:: NOTE   : Simulation time : 7370000 ps.  Data written: 75, in Reg = 6
# EXECUTION:: Time: 7370 ns,  Iteration: 1,  Instance: /testbench/uut/INT_Register_bank,  Process: line__55.
# EXECUTION:: NOTE   : Simulation time : 7390000 ps.  Data written: 69, in Reg = 5
# EXECUTION:: Time: 7390 ns,  Iteration: 1,  Instance: /testbench/uut/INT_Register_bank,  Process: line__55.
# EXECUTION:: NOTE   : Simulation time : 7400000 ps.  Data written: 2820, in Reg = 7
# EXECUTION:: Time: 7400 ns,  Iteration: 1,  Instance: /testbench/uut/INT_Register_bank,  Process: line__55.
# EXECUTION:: NOTE   : Simulation time : 7415000 ps.  Data written: 2745, in ADDR = 0
# EXECUTION:: Time: 7415 ns,  Iteration: 1,  Instance: /testbench/uut/Mem_D,  Process: line__79.
# EXECUTION:: NOTE   : Simulation time : 7430000 ps.  Data written: 1, in Reg = 1
# EXECUTION:: Time: 7430 ns,  Iteration: 1,  Instance: /testbench/uut/INT_Register_bank,  Process: line__55.
# EXECUTION:: NOTE   : Simulation time : 7440000 ps.  Data written: 2, in Reg = 2
# EXECUTION:: Time: 7440 ns,  Iteration: 1,  Instance: /testbench/uut/INT_Register_bank,  Process: line__55.
# EXECUTION:: NOTE   : Simulation time : 7450000 ps.  Data written: 0, in Reg = 4
# EXECUTION:: Time: 7450 ns,  Iteration: 1,  Instance: /testbench/uut/INT_Register_bank,  Process: line__55.
# EXECUTION:: NOTE   : Simulation time : 7460000 ps.  Data written: 76, in Reg = 6
# EXECUTION:: Time: 7460 ns,  Iteration: 1,  Instance: /testbench/uut/INT_Register_bank,  Process: line__55.
# EXECUTION:: NOTE   : Simulation time : 7480000 ps.  Data written: 70, in Reg = 5
# EXECUTION:: Time: 7480 ns,  Iteration: 1,  Instance: /testbench/uut/INT_Register_bank,  Process: line__55.
# EXECUTION:: NOTE   : Simulation time : 7490000 ps.  Data written: 2896, in Reg = 7
# EXECUTION:: Time: 7490 ns,  Iteration: 1,  Instance: /testbench/uut/INT_Register_bank,  Process: line__55.
# EXECUTION:: NOTE   : Simulation time : 7505000 ps.  Data written: 2820, in ADDR = 0
# EXECUTION:: Time: 7505 ns,  Iteration: 1,  Instance: /testbench/uut/Mem_D,  Process: line__79.
# EXECUTION:: NOTE   : Simulation time : 7520000 ps.  Data written: 1, in Reg = 1
# EXECUTION:: Time: 7520 ns,  Iteration: 1,  Instance: /testbench/uut/INT_Register_bank,  Process: line__55.
# EXECUTION:: NOTE   : Simulation time : 7530000 ps.  Data written: 2, in Reg = 2
# EXECUTION:: Time: 7530 ns,  Iteration: 1,  Instance: /testbench/uut/INT_Register_bank,  Process: line__55.
# EXECUTION:: NOTE   : Simulation time : 7540000 ps.  Data written: 0, in Reg = 4
# EXECUTION:: Time: 7540 ns,  Iteration: 1,  Instance: /testbench/uut/INT_Register_bank,  Process: line__55.
# EXECUTION:: NOTE   : Simulation time : 7550000 ps.  Data written: 77, in Reg = 6
# EXECUTION:: Time: 7550 ns,  Iteration: 1,  Instance: /testbench/uut/INT_Register_bank,  Process: line__55.
# EXECUTION:: NOTE   : Simulation time : 7570000 ps.  Data written: 71, in Reg = 5
# EXECUTION:: Time: 7570 ns,  Iteration: 1,  Instance: /testbench/uut/INT_Register_bank,  Process: line__55.
# EXECUTION:: NOTE   : Simulation time : 7580000 ps.  Data written: 2973, in Reg = 7
# EXECUTION:: Time: 7580 ns,  Iteration: 1,  Instance: /testbench/uut/INT_Register_bank,  Process: line__55.
# EXECUTION:: NOTE   : Simulation time : 7595000 ps.  Data written: 2896, in ADDR = 0
# EXECUTION:: Time: 7595 ns,  Iteration: 1,  Instance: /testbench/uut/Mem_D,  Process: line__79.
# EXECUTION:: NOTE   : Simulation time : 7610000 ps.  Data written: 1, in Reg = 1
# EXECUTION:: Time: 7610 ns,  Iteration: 1,  Instance: /testbench/uut/INT_Register_bank,  Process: line__55.
# EXECUTION:: NOTE   : Simulation time : 7620000 ps.  Data written: 2, in Reg = 2
# EXECUTION:: Time: 7620 ns,  Iteration: 1,  Instance: /testbench/uut/INT_Register_bank,  Process: line__55.
# EXECUTION:: NOTE   : Simulation time : 7630000 ps.  Data written: 0, in Reg = 4
# EXECUTION:: Time: 7630 ns,  Iteration: 1,  Instance: /testbench/uut/INT_Register_bank,  Process: line__55.
# EXECUTION:: NOTE   : Simulation time : 7640000 ps.  Data written: 78, in Reg = 6
# EXECUTION:: Time: 7640 ns,  Iteration: 1,  Instance: /testbench/uut/INT_Register_bank,  Process: line__55.
# EXECUTION:: NOTE   : Simulation time : 7660000 ps.  Data written: 72, in Reg = 5
# EXECUTION:: Time: 7660 ns,  Iteration: 1,  Instance: /testbench/uut/INT_Register_bank,  Process: line__55.
# EXECUTION:: NOTE   : Simulation time : 7670000 ps.  Data written: 3051, in Reg = 7
# EXECUTION:: Time: 7670 ns,  Iteration: 1,  Instance: /testbench/uut/INT_Register_bank,  Process: line__55.
# EXECUTION:: NOTE   : Simulation time : 7685000 ps.  Data written: 2973, in ADDR = 0
# EXECUTION:: Time: 7685 ns,  Iteration: 1,  Instance: /testbench/uut/Mem_D,  Process: line__79.
# EXECUTION:: NOTE   : Simulation time : 7700000 ps.  Data written: 1, in Reg = 1
# EXECUTION:: Time: 7700 ns,  Iteration: 1,  Instance: /testbench/uut/INT_Register_bank,  Process: line__55.
# EXECUTION:: NOTE   : Simulation time : 7710000 ps.  Data written: 2, in Reg = 2
# EXECUTION:: Time: 7710 ns,  Iteration: 1,  Instance: /testbench/uut/INT_Register_bank,  Process: line__55.
# EXECUTION:: NOTE   : Simulation time : 7720000 ps.  Data written: 0, in Reg = 4
# EXECUTION:: Time: 7720 ns,  Iteration: 1,  Instance: /testbench/uut/INT_Register_bank,  Process: line__55.
# EXECUTION:: NOTE   : Simulation time : 7730000 ps.  Data written: 79, in Reg = 6
# EXECUTION:: Time: 7730 ns,  Iteration: 1,  Instance: /testbench/uut/INT_Register_bank,  Process: line__55.
# EXECUTION:: NOTE   : Simulation time : 7750000 ps.  Data written: 73, in Reg = 5
# EXECUTION:: Time: 7750 ns,  Iteration: 1,  Instance: /testbench/uut/INT_Register_bank,  Process: line__55.
# EXECUTION:: NOTE   : Simulation time : 7760000 ps.  Data written: 3130, in Reg = 7
# EXECUTION:: Time: 7760 ns,  Iteration: 1,  Instance: /testbench/uut/INT_Register_bank,  Process: line__55.
# EXECUTION:: NOTE   : Simulation time : 7775000 ps.  Data written: 3051, in ADDR = 0
# EXECUTION:: Time: 7775 ns,  Iteration: 1,  Instance: /testbench/uut/Mem_D,  Process: line__79.
# EXECUTION:: NOTE   : Simulation time : 7790000 ps.  Data written: 1, in Reg = 1
# EXECUTION:: Time: 7790 ns,  Iteration: 1,  Instance: /testbench/uut/INT_Register_bank,  Process: line__55.
# EXECUTION:: NOTE   : Simulation time : 7800000 ps.  Data written: 2, in Reg = 2
# EXECUTION:: Time: 7800 ns,  Iteration: 1,  Instance: /testbench/uut/INT_Register_bank,  Process: line__55.
# EXECUTION:: NOTE   : Simulation time : 7810000 ps.  Data written: 0, in Reg = 4
# EXECUTION:: Time: 7810 ns,  Iteration: 1,  Instance: /testbench/uut/INT_Register_bank,  Process: line__55.
# EXECUTION:: NOTE   : Simulation time : 7820000 ps.  Data written: 80, in Reg = 6
# EXECUTION:: Time: 7820 ns,  Iteration: 1,  Instance: /testbench/uut/INT_Register_bank,  Process: line__55.
# EXECUTION:: NOTE   : Simulation time : 7840000 ps.  Data written: 74, in Reg = 5
# EXECUTION:: Time: 7840 ns,  Iteration: 1,  Instance: /testbench/uut/INT_Register_bank,  Process: line__55.
# EXECUTION:: NOTE   : Simulation time : 7850000 ps.  Data written: 3210, in Reg = 7
# EXECUTION:: Time: 7850 ns,  Iteration: 1,  Instance: /testbench/uut/INT_Register_bank,  Process: line__55.
# EXECUTION:: NOTE   : Simulation time : 7865000 ps.  Data written: 3130, in ADDR = 0
# EXECUTION:: Time: 7865 ns,  Iteration: 1,  Instance: /testbench/uut/Mem_D,  Process: line__79.
# EXECUTION:: NOTE   : Simulation time : 7880000 ps.  Data written: 1, in Reg = 1
# EXECUTION:: Time: 7880 ns,  Iteration: 1,  Instance: /testbench/uut/INT_Register_bank,  Process: line__55.
# EXECUTION:: NOTE   : Simulation time : 7890000 ps.  Data written: 2, in Reg = 2
# EXECUTION:: Time: 7890 ns,  Iteration: 1,  Instance: /testbench/uut/INT_Register_bank,  Process: line__55.
# EXECUTION:: NOTE   : Simulation time : 7900000 ps.  Data written: 0, in Reg = 4
# EXECUTION:: Time: 7900 ns,  Iteration: 1,  Instance: /testbench/uut/INT_Register_bank,  Process: line__55.
# EXECUTION:: NOTE   : Simulation time : 7910000 ps.  Data written: 81, in Reg = 6
# EXECUTION:: Time: 7910 ns,  Iteration: 1,  Instance: /testbench/uut/INT_Register_bank,  Process: line__55.
# EXECUTION:: NOTE   : Simulation time : 7930000 ps.  Data written: 75, in Reg = 5
# EXECUTION:: Time: 7930 ns,  Iteration: 1,  Instance: /testbench/uut/INT_Register_bank,  Process: line__55.
# EXECUTION:: NOTE   : Simulation time : 7940000 ps.  Data written: 3291, in Reg = 7
# EXECUTION:: Time: 7940 ns,  Iteration: 1,  Instance: /testbench/uut/INT_Register_bank,  Process: line__55.
# EXECUTION:: NOTE   : Simulation time : 7955000 ps.  Data written: 3210, in ADDR = 0
# EXECUTION:: Time: 7955 ns,  Iteration: 1,  Instance: /testbench/uut/Mem_D,  Process: line__79.
# EXECUTION:: NOTE   : Simulation time : 7970000 ps.  Data written: 1, in Reg = 1
# EXECUTION:: Time: 7970 ns,  Iteration: 1,  Instance: /testbench/uut/INT_Register_bank,  Process: line__55.
# EXECUTION:: NOTE   : Simulation time : 7980000 ps.  Data written: 2, in Reg = 2
# EXECUTION:: Time: 7980 ns,  Iteration: 1,  Instance: /testbench/uut/INT_Register_bank,  Process: line__55.
# EXECUTION:: NOTE   : Simulation time : 7990000 ps.  Data written: 0, in Reg = 4
# EXECUTION:: Time: 7990 ns,  Iteration: 1,  Instance: /testbench/uut/INT_Register_bank,  Process: line__55.
# EXECUTION:: NOTE   : Simulation time : 8000000 ps.  Data written: 82, in Reg = 6
# EXECUTION:: Time: 8 us,  Iteration: 1,  Instance: /testbench/uut/INT_Register_bank,  Process: line__55.
# EXECUTION:: NOTE   : Simulation time : 8020000 ps.  Data written: 76, in Reg = 5
# EXECUTION:: Time: 8020 ns,  Iteration: 1,  Instance: /testbench/uut/INT_Register_bank,  Process: line__55.
# EXECUTION:: NOTE   : Simulation time : 8030000 ps.  Data written: 3373, in Reg = 7
# EXECUTION:: Time: 8030 ns,  Iteration: 1,  Instance: /testbench/uut/INT_Register_bank,  Process: line__55.
# EXECUTION:: NOTE   : Simulation time : 8045000 ps.  Data written: 3291, in ADDR = 0
# EXECUTION:: Time: 8045 ns,  Iteration: 1,  Instance: /testbench/uut/Mem_D,  Process: line__79.
# EXECUTION:: NOTE   : Simulation time : 8060000 ps.  Data written: 1, in Reg = 1
# EXECUTION:: Time: 8060 ns,  Iteration: 1,  Instance: /testbench/uut/INT_Register_bank,  Process: line__55.
# EXECUTION:: NOTE   : Simulation time : 8070000 ps.  Data written: 2, in Reg = 2
# EXECUTION:: Time: 8070 ns,  Iteration: 1,  Instance: /testbench/uut/INT_Register_bank,  Process: line__55.
# EXECUTION:: NOTE   : Simulation time : 8080000 ps.  Data written: 0, in Reg = 4
# EXECUTION:: Time: 8080 ns,  Iteration: 1,  Instance: /testbench/uut/INT_Register_bank,  Process: line__55.
# EXECUTION:: NOTE   : Simulation time : 8090000 ps.  Data written: 83, in Reg = 6
# EXECUTION:: Time: 8090 ns,  Iteration: 1,  Instance: /testbench/uut/INT_Register_bank,  Process: line__55.
# EXECUTION:: NOTE   : Simulation time : 8110000 ps.  Data written: 77, in Reg = 5
# EXECUTION:: Time: 8110 ns,  Iteration: 1,  Instance: /testbench/uut/INT_Register_bank,  Process: line__55.
# EXECUTION:: NOTE   : Simulation time : 8120000 ps.  Data written: 3456, in Reg = 7
# EXECUTION:: Time: 8120 ns,  Iteration: 1,  Instance: /testbench/uut/INT_Register_bank,  Process: line__55.
# EXECUTION:: NOTE   : Simulation time : 8135000 ps.  Data written: 3373, in ADDR = 0
# EXECUTION:: Time: 8135 ns,  Iteration: 1,  Instance: /testbench/uut/Mem_D,  Process: line__79.
# EXECUTION:: NOTE   : Simulation time : 8150000 ps.  Data written: 1, in Reg = 1
# EXECUTION:: Time: 8150 ns,  Iteration: 1,  Instance: /testbench/uut/INT_Register_bank,  Process: line__55.
# EXECUTION:: NOTE   : Simulation time : 8160000 ps.  Data written: 2, in Reg = 2
# EXECUTION:: Time: 8160 ns,  Iteration: 1,  Instance: /testbench/uut/INT_Register_bank,  Process: line__55.
# EXECUTION:: NOTE   : Simulation time : 8170000 ps.  Data written: 0, in Reg = 4
# EXECUTION:: Time: 8170 ns,  Iteration: 1,  Instance: /testbench/uut/INT_Register_bank,  Process: line__55.
# EXECUTION:: NOTE   : Simulation time : 8180000 ps.  Data written: 84, in Reg = 6
# EXECUTION:: Time: 8180 ns,  Iteration: 1,  Instance: /testbench/uut/INT_Register_bank,  Process: line__55.
# EXECUTION:: NOTE   : Simulation time : 8200000 ps.  Data written: 78, in Reg = 5
# EXECUTION:: Time: 8200 ns,  Iteration: 1,  Instance: /testbench/uut/INT_Register_bank,  Process: line__55.
# EXECUTION:: NOTE   : Simulation time : 8210000 ps.  Data written: 3540, in Reg = 7
# EXECUTION:: Time: 8210 ns,  Iteration: 1,  Instance: /testbench/uut/INT_Register_bank,  Process: line__55.
# EXECUTION:: NOTE   : Simulation time : 8225000 ps.  Data written: 3456, in ADDR = 0
# EXECUTION:: Time: 8225 ns,  Iteration: 1,  Instance: /testbench/uut/Mem_D,  Process: line__79.
# EXECUTION:: NOTE   : Simulation time : 8240000 ps.  Data written: 1, in Reg = 1
# EXECUTION:: Time: 8240 ns,  Iteration: 1,  Instance: /testbench/uut/INT_Register_bank,  Process: line__55.
# EXECUTION:: NOTE   : Simulation time : 8250000 ps.  Data written: 2, in Reg = 2
# EXECUTION:: Time: 8250 ns,  Iteration: 1,  Instance: /testbench/uut/INT_Register_bank,  Process: line__55.
# EXECUTION:: NOTE   : Simulation time : 8260000 ps.  Data written: 0, in Reg = 4
# EXECUTION:: Time: 8260 ns,  Iteration: 1,  Instance: /testbench/uut/INT_Register_bank,  Process: line__55.
# EXECUTION:: NOTE   : Simulation time : 8270000 ps.  Data written: 85, in Reg = 6
# EXECUTION:: Time: 8270 ns,  Iteration: 1,  Instance: /testbench/uut/INT_Register_bank,  Process: line__55.
# EXECUTION:: NOTE   : Simulation time : 8290000 ps.  Data written: 79, in Reg = 5
# EXECUTION:: Time: 8290 ns,  Iteration: 1,  Instance: /testbench/uut/INT_Register_bank,  Process: line__55.
# EXECUTION:: NOTE   : Simulation time : 8300000 ps.  Data written: 3625, in Reg = 7
# EXECUTION:: Time: 8300 ns,  Iteration: 1,  Instance: /testbench/uut/INT_Register_bank,  Process: line__55.
# EXECUTION:: NOTE   : Simulation time : 8315000 ps.  Data written: 3540, in ADDR = 0
# EXECUTION:: Time: 8315 ns,  Iteration: 1,  Instance: /testbench/uut/Mem_D,  Process: line__79.
# EXECUTION:: NOTE   : Simulation time : 8330000 ps.  Data written: 1, in Reg = 1
# EXECUTION:: Time: 8330 ns,  Iteration: 1,  Instance: /testbench/uut/INT_Register_bank,  Process: line__55.
# EXECUTION:: NOTE   : Simulation time : 8340000 ps.  Data written: 2, in Reg = 2
# EXECUTION:: Time: 8340 ns,  Iteration: 1,  Instance: /testbench/uut/INT_Register_bank,  Process: line__55.
# EXECUTION:: NOTE   : Simulation time : 8350000 ps.  Data written: 0, in Reg = 4
# EXECUTION:: Time: 8350 ns,  Iteration: 1,  Instance: /testbench/uut/INT_Register_bank,  Process: line__55.
# EXECUTION:: NOTE   : Simulation time : 8360000 ps.  Data written: 86, in Reg = 6
# EXECUTION:: Time: 8360 ns,  Iteration: 1,  Instance: /testbench/uut/INT_Register_bank,  Process: line__55.
# EXECUTION:: NOTE   : Simulation time : 8380000 ps.  Data written: 80, in Reg = 5
# EXECUTION:: Time: 8380 ns,  Iteration: 1,  Instance: /testbench/uut/INT_Register_bank,  Process: line__55.
# EXECUTION:: NOTE   : Simulation time : 8390000 ps.  Data written: 3711, in Reg = 7
# EXECUTION:: Time: 8390 ns,  Iteration: 1,  Instance: /testbench/uut/INT_Register_bank,  Process: line__55.
# EXECUTION:: NOTE   : Simulation time : 8405000 ps.  Data written: 3625, in ADDR = 0
# EXECUTION:: Time: 8405 ns,  Iteration: 1,  Instance: /testbench/uut/Mem_D,  Process: line__79.
# EXECUTION:: NOTE   : Simulation time : 8420000 ps.  Data written: 1, in Reg = 1
# EXECUTION:: Time: 8420 ns,  Iteration: 1,  Instance: /testbench/uut/INT_Register_bank,  Process: line__55.
# EXECUTION:: NOTE   : Simulation time : 8430000 ps.  Data written: 2, in Reg = 2
# EXECUTION:: Time: 8430 ns,  Iteration: 1,  Instance: /testbench/uut/INT_Register_bank,  Process: line__55.
# EXECUTION:: NOTE   : Simulation time : 8440000 ps.  Data written: 0, in Reg = 4
# EXECUTION:: Time: 8440 ns,  Iteration: 1,  Instance: /testbench/uut/INT_Register_bank,  Process: line__55.
# EXECUTION:: NOTE   : Simulation time : 8450000 ps.  Data written: 87, in Reg = 6
# EXECUTION:: Time: 8450 ns,  Iteration: 1,  Instance: /testbench/uut/INT_Register_bank,  Process: line__55.
# EXECUTION:: NOTE   : Simulation time : 8470000 ps.  Data written: 81, in Reg = 5
# EXECUTION:: Time: 8470 ns,  Iteration: 1,  Instance: /testbench/uut/INT_Register_bank,  Process: line__55.
# EXECUTION:: NOTE   : Simulation time : 8480000 ps.  Data written: 3798, in Reg = 7
# EXECUTION:: Time: 8480 ns,  Iteration: 1,  Instance: /testbench/uut/INT_Register_bank,  Process: line__55.
# EXECUTION:: NOTE   : Simulation time : 8495000 ps.  Data written: 3711, in ADDR = 0
# EXECUTION:: Time: 8495 ns,  Iteration: 1,  Instance: /testbench/uut/Mem_D,  Process: line__79.
# EXECUTION:: NOTE   : Simulation time : 8510000 ps.  Data written: 1, in Reg = 1
# EXECUTION:: Time: 8510 ns,  Iteration: 1,  Instance: /testbench/uut/INT_Register_bank,  Process: line__55.
# EXECUTION:: NOTE   : Simulation time : 8520000 ps.  Data written: 2, in Reg = 2
# EXECUTION:: Time: 8520 ns,  Iteration: 1,  Instance: /testbench/uut/INT_Register_bank,  Process: line__55.
# EXECUTION:: NOTE   : Simulation time : 8530000 ps.  Data written: 0, in Reg = 4
# EXECUTION:: Time: 8530 ns,  Iteration: 1,  Instance: /testbench/uut/INT_Register_bank,  Process: line__55.
# EXECUTION:: NOTE   : Simulation time : 8540000 ps.  Data written: 88, in Reg = 6
# EXECUTION:: Time: 8540 ns,  Iteration: 1,  Instance: /testbench/uut/INT_Register_bank,  Process: line__55.
# EXECUTION:: NOTE   : Simulation time : 8560000 ps.  Data written: 82, in Reg = 5
# EXECUTION:: Time: 8560 ns,  Iteration: 1,  Instance: /testbench/uut/INT_Register_bank,  Process: line__55.
# EXECUTION:: NOTE   : Simulation time : 8570000 ps.  Data written: 3886, in Reg = 7
# EXECUTION:: Time: 8570 ns,  Iteration: 1,  Instance: /testbench/uut/INT_Register_bank,  Process: line__55.
# EXECUTION:: NOTE   : Simulation time : 8585000 ps.  Data written: 3798, in ADDR = 0
# EXECUTION:: Time: 8585 ns,  Iteration: 1,  Instance: /testbench/uut/Mem_D,  Process: line__79.
# EXECUTION:: NOTE   : Simulation time : 8600000 ps.  Data written: 1, in Reg = 1
# EXECUTION:: Time: 8600 ns,  Iteration: 1,  Instance: /testbench/uut/INT_Register_bank,  Process: line__55.
# EXECUTION:: NOTE   : Simulation time : 8610000 ps.  Data written: 2, in Reg = 2
# EXECUTION:: Time: 8610 ns,  Iteration: 1,  Instance: /testbench/uut/INT_Register_bank,  Process: line__55.
# EXECUTION:: NOTE   : Simulation time : 8620000 ps.  Data written: 0, in Reg = 4
# EXECUTION:: Time: 8620 ns,  Iteration: 1,  Instance: /testbench/uut/INT_Register_bank,  Process: line__55.
# EXECUTION:: NOTE   : Simulation time : 8630000 ps.  Data written: 89, in Reg = 6
# EXECUTION:: Time: 8630 ns,  Iteration: 1,  Instance: /testbench/uut/INT_Register_bank,  Process: line__55.
# EXECUTION:: NOTE   : Simulation time : 8650000 ps.  Data written: 83, in Reg = 5
# EXECUTION:: Time: 8650 ns,  Iteration: 1,  Instance: /testbench/uut/INT_Register_bank,  Process: line__55.
# EXECUTION:: NOTE   : Simulation time : 8660000 ps.  Data written: 3975, in Reg = 7
# EXECUTION:: Time: 8660 ns,  Iteration: 1,  Instance: /testbench/uut/INT_Register_bank,  Process: line__55.
# EXECUTION:: NOTE   : Simulation time : 8675000 ps.  Data written: 3886, in ADDR = 0
# EXECUTION:: Time: 8675 ns,  Iteration: 1,  Instance: /testbench/uut/Mem_D,  Process: line__79.
# EXECUTION:: NOTE   : Simulation time : 8690000 ps.  Data written: 1, in Reg = 1
# EXECUTION:: Time: 8690 ns,  Iteration: 1,  Instance: /testbench/uut/INT_Register_bank,  Process: line__55.
# EXECUTION:: NOTE   : Simulation time : 8700000 ps.  Data written: 2, in Reg = 2
# EXECUTION:: Time: 8700 ns,  Iteration: 1,  Instance: /testbench/uut/INT_Register_bank,  Process: line__55.
# EXECUTION:: NOTE   : Simulation time : 8710000 ps.  Data written: 0, in Reg = 4
# EXECUTION:: Time: 8710 ns,  Iteration: 1,  Instance: /testbench/uut/INT_Register_bank,  Process: line__55.
# EXECUTION:: NOTE   : Simulation time : 8720000 ps.  Data written: 90, in Reg = 6
# EXECUTION:: Time: 8720 ns,  Iteration: 1,  Instance: /testbench/uut/INT_Register_bank,  Process: line__55.
# EXECUTION:: NOTE   : Simulation time : 8740000 ps.  Data written: 84, in Reg = 5
# EXECUTION:: Time: 8740 ns,  Iteration: 1,  Instance: /testbench/uut/INT_Register_bank,  Process: line__55.
# EXECUTION:: NOTE   : Simulation time : 8750000 ps.  Data written: 4065, in Reg = 7
# EXECUTION:: Time: 8750 ns,  Iteration: 1,  Instance: /testbench/uut/INT_Register_bank,  Process: line__55.
# EXECUTION:: NOTE   : Simulation time : 8765000 ps.  Data written: 3975, in ADDR = 0
# EXECUTION:: Time: 8765 ns,  Iteration: 1,  Instance: /testbench/uut/Mem_D,  Process: line__79.
# EXECUTION:: NOTE   : Simulation time : 8780000 ps.  Data written: 1, in Reg = 1
# EXECUTION:: Time: 8780 ns,  Iteration: 1,  Instance: /testbench/uut/INT_Register_bank,  Process: line__55.
# EXECUTION:: NOTE   : Simulation time : 8790000 ps.  Data written: 2, in Reg = 2
# EXECUTION:: Time: 8790 ns,  Iteration: 1,  Instance: /testbench/uut/INT_Register_bank,  Process: line__55.
# EXECUTION:: NOTE   : Simulation time : 8800000 ps.  Data written: 0, in Reg = 4
# EXECUTION:: Time: 8800 ns,  Iteration: 1,  Instance: /testbench/uut/INT_Register_bank,  Process: line__55.
# EXECUTION:: NOTE   : Simulation time : 8810000 ps.  Data written: 91, in Reg = 6
# EXECUTION:: Time: 8810 ns,  Iteration: 1,  Instance: /testbench/uut/INT_Register_bank,  Process: line__55.
# EXECUTION:: NOTE   : Simulation time : 8830000 ps.  Data written: 85, in Reg = 5
# EXECUTION:: Time: 8830 ns,  Iteration: 1,  Instance: /testbench/uut/INT_Register_bank,  Process: line__55.
# EXECUTION:: NOTE   : Simulation time : 8840000 ps.  Data written: 4156, in Reg = 7
# EXECUTION:: Time: 8840 ns,  Iteration: 1,  Instance: /testbench/uut/INT_Register_bank,  Process: line__55.
# EXECUTION:: NOTE   : Simulation time : 8855000 ps.  Data written: 4065, in ADDR = 0
# EXECUTION:: Time: 8855 ns,  Iteration: 1,  Instance: /testbench/uut/Mem_D,  Process: line__79.
# EXECUTION:: NOTE   : Simulation time : 8870000 ps.  Data written: 1, in Reg = 1
# EXECUTION:: Time: 8870 ns,  Iteration: 1,  Instance: /testbench/uut/INT_Register_bank,  Process: line__55.
# EXECUTION:: NOTE   : Simulation time : 8880000 ps.  Data written: 2, in Reg = 2
# EXECUTION:: Time: 8880 ns,  Iteration: 1,  Instance: /testbench/uut/INT_Register_bank,  Process: line__55.
# EXECUTION:: NOTE   : Simulation time : 8890000 ps.  Data written: 0, in Reg = 4
# EXECUTION:: Time: 8890 ns,  Iteration: 1,  Instance: /testbench/uut/INT_Register_bank,  Process: line__55.
# EXECUTION:: NOTE   : Simulation time : 8900000 ps.  Data written: 92, in Reg = 6
# EXECUTION:: Time: 8900 ns,  Iteration: 1,  Instance: /testbench/uut/INT_Register_bank,  Process: line__55.
# EXECUTION:: NOTE   : Simulation time : 8920000 ps.  Data written: 86, in Reg = 5
# EXECUTION:: Time: 8920 ns,  Iteration: 1,  Instance: /testbench/uut/INT_Register_bank,  Process: line__55.
# EXECUTION:: NOTE   : Simulation time : 8930000 ps.  Data written: 4248, in Reg = 7
# EXECUTION:: Time: 8930 ns,  Iteration: 1,  Instance: /testbench/uut/INT_Register_bank,  Process: line__55.
# EXECUTION:: NOTE   : Simulation time : 8945000 ps.  Data written: 4156, in ADDR = 0
# EXECUTION:: Time: 8945 ns,  Iteration: 1,  Instance: /testbench/uut/Mem_D,  Process: line__79.
# EXECUTION:: NOTE   : Simulation time : 8960000 ps.  Data written: 1, in Reg = 1
# EXECUTION:: Time: 8960 ns,  Iteration: 1,  Instance: /testbench/uut/INT_Register_bank,  Process: line__55.
# EXECUTION:: NOTE   : Simulation time : 8970000 ps.  Data written: 2, in Reg = 2
# EXECUTION:: Time: 8970 ns,  Iteration: 1,  Instance: /testbench/uut/INT_Register_bank,  Process: line__55.
# EXECUTION:: NOTE   : Simulation time : 8980000 ps.  Data written: 0, in Reg = 4
# EXECUTION:: Time: 8980 ns,  Iteration: 1,  Instance: /testbench/uut/INT_Register_bank,  Process: line__55.
# EXECUTION:: NOTE   : Simulation time : 8990000 ps.  Data written: 93, in Reg = 6
# EXECUTION:: Time: 8990 ns,  Iteration: 1,  Instance: /testbench/uut/INT_Register_bank,  Process: line__55.
# EXECUTION:: NOTE   : Simulation time : 9010000 ps.  Data written: 87, in Reg = 5
# EXECUTION:: Time: 9010 ns,  Iteration: 1,  Instance: /testbench/uut/INT_Register_bank,  Process: line__55.
# EXECUTION:: NOTE   : Simulation time : 9020000 ps.  Data written: 4341, in Reg = 7
# EXECUTION:: Time: 9020 ns,  Iteration: 1,  Instance: /testbench/uut/INT_Register_bank,  Process: line__55.
# EXECUTION:: NOTE   : Simulation time : 9035000 ps.  Data written: 4248, in ADDR = 0
# EXECUTION:: Time: 9035 ns,  Iteration: 1,  Instance: /testbench/uut/Mem_D,  Process: line__79.
# EXECUTION:: NOTE   : Simulation time : 9050000 ps.  Data written: 1, in Reg = 1
# EXECUTION:: Time: 9050 ns,  Iteration: 1,  Instance: /testbench/uut/INT_Register_bank,  Process: line__55.
# EXECUTION:: NOTE   : Simulation time : 9060000 ps.  Data written: 2, in Reg = 2
# EXECUTION:: Time: 9060 ns,  Iteration: 1,  Instance: /testbench/uut/INT_Register_bank,  Process: line__55.
# EXECUTION:: NOTE   : Simulation time : 9070000 ps.  Data written: 0, in Reg = 4
# EXECUTION:: Time: 9070 ns,  Iteration: 1,  Instance: /testbench/uut/INT_Register_bank,  Process: line__55.
# EXECUTION:: NOTE   : Simulation time : 9080000 ps.  Data written: 94, in Reg = 6
# EXECUTION:: Time: 9080 ns,  Iteration: 1,  Instance: /testbench/uut/INT_Register_bank,  Process: line__55.
# EXECUTION:: NOTE   : Simulation time : 9100000 ps.  Data written: 88, in Reg = 5
# EXECUTION:: Time: 9100 ns,  Iteration: 1,  Instance: /testbench/uut/INT_Register_bank,  Process: line__55.
# EXECUTION:: NOTE   : Simulation time : 9110000 ps.  Data written: 4435, in Reg = 7
# EXECUTION:: Time: 9110 ns,  Iteration: 1,  Instance: /testbench/uut/INT_Register_bank,  Process: line__55.
# EXECUTION:: NOTE   : Simulation time : 9125000 ps.  Data written: 4341, in ADDR = 0
# EXECUTION:: Time: 9125 ns,  Iteration: 1,  Instance: /testbench/uut/Mem_D,  Process: line__79.
# EXECUTION:: NOTE   : Simulation time : 9140000 ps.  Data written: 1, in Reg = 1
# EXECUTION:: Time: 9140 ns,  Iteration: 1,  Instance: /testbench/uut/INT_Register_bank,  Process: line__55.
# EXECUTION:: NOTE   : Simulation time : 9150000 ps.  Data written: 2, in Reg = 2
# EXECUTION:: Time: 9150 ns,  Iteration: 1,  Instance: /testbench/uut/INT_Register_bank,  Process: line__55.
# EXECUTION:: NOTE   : Simulation time : 9160000 ps.  Data written: 0, in Reg = 4
# EXECUTION:: Time: 9160 ns,  Iteration: 1,  Instance: /testbench/uut/INT_Register_bank,  Process: line__55.
# EXECUTION:: NOTE   : Simulation time : 9170000 ps.  Data written: 95, in Reg = 6
# EXECUTION:: Time: 9170 ns,  Iteration: 1,  Instance: /testbench/uut/INT_Register_bank,  Process: line__55.
# EXECUTION:: NOTE   : Simulation time : 9190000 ps.  Data written: 89, in Reg = 5
# EXECUTION:: Time: 9190 ns,  Iteration: 1,  Instance: /testbench/uut/INT_Register_bank,  Process: line__55.
# EXECUTION:: NOTE   : Simulation time : 9200000 ps.  Data written: 4530, in Reg = 7
# EXECUTION:: Time: 9200 ns,  Iteration: 1,  Instance: /testbench/uut/INT_Register_bank,  Process: line__55.
# EXECUTION:: NOTE   : Simulation time : 9215000 ps.  Data written: 4435, in ADDR = 0
# EXECUTION:: Time: 9215 ns,  Iteration: 1,  Instance: /testbench/uut/Mem_D,  Process: line__79.
# EXECUTION:: NOTE   : Simulation time : 9230000 ps.  Data written: 1, in Reg = 1
# EXECUTION:: Time: 9230 ns,  Iteration: 1,  Instance: /testbench/uut/INT_Register_bank,  Process: line__55.
# EXECUTION:: NOTE   : Simulation time : 9240000 ps.  Data written: 2, in Reg = 2
# EXECUTION:: Time: 9240 ns,  Iteration: 1,  Instance: /testbench/uut/INT_Register_bank,  Process: line__55.
# EXECUTION:: NOTE   : Simulation time : 9250000 ps.  Data written: 0, in Reg = 4
# EXECUTION:: Time: 9250 ns,  Iteration: 1,  Instance: /testbench/uut/INT_Register_bank,  Process: line__55.
# EXECUTION:: NOTE   : Simulation time : 9260000 ps.  Data written: 96, in Reg = 6
# EXECUTION:: Time: 9260 ns,  Iteration: 1,  Instance: /testbench/uut/INT_Register_bank,  Process: line__55.
# EXECUTION:: NOTE   : Simulation time : 9280000 ps.  Data written: 90, in Reg = 5
# EXECUTION:: Time: 9280 ns,  Iteration: 1,  Instance: /testbench/uut/INT_Register_bank,  Process: line__55.
# EXECUTION:: NOTE   : Simulation time : 9290000 ps.  Data written: 4626, in Reg = 7
# EXECUTION:: Time: 9290 ns,  Iteration: 1,  Instance: /testbench/uut/INT_Register_bank,  Process: line__55.
# EXECUTION:: NOTE   : Simulation time : 9305000 ps.  Data written: 4530, in ADDR = 0
# EXECUTION:: Time: 9305 ns,  Iteration: 1,  Instance: /testbench/uut/Mem_D,  Process: line__79.
# EXECUTION:: NOTE   : Simulation time : 9320000 ps.  Data written: 1, in Reg = 1
# EXECUTION:: Time: 9320 ns,  Iteration: 1,  Instance: /testbench/uut/INT_Register_bank,  Process: line__55.
# EXECUTION:: NOTE   : Simulation time : 9330000 ps.  Data written: 2, in Reg = 2
# EXECUTION:: Time: 9330 ns,  Iteration: 1,  Instance: /testbench/uut/INT_Register_bank,  Process: line__55.
# EXECUTION:: NOTE   : Simulation time : 9340000 ps.  Data written: 0, in Reg = 4
# EXECUTION:: Time: 9340 ns,  Iteration: 1,  Instance: /testbench/uut/INT_Register_bank,  Process: line__55.
# EXECUTION:: NOTE   : Simulation time : 9350000 ps.  Data written: 97, in Reg = 6
# EXECUTION:: Time: 9350 ns,  Iteration: 1,  Instance: /testbench/uut/INT_Register_bank,  Process: line__55.
# EXECUTION:: NOTE   : Simulation time : 9370000 ps.  Data written: 91, in Reg = 5
# EXECUTION:: Time: 9370 ns,  Iteration: 1,  Instance: /testbench/uut/INT_Register_bank,  Process: line__55.
# EXECUTION:: NOTE   : Simulation time : 9380000 ps.  Data written: 4723, in Reg = 7
# EXECUTION:: Time: 9380 ns,  Iteration: 1,  Instance: /testbench/uut/INT_Register_bank,  Process: line__55.
# EXECUTION:: NOTE   : Simulation time : 9395000 ps.  Data written: 4626, in ADDR = 0
# EXECUTION:: Time: 9395 ns,  Iteration: 1,  Instance: /testbench/uut/Mem_D,  Process: line__79.
# EXECUTION:: NOTE   : Simulation time : 9410000 ps.  Data written: 1, in Reg = 1
# EXECUTION:: Time: 9410 ns,  Iteration: 1,  Instance: /testbench/uut/INT_Register_bank,  Process: line__55.
# EXECUTION:: NOTE   : Simulation time : 9420000 ps.  Data written: 2, in Reg = 2
# EXECUTION:: Time: 9420 ns,  Iteration: 1,  Instance: /testbench/uut/INT_Register_bank,  Process: line__55.
# EXECUTION:: NOTE   : Simulation time : 9430000 ps.  Data written: 0, in Reg = 4
# EXECUTION:: Time: 9430 ns,  Iteration: 1,  Instance: /testbench/uut/INT_Register_bank,  Process: line__55.
# EXECUTION:: NOTE   : Simulation time : 9440000 ps.  Data written: 98, in Reg = 6
# EXECUTION:: Time: 9440 ns,  Iteration: 1,  Instance: /testbench/uut/INT_Register_bank,  Process: line__55.
# EXECUTION:: NOTE   : Simulation time : 9460000 ps.  Data written: 92, in Reg = 5
# EXECUTION:: Time: 9460 ns,  Iteration: 1,  Instance: /testbench/uut/INT_Register_bank,  Process: line__55.
# EXECUTION:: NOTE   : Simulation time : 9470000 ps.  Data written: 4821, in Reg = 7
# EXECUTION:: Time: 9470 ns,  Iteration: 1,  Instance: /testbench/uut/INT_Register_bank,  Process: line__55.
# EXECUTION:: NOTE   : Simulation time : 9485000 ps.  Data written: 4723, in ADDR = 0
# EXECUTION:: Time: 9485 ns,  Iteration: 1,  Instance: /testbench/uut/Mem_D,  Process: line__79.
# EXECUTION:: NOTE   : Simulation time : 9500000 ps.  Data written: 1, in Reg = 1
# EXECUTION:: Time: 9500 ns,  Iteration: 1,  Instance: /testbench/uut/INT_Register_bank,  Process: line__55.
# EXECUTION:: NOTE   : Simulation time : 9510000 ps.  Data written: 2, in Reg = 2
# EXECUTION:: Time: 9510 ns,  Iteration: 1,  Instance: /testbench/uut/INT_Register_bank,  Process: line__55.
# EXECUTION:: NOTE   : Simulation time : 9520000 ps.  Data written: 0, in Reg = 4
# EXECUTION:: Time: 9520 ns,  Iteration: 1,  Instance: /testbench/uut/INT_Register_bank,  Process: line__55.
# EXECUTION:: NOTE   : Simulation time : 9530000 ps.  Data written: 99, in Reg = 6
# EXECUTION:: Time: 9530 ns,  Iteration: 1,  Instance: /testbench/uut/INT_Register_bank,  Process: line__55.
# EXECUTION:: NOTE   : Simulation time : 9550000 ps.  Data written: 93, in Reg = 5
# EXECUTION:: Time: 9550 ns,  Iteration: 1,  Instance: /testbench/uut/INT_Register_bank,  Process: line__55.
# EXECUTION:: NOTE   : Simulation time : 9560000 ps.  Data written: 4920, in Reg = 7
# EXECUTION:: Time: 9560 ns,  Iteration: 1,  Instance: /testbench/uut/INT_Register_bank,  Process: line__55.
# EXECUTION:: NOTE   : Simulation time : 9575000 ps.  Data written: 4821, in ADDR = 0
# EXECUTION:: Time: 9575 ns,  Iteration: 1,  Instance: /testbench/uut/Mem_D,  Process: line__79.
# EXECUTION:: NOTE   : Simulation time : 9590000 ps.  Data written: 1, in Reg = 1
# EXECUTION:: Time: 9590 ns,  Iteration: 1,  Instance: /testbench/uut/INT_Register_bank,  Process: line__55.
# EXECUTION:: NOTE   : Simulation time : 9600000 ps.  Data written: 2, in Reg = 2
# EXECUTION:: Time: 9600 ns,  Iteration: 1,  Instance: /testbench/uut/INT_Register_bank,  Process: line__55.
# EXECUTION:: NOTE   : Simulation time : 9610000 ps.  Data written: 0, in Reg = 4
# EXECUTION:: Time: 9610 ns,  Iteration: 1,  Instance: /testbench/uut/INT_Register_bank,  Process: line__55.
# EXECUTION:: NOTE   : Simulation time : 9620000 ps.  Data written: 100, in Reg = 6
# EXECUTION:: Time: 9620 ns,  Iteration: 1,  Instance: /testbench/uut/INT_Register_bank,  Process: line__55.
# EXECUTION:: NOTE   : Simulation time : 9640000 ps.  Data written: 94, in Reg = 5
# EXECUTION:: Time: 9640 ns,  Iteration: 1,  Instance: /testbench/uut/INT_Register_bank,  Process: line__55.
# EXECUTION:: NOTE   : Simulation time : 9650000 ps.  Data written: 5020, in Reg = 7
# EXECUTION:: Time: 9650 ns,  Iteration: 1,  Instance: /testbench/uut/INT_Register_bank,  Process: line__55.
# EXECUTION:: NOTE   : Simulation time : 9665000 ps.  Data written: 4920, in ADDR = 0
# EXECUTION:: Time: 9665 ns,  Iteration: 1,  Instance: /testbench/uut/Mem_D,  Process: line__79.
# EXECUTION:: NOTE   : Simulation time : 9680000 ps.  Data written: 1, in Reg = 1
# EXECUTION:: Time: 9680 ns,  Iteration: 1,  Instance: /testbench/uut/INT_Register_bank,  Process: line__55.
# EXECUTION:: NOTE   : Simulation time : 9690000 ps.  Data written: 2, in Reg = 2
# EXECUTION:: Time: 9690 ns,  Iteration: 1,  Instance: /testbench/uut/INT_Register_bank,  Process: line__55.
# EXECUTION:: NOTE   : Simulation time : 9700000 ps.  Data written: 0, in Reg = 4
# EXECUTION:: Time: 9700 ns,  Iteration: 1,  Instance: /testbench/uut/INT_Register_bank,  Process: line__55.
# EXECUTION:: NOTE   : Simulation time : 9710000 ps.  Data written: 101, in Reg = 6
# EXECUTION:: Time: 9710 ns,  Iteration: 1,  Instance: /testbench/uut/INT_Register_bank,  Process: line__55.
# EXECUTION:: NOTE   : Simulation time : 9730000 ps.  Data written: 95, in Reg = 5
# EXECUTION:: Time: 9730 ns,  Iteration: 1,  Instance: /testbench/uut/INT_Register_bank,  Process: line__55.
# EXECUTION:: NOTE   : Simulation time : 9740000 ps.  Data written: 5121, in Reg = 7
# EXECUTION:: Time: 9740 ns,  Iteration: 1,  Instance: /testbench/uut/INT_Register_bank,  Process: line__55.
# EXECUTION:: NOTE   : Simulation time : 9755000 ps.  Data written: 5020, in ADDR = 0
# EXECUTION:: Time: 9755 ns,  Iteration: 1,  Instance: /testbench/uut/Mem_D,  Process: line__79.
# EXECUTION:: NOTE   : Simulation time : 9770000 ps.  Data written: 1, in Reg = 1
# EXECUTION:: Time: 9770 ns,  Iteration: 1,  Instance: /testbench/uut/INT_Register_bank,  Process: line__55.
# EXECUTION:: NOTE   : Simulation time : 9780000 ps.  Data written: 2, in Reg = 2
# EXECUTION:: Time: 9780 ns,  Iteration: 1,  Instance: /testbench/uut/INT_Register_bank,  Process: line__55.
# EXECUTION:: NOTE   : Simulation time : 9790000 ps.  Data written: 0, in Reg = 4
# EXECUTION:: Time: 9790 ns,  Iteration: 1,  Instance: /testbench/uut/INT_Register_bank,  Process: line__55.
# EXECUTION:: NOTE   : Simulation time : 9800000 ps.  Data written: 102, in Reg = 6
# EXECUTION:: Time: 9800 ns,  Iteration: 1,  Instance: /testbench/uut/INT_Register_bank,  Process: line__55.
# EXECUTION:: NOTE   : Simulation time : 9820000 ps.  Data written: 96, in Reg = 5
# EXECUTION:: Time: 9820 ns,  Iteration: 1,  Instance: /testbench/uut/INT_Register_bank,  Process: line__55.
# EXECUTION:: NOTE   : Simulation time : 9830000 ps.  Data written: 5223, in Reg = 7
# EXECUTION:: Time: 9830 ns,  Iteration: 1,  Instance: /testbench/uut/INT_Register_bank,  Process: line__55.
# EXECUTION:: NOTE   : Simulation time : 9845000 ps.  Data written: 5121, in ADDR = 0
# EXECUTION:: Time: 9845 ns,  Iteration: 1,  Instance: /testbench/uut/Mem_D,  Process: line__79.
# EXECUTION:: NOTE   : Simulation time : 9860000 ps.  Data written: 1, in Reg = 1
# EXECUTION:: Time: 9860 ns,  Iteration: 1,  Instance: /testbench/uut/INT_Register_bank,  Process: line__55.
# EXECUTION:: NOTE   : Simulation time : 9870000 ps.  Data written: 2, in Reg = 2
# EXECUTION:: Time: 9870 ns,  Iteration: 1,  Instance: /testbench/uut/INT_Register_bank,  Process: line__55.
# EXECUTION:: NOTE   : Simulation time : 9880000 ps.  Data written: 0, in Reg = 4
# EXECUTION:: Time: 9880 ns,  Iteration: 1,  Instance: /testbench/uut/INT_Register_bank,  Process: line__55.
# EXECUTION:: NOTE   : Simulation time : 9890000 ps.  Data written: 103, in Reg = 6
# EXECUTION:: Time: 9890 ns,  Iteration: 1,  Instance: /testbench/uut/INT_Register_bank,  Process: line__55.
# EXECUTION:: NOTE   : Simulation time : 9910000 ps.  Data written: 97, in Reg = 5
# EXECUTION:: Time: 9910 ns,  Iteration: 1,  Instance: /testbench/uut/INT_Register_bank,  Process: line__55.
# EXECUTION:: NOTE   : Simulation time : 9920000 ps.  Data written: 5326, in Reg = 7
# EXECUTION:: Time: 9920 ns,  Iteration: 1,  Instance: /testbench/uut/INT_Register_bank,  Process: line__55.
# EXECUTION:: NOTE   : Simulation time : 9935000 ps.  Data written: 5223, in ADDR = 0
# EXECUTION:: Time: 9935 ns,  Iteration: 1,  Instance: /testbench/uut/Mem_D,  Process: line__79.
# EXECUTION:: NOTE   : Simulation time : 9950000 ps.  Data written: 1, in Reg = 1
# EXECUTION:: Time: 9950 ns,  Iteration: 1,  Instance: /testbench/uut/INT_Register_bank,  Process: line__55.
# EXECUTION:: NOTE   : Simulation time : 9960000 ps.  Data written: 2, in Reg = 2
# EXECUTION:: Time: 9960 ns,  Iteration: 1,  Instance: /testbench/uut/INT_Register_bank,  Process: line__55.
# EXECUTION:: NOTE   : Simulation time : 9970000 ps.  Data written: 0, in Reg = 4
# EXECUTION:: Time: 9970 ns,  Iteration: 1,  Instance: /testbench/uut/INT_Register_bank,  Process: line__55.
# EXECUTION:: NOTE   : Simulation time : 9980000 ps.  Data written: 104, in Reg = 6
# EXECUTION:: Time: 9980 ns,  Iteration: 1,  Instance: /testbench/uut/INT_Register_bank,  Process: line__55.
# EXECUTION:: NOTE   : Simulation time : 10000000 ps.  Data written: 98, in Reg = 5
# EXECUTION:: Time: 10 us,  Iteration: 1,  Instance: /testbench/uut/INT_Register_bank,  Process: line__55.
# EXECUTION:: NOTE   : Simulation time : 10010000 ps.  Data written: 5430, in Reg = 7
# EXECUTION:: Time: 10010 ns,  Iteration: 1,  Instance: /testbench/uut/INT_Register_bank,  Process: line__55.
# EXECUTION:: NOTE   : Simulation time : 10025000 ps.  Data written: 5326, in ADDR = 0
# EXECUTION:: Time: 10025 ns,  Iteration: 1,  Instance: /testbench/uut/Mem_D,  Process: line__79.
# EXECUTION:: NOTE   : Simulation time : 10040000 ps.  Data written: 1, in Reg = 1
# EXECUTION:: Time: 10040 ns,  Iteration: 1,  Instance: /testbench/uut/INT_Register_bank,  Process: line__55.
# EXECUTION:: NOTE   : Simulation time : 10050000 ps.  Data written: 2, in Reg = 2
# EXECUTION:: Time: 10050 ns,  Iteration: 1,  Instance: /testbench/uut/INT_Register_bank,  Process: line__55.
# EXECUTION:: NOTE   : Simulation time : 10060000 ps.  Data written: 0, in Reg = 4
# EXECUTION:: Time: 10060 ns,  Iteration: 1,  Instance: /testbench/uut/INT_Register_bank,  Process: line__55.
# EXECUTION:: NOTE   : Simulation time : 10070000 ps.  Data written: 105, in Reg = 6
# EXECUTION:: Time: 10070 ns,  Iteration: 1,  Instance: /testbench/uut/INT_Register_bank,  Process: line__55.
# EXECUTION:: NOTE   : Simulation time : 10090000 ps.  Data written: 99, in Reg = 5
# EXECUTION:: Time: 10090 ns,  Iteration: 1,  Instance: /testbench/uut/INT_Register_bank,  Process: line__55.
# EXECUTION:: NOTE   : Simulation time : 10100000 ps.  Data written: 5535, in Reg = 7
# EXECUTION:: Time: 10100 ns,  Iteration: 1,  Instance: /testbench/uut/INT_Register_bank,  Process: line__55.
# EXECUTION:: NOTE   : Simulation time : 10115000 ps.  Data written: 5430, in ADDR = 0
# EXECUTION:: Time: 10115 ns,  Iteration: 1,  Instance: /testbench/uut/Mem_D,  Process: line__79.
# EXECUTION:: NOTE   : Simulation time : 10130000 ps.  Data written: 1, in Reg = 1
# EXECUTION:: Time: 10130 ns,  Iteration: 1,  Instance: /testbench/uut/INT_Register_bank,  Process: line__55.
# EXECUTION:: NOTE   : Simulation time : 10140000 ps.  Data written: 2, in Reg = 2
# EXECUTION:: Time: 10140 ns,  Iteration: 1,  Instance: /testbench/uut/INT_Register_bank,  Process: line__55.
# EXECUTION:: NOTE   : Simulation time : 10150000 ps.  Data written: 0, in Reg = 4
# EXECUTION:: Time: 10150 ns,  Iteration: 1,  Instance: /testbench/uut/INT_Register_bank,  Process: line__55.
# EXECUTION:: NOTE   : Simulation time : 10160000 ps.  Data written: 106, in Reg = 6
# EXECUTION:: Time: 10160 ns,  Iteration: 1,  Instance: /testbench/uut/INT_Register_bank,  Process: line__55.
# EXECUTION:: NOTE   : Simulation time : 10180000 ps.  Data written: 100, in Reg = 5
# EXECUTION:: Time: 10180 ns,  Iteration: 1,  Instance: /testbench/uut/INT_Register_bank,  Process: line__55.
# EXECUTION:: NOTE   : Simulation time : 10190000 ps.  Data written: 5641, in Reg = 7
# EXECUTION:: Time: 10190 ns,  Iteration: 1,  Instance: /testbench/uut/INT_Register_bank,  Process: line__55.
# EXECUTION:: NOTE   : Simulation time : 10205000 ps.  Data written: 5535, in ADDR = 0
# EXECUTION:: Time: 10205 ns,  Iteration: 1,  Instance: /testbench/uut/Mem_D,  Process: line__79.
# EXECUTION:: NOTE   : Simulation time : 10220000 ps.  Data written: 1, in Reg = 1
# EXECUTION:: Time: 10220 ns,  Iteration: 1,  Instance: /testbench/uut/INT_Register_bank,  Process: line__55.
# EXECUTION:: NOTE   : Simulation time : 10230000 ps.  Data written: 2, in Reg = 2
# EXECUTION:: Time: 10230 ns,  Iteration: 1,  Instance: /testbench/uut/INT_Register_bank,  Process: line__55.
# EXECUTION:: NOTE   : Simulation time : 10240000 ps.  Data written: 0, in Reg = 4
# EXECUTION:: Time: 10240 ns,  Iteration: 1,  Instance: /testbench/uut/INT_Register_bank,  Process: line__55.
# EXECUTION:: NOTE   : Simulation time : 10250000 ps.  Data written: 107, in Reg = 6
# EXECUTION:: Time: 10250 ns,  Iteration: 1,  Instance: /testbench/uut/INT_Register_bank,  Process: line__55.
# EXECUTION:: NOTE   : Simulation time : 10270000 ps.  Data written: 101, in Reg = 5
# EXECUTION:: Time: 10270 ns,  Iteration: 1,  Instance: /testbench/uut/INT_Register_bank,  Process: line__55.
# EXECUTION:: NOTE   : Simulation time : 10280000 ps.  Data written: 5748, in Reg = 7
# EXECUTION:: Time: 10280 ns,  Iteration: 1,  Instance: /testbench/uut/INT_Register_bank,  Process: line__55.
# EXECUTION:: NOTE   : Simulation time : 10295000 ps.  Data written: 5641, in ADDR = 0
# EXECUTION:: Time: 10295 ns,  Iteration: 1,  Instance: /testbench/uut/Mem_D,  Process: line__79.
# EXECUTION:: NOTE   : Simulation time : 10310000 ps.  Data written: 1, in Reg = 1
# EXECUTION:: Time: 10310 ns,  Iteration: 1,  Instance: /testbench/uut/INT_Register_bank,  Process: line__55.
# EXECUTION:: NOTE   : Simulation time : 10320000 ps.  Data written: 2, in Reg = 2
# EXECUTION:: Time: 10320 ns,  Iteration: 1,  Instance: /testbench/uut/INT_Register_bank,  Process: line__55.
# EXECUTION:: NOTE   : Simulation time : 10330000 ps.  Data written: 0, in Reg = 4
# EXECUTION:: Time: 10330 ns,  Iteration: 1,  Instance: /testbench/uut/INT_Register_bank,  Process: line__55.
# EXECUTION:: NOTE   : Simulation time : 10340000 ps.  Data written: 108, in Reg = 6
# EXECUTION:: Time: 10340 ns,  Iteration: 1,  Instance: /testbench/uut/INT_Register_bank,  Process: line__55.
# EXECUTION:: NOTE   : Simulation time : 10360000 ps.  Data written: 102, in Reg = 5
# EXECUTION:: Time: 10360 ns,  Iteration: 1,  Instance: /testbench/uut/INT_Register_bank,  Process: line__55.
# EXECUTION:: NOTE   : Simulation time : 10370000 ps.  Data written: 5856, in Reg = 7
# EXECUTION:: Time: 10370 ns,  Iteration: 1,  Instance: /testbench/uut/INT_Register_bank,  Process: line__55.
# EXECUTION:: NOTE   : Simulation time : 10385000 ps.  Data written: 5748, in ADDR = 0
# EXECUTION:: Time: 10385 ns,  Iteration: 1,  Instance: /testbench/uut/Mem_D,  Process: line__79.
# EXECUTION:: NOTE   : Simulation time : 10400000 ps.  Data written: 1, in Reg = 1
# EXECUTION:: Time: 10400 ns,  Iteration: 1,  Instance: /testbench/uut/INT_Register_bank,  Process: line__55.
# EXECUTION:: NOTE   : Simulation time : 10410000 ps.  Data written: 2, in Reg = 2
# EXECUTION:: Time: 10410 ns,  Iteration: 1,  Instance: /testbench/uut/INT_Register_bank,  Process: line__55.
# EXECUTION:: NOTE   : Simulation time : 10420000 ps.  Data written: 0, in Reg = 4
# EXECUTION:: Time: 10420 ns,  Iteration: 1,  Instance: /testbench/uut/INT_Register_bank,  Process: line__55.
# EXECUTION:: NOTE   : Simulation time : 10430000 ps.  Data written: 109, in Reg = 6
# EXECUTION:: Time: 10430 ns,  Iteration: 1,  Instance: /testbench/uut/INT_Register_bank,  Process: line__55.
# EXECUTION:: NOTE   : Simulation time : 10450000 ps.  Data written: 103, in Reg = 5
# EXECUTION:: Time: 10450 ns,  Iteration: 1,  Instance: /testbench/uut/INT_Register_bank,  Process: line__55.
# EXECUTION:: NOTE   : Simulation time : 10460000 ps.  Data written: 5965, in Reg = 7
# EXECUTION:: Time: 10460 ns,  Iteration: 1,  Instance: /testbench/uut/INT_Register_bank,  Process: line__55.
# EXECUTION:: NOTE   : Simulation time : 10475000 ps.  Data written: 5856, in ADDR = 0
# EXECUTION:: Time: 10475 ns,  Iteration: 1,  Instance: /testbench/uut/Mem_D,  Process: line__79.
# EXECUTION:: NOTE   : Simulation time : 10490000 ps.  Data written: 1, in Reg = 1
# EXECUTION:: Time: 10490 ns,  Iteration: 1,  Instance: /testbench/uut/INT_Register_bank,  Process: line__55.
# EXECUTION:: NOTE   : Simulation time : 10500000 ps.  Data written: 2, in Reg = 2
# EXECUTION:: Time: 10500 ns,  Iteration: 1,  Instance: /testbench/uut/INT_Register_bank,  Process: line__55.
# EXECUTION:: NOTE   : Simulation time : 10510000 ps.  Data written: 0, in Reg = 4
# EXECUTION:: Time: 10510 ns,  Iteration: 1,  Instance: /testbench/uut/INT_Register_bank,  Process: line__55.
# EXECUTION:: NOTE   : Simulation time : 10520000 ps.  Data written: 110, in Reg = 6
# EXECUTION:: Time: 10520 ns,  Iteration: 1,  Instance: /testbench/uut/INT_Register_bank,  Process: line__55.
# EXECUTION:: NOTE   : Simulation time : 10540000 ps.  Data written: 104, in Reg = 5
# EXECUTION:: Time: 10540 ns,  Iteration: 1,  Instance: /testbench/uut/INT_Register_bank,  Process: line__55.
# EXECUTION:: NOTE   : Simulation time : 10550000 ps.  Data written: 6075, in Reg = 7
# EXECUTION:: Time: 10550 ns,  Iteration: 1,  Instance: /testbench/uut/INT_Register_bank,  Process: line__55.
# EXECUTION:: NOTE   : Simulation time : 10565000 ps.  Data written: 5965, in ADDR = 0
# EXECUTION:: Time: 10565 ns,  Iteration: 1,  Instance: /testbench/uut/Mem_D,  Process: line__79.
# EXECUTION:: NOTE   : Simulation time : 10580000 ps.  Data written: 1, in Reg = 1
# EXECUTION:: Time: 10580 ns,  Iteration: 1,  Instance: /testbench/uut/INT_Register_bank,  Process: line__55.
# EXECUTION:: NOTE   : Simulation time : 10590000 ps.  Data written: 2, in Reg = 2
# EXECUTION:: Time: 10590 ns,  Iteration: 1,  Instance: /testbench/uut/INT_Register_bank,  Process: line__55.
# EXECUTION:: NOTE   : Simulation time : 10600000 ps.  Data written: 0, in Reg = 4
# EXECUTION:: Time: 10600 ns,  Iteration: 1,  Instance: /testbench/uut/INT_Register_bank,  Process: line__55.
# EXECUTION:: NOTE   : Simulation time : 10610000 ps.  Data written: 111, in Reg = 6
# EXECUTION:: Time: 10610 ns,  Iteration: 1,  Instance: /testbench/uut/INT_Register_bank,  Process: line__55.
# EXECUTION:: NOTE   : Simulation time : 10630000 ps.  Data written: 105, in Reg = 5
# EXECUTION:: Time: 10630 ns,  Iteration: 1,  Instance: /testbench/uut/INT_Register_bank,  Process: line__55.
# EXECUTION:: NOTE   : Simulation time : 10640000 ps.  Data written: 6186, in Reg = 7
# EXECUTION:: Time: 10640 ns,  Iteration: 1,  Instance: /testbench/uut/INT_Register_bank,  Process: line__55.
# EXECUTION:: NOTE   : Simulation time : 10655000 ps.  Data written: 6075, in ADDR = 0
# EXECUTION:: Time: 10655 ns,  Iteration: 1,  Instance: /testbench/uut/Mem_D,  Process: line__79.
# EXECUTION:: NOTE   : Simulation time : 10670000 ps.  Data written: 1, in Reg = 1
# EXECUTION:: Time: 10670 ns,  Iteration: 1,  Instance: /testbench/uut/INT_Register_bank,  Process: line__55.
# EXECUTION:: NOTE   : Simulation time : 10680000 ps.  Data written: 2, in Reg = 2
# EXECUTION:: Time: 10680 ns,  Iteration: 1,  Instance: /testbench/uut/INT_Register_bank,  Process: line__55.
# EXECUTION:: NOTE   : Simulation time : 10690000 ps.  Data written: 0, in Reg = 4
# EXECUTION:: Time: 10690 ns,  Iteration: 1,  Instance: /testbench/uut/INT_Register_bank,  Process: line__55.
# EXECUTION:: NOTE   : Simulation time : 10700000 ps.  Data written: 112, in Reg = 6
# EXECUTION:: Time: 10700 ns,  Iteration: 1,  Instance: /testbench/uut/INT_Register_bank,  Process: line__55.
# EXECUTION:: NOTE   : Simulation time : 10720000 ps.  Data written: 106, in Reg = 5
# EXECUTION:: Time: 10720 ns,  Iteration: 1,  Instance: /testbench/uut/INT_Register_bank,  Process: line__55.
# EXECUTION:: NOTE   : Simulation time : 10730000 ps.  Data written: 6298, in Reg = 7
# EXECUTION:: Time: 10730 ns,  Iteration: 1,  Instance: /testbench/uut/INT_Register_bank,  Process: line__55.
# EXECUTION:: NOTE   : Simulation time : 10745000 ps.  Data written: 6186, in ADDR = 0
# EXECUTION:: Time: 10745 ns,  Iteration: 1,  Instance: /testbench/uut/Mem_D,  Process: line__79.
# EXECUTION:: NOTE   : Simulation time : 10760000 ps.  Data written: 1, in Reg = 1
# EXECUTION:: Time: 10760 ns,  Iteration: 1,  Instance: /testbench/uut/INT_Register_bank,  Process: line__55.
# EXECUTION:: NOTE   : Simulation time : 10770000 ps.  Data written: 2, in Reg = 2
# EXECUTION:: Time: 10770 ns,  Iteration: 1,  Instance: /testbench/uut/INT_Register_bank,  Process: line__55.
# EXECUTION:: NOTE   : Simulation time : 10780000 ps.  Data written: 0, in Reg = 4
# EXECUTION:: Time: 10780 ns,  Iteration: 1,  Instance: /testbench/uut/INT_Register_bank,  Process: line__55.
# EXECUTION:: NOTE   : Simulation time : 10790000 ps.  Data written: 113, in Reg = 6
# EXECUTION:: Time: 10790 ns,  Iteration: 1,  Instance: /testbench/uut/INT_Register_bank,  Process: line__55.
# EXECUTION:: NOTE   : Simulation time : 10810000 ps.  Data written: 107, in Reg = 5
# EXECUTION:: Time: 10810 ns,  Iteration: 1,  Instance: /testbench/uut/INT_Register_bank,  Process: line__55.
# EXECUTION:: NOTE   : Simulation time : 10820000 ps.  Data written: 6411, in Reg = 7
# EXECUTION:: Time: 10820 ns,  Iteration: 1,  Instance: /testbench/uut/INT_Register_bank,  Process: line__55.
# EXECUTION:: NOTE   : Simulation time : 10835000 ps.  Data written: 6298, in ADDR = 0
# EXECUTION:: Time: 10835 ns,  Iteration: 1,  Instance: /testbench/uut/Mem_D,  Process: line__79.
# EXECUTION:: NOTE   : Simulation time : 10850000 ps.  Data written: 1, in Reg = 1
# EXECUTION:: Time: 10850 ns,  Iteration: 1,  Instance: /testbench/uut/INT_Register_bank,  Process: line__55.
# EXECUTION:: NOTE   : Simulation time : 10860000 ps.  Data written: 2, in Reg = 2
# EXECUTION:: Time: 10860 ns,  Iteration: 1,  Instance: /testbench/uut/INT_Register_bank,  Process: line__55.
# EXECUTION:: NOTE   : Simulation time : 10870000 ps.  Data written: 0, in Reg = 4
# EXECUTION:: Time: 10870 ns,  Iteration: 1,  Instance: /testbench/uut/INT_Register_bank,  Process: line__55.
# EXECUTION:: NOTE   : Simulation time : 10880000 ps.  Data written: 114, in Reg = 6
# EXECUTION:: Time: 10880 ns,  Iteration: 1,  Instance: /testbench/uut/INT_Register_bank,  Process: line__55.
# EXECUTION:: NOTE   : Simulation time : 10900000 ps.  Data written: 108, in Reg = 5
# EXECUTION:: Time: 10900 ns,  Iteration: 1,  Instance: /testbench/uut/INT_Register_bank,  Process: line__55.
# EXECUTION:: NOTE   : Simulation time : 10910000 ps.  Data written: 6525, in Reg = 7
# EXECUTION:: Time: 10910 ns,  Iteration: 1,  Instance: /testbench/uut/INT_Register_bank,  Process: line__55.
# EXECUTION:: NOTE   : Simulation time : 10925000 ps.  Data written: 6411, in ADDR = 0
# EXECUTION:: Time: 10925 ns,  Iteration: 1,  Instance: /testbench/uut/Mem_D,  Process: line__79.
# EXECUTION:: NOTE   : Simulation time : 10940000 ps.  Data written: 1, in Reg = 1
# EXECUTION:: Time: 10940 ns,  Iteration: 1,  Instance: /testbench/uut/INT_Register_bank,  Process: line__55.
# EXECUTION:: NOTE   : Simulation time : 10950000 ps.  Data written: 2, in Reg = 2
# EXECUTION:: Time: 10950 ns,  Iteration: 1,  Instance: /testbench/uut/INT_Register_bank,  Process: line__55.
# EXECUTION:: NOTE   : Simulation time : 10960000 ps.  Data written: 0, in Reg = 4
# EXECUTION:: Time: 10960 ns,  Iteration: 1,  Instance: /testbench/uut/INT_Register_bank,  Process: line__55.
# EXECUTION:: NOTE   : Simulation time : 10970000 ps.  Data written: 115, in Reg = 6
# EXECUTION:: Time: 10970 ns,  Iteration: 1,  Instance: /testbench/uut/INT_Register_bank,  Process: line__55.
# EXECUTION:: NOTE   : Simulation time : 10990000 ps.  Data written: 109, in Reg = 5
# EXECUTION:: Time: 10990 ns,  Iteration: 1,  Instance: /testbench/uut/INT_Register_bank,  Process: line__55.
# EXECUTION:: NOTE   : Simulation time : 11000000 ps.  Data written: 6640, in Reg = 7
# EXECUTION:: Time: 11 us,  Iteration: 1,  Instance: /testbench/uut/INT_Register_bank,  Process: line__55.
# EXECUTION:: NOTE   : Simulation time : 11015000 ps.  Data written: 6525, in ADDR = 0
# EXECUTION:: Time: 11015 ns,  Iteration: 1,  Instance: /testbench/uut/Mem_D,  Process: line__79.
# EXECUTION:: NOTE   : Simulation time : 11030000 ps.  Data written: 1, in Reg = 1
# EXECUTION:: Time: 11030 ns,  Iteration: 1,  Instance: /testbench/uut/INT_Register_bank,  Process: line__55.
# EXECUTION:: NOTE   : Simulation time : 11040000 ps.  Data written: 2, in Reg = 2
# EXECUTION:: Time: 11040 ns,  Iteration: 1,  Instance: /testbench/uut/INT_Register_bank,  Process: line__55.
# EXECUTION:: NOTE   : Simulation time : 11050000 ps.  Data written: 0, in Reg = 4
# EXECUTION:: Time: 11050 ns,  Iteration: 1,  Instance: /testbench/uut/INT_Register_bank,  Process: line__55.
# EXECUTION:: NOTE   : Simulation time : 11060000 ps.  Data written: 116, in Reg = 6
# EXECUTION:: Time: 11060 ns,  Iteration: 1,  Instance: /testbench/uut/INT_Register_bank,  Process: line__55.
# EXECUTION:: NOTE   : Simulation time : 11080000 ps.  Data written: 110, in Reg = 5
# EXECUTION:: Time: 11080 ns,  Iteration: 1,  Instance: /testbench/uut/INT_Register_bank,  Process: line__55.
# EXECUTION:: NOTE   : Simulation time : 11090000 ps.  Data written: 6756, in Reg = 7
# EXECUTION:: Time: 11090 ns,  Iteration: 1,  Instance: /testbench/uut/INT_Register_bank,  Process: line__55.
# EXECUTION:: NOTE   : Simulation time : 11105000 ps.  Data written: 6640, in ADDR = 0
# EXECUTION:: Time: 11105 ns,  Iteration: 1,  Instance: /testbench/uut/Mem_D,  Process: line__79.
# EXECUTION:: NOTE   : Simulation time : 11120000 ps.  Data written: 1, in Reg = 1
# EXECUTION:: Time: 11120 ns,  Iteration: 1,  Instance: /testbench/uut/INT_Register_bank,  Process: line__55.
# EXECUTION:: NOTE   : Simulation time : 11130000 ps.  Data written: 2, in Reg = 2
# EXECUTION:: Time: 11130 ns,  Iteration: 1,  Instance: /testbench/uut/INT_Register_bank,  Process: line__55.
# EXECUTION:: NOTE   : Simulation time : 11140000 ps.  Data written: 0, in Reg = 4
# EXECUTION:: Time: 11140 ns,  Iteration: 1,  Instance: /testbench/uut/INT_Register_bank,  Process: line__55.
# EXECUTION:: NOTE   : Simulation time : 11150000 ps.  Data written: 117, in Reg = 6
# EXECUTION:: Time: 11150 ns,  Iteration: 1,  Instance: /testbench/uut/INT_Register_bank,  Process: line__55.
# EXECUTION:: NOTE   : Simulation time : 11170000 ps.  Data written: 111, in Reg = 5
# EXECUTION:: Time: 11170 ns,  Iteration: 1,  Instance: /testbench/uut/INT_Register_bank,  Process: line__55.
# EXECUTION:: NOTE   : Simulation time : 11180000 ps.  Data written: 6873, in Reg = 7
# EXECUTION:: Time: 11180 ns,  Iteration: 1,  Instance: /testbench/uut/INT_Register_bank,  Process: line__55.
# EXECUTION:: NOTE   : Simulation time : 11195000 ps.  Data written: 6756, in ADDR = 0
# EXECUTION:: Time: 11195 ns,  Iteration: 1,  Instance: /testbench/uut/Mem_D,  Process: line__79.
# EXECUTION:: NOTE   : Simulation time : 11210000 ps.  Data written: 1, in Reg = 1
# EXECUTION:: Time: 11210 ns,  Iteration: 1,  Instance: /testbench/uut/INT_Register_bank,  Process: line__55.
# EXECUTION:: NOTE   : Simulation time : 11220000 ps.  Data written: 2, in Reg = 2
# EXECUTION:: Time: 11220 ns,  Iteration: 1,  Instance: /testbench/uut/INT_Register_bank,  Process: line__55.
# EXECUTION:: NOTE   : Simulation time : 11230000 ps.  Data written: 0, in Reg = 4
# EXECUTION:: Time: 11230 ns,  Iteration: 1,  Instance: /testbench/uut/INT_Register_bank,  Process: line__55.
# EXECUTION:: NOTE   : Simulation time : 11240000 ps.  Data written: 118, in Reg = 6
# EXECUTION:: Time: 11240 ns,  Iteration: 1,  Instance: /testbench/uut/INT_Register_bank,  Process: line__55.
# EXECUTION:: NOTE   : Simulation time : 11260000 ps.  Data written: 112, in Reg = 5
# EXECUTION:: Time: 11260 ns,  Iteration: 1,  Instance: /testbench/uut/INT_Register_bank,  Process: line__55.
# EXECUTION:: NOTE   : Simulation time : 11270000 ps.  Data written: 6991, in Reg = 7
# EXECUTION:: Time: 11270 ns,  Iteration: 1,  Instance: /testbench/uut/INT_Register_bank,  Process: line__55.
# EXECUTION:: NOTE   : Simulation time : 11285000 ps.  Data written: 6873, in ADDR = 0
# EXECUTION:: Time: 11285 ns,  Iteration: 1,  Instance: /testbench/uut/Mem_D,  Process: line__79.
# EXECUTION:: NOTE   : Simulation time : 11300000 ps.  Data written: 1, in Reg = 1
# EXECUTION:: Time: 11300 ns,  Iteration: 1,  Instance: /testbench/uut/INT_Register_bank,  Process: line__55.
# EXECUTION:: NOTE   : Simulation time : 11310000 ps.  Data written: 2, in Reg = 2
# EXECUTION:: Time: 11310 ns,  Iteration: 1,  Instance: /testbench/uut/INT_Register_bank,  Process: line__55.
# EXECUTION:: NOTE   : Simulation time : 11320000 ps.  Data written: 0, in Reg = 4
# EXECUTION:: Time: 11320 ns,  Iteration: 1,  Instance: /testbench/uut/INT_Register_bank,  Process: line__55.
# EXECUTION:: NOTE   : Simulation time : 11330000 ps.  Data written: 119, in Reg = 6
# EXECUTION:: Time: 11330 ns,  Iteration: 1,  Instance: /testbench/uut/INT_Register_bank,  Process: line__55.
# EXECUTION:: NOTE   : Simulation time : 11350000 ps.  Data written: 113, in Reg = 5
# EXECUTION:: Time: 11350 ns,  Iteration: 1,  Instance: /testbench/uut/INT_Register_bank,  Process: line__55.
# EXECUTION:: NOTE   : Simulation time : 11360000 ps.  Data written: 7110, in Reg = 7
# EXECUTION:: Time: 11360 ns,  Iteration: 1,  Instance: /testbench/uut/INT_Register_bank,  Process: line__55.
# EXECUTION:: NOTE   : Simulation time : 11375000 ps.  Data written: 6991, in ADDR = 0
# EXECUTION:: Time: 11375 ns,  Iteration: 1,  Instance: /testbench/uut/Mem_D,  Process: line__79.
# EXECUTION:: NOTE   : Simulation time : 11390000 ps.  Data written: 1, in Reg = 1
# EXECUTION:: Time: 11390 ns,  Iteration: 1,  Instance: /testbench/uut/INT_Register_bank,  Process: line__55.
# EXECUTION:: NOTE   : Simulation time : 11400000 ps.  Data written: 2, in Reg = 2
# EXECUTION:: Time: 11400 ns,  Iteration: 1,  Instance: /testbench/uut/INT_Register_bank,  Process: line__55.
# EXECUTION:: NOTE   : Simulation time : 11410000 ps.  Data written: 0, in Reg = 4
# EXECUTION:: Time: 11410 ns,  Iteration: 1,  Instance: /testbench/uut/INT_Register_bank,  Process: line__55.
# EXECUTION:: NOTE   : Simulation time : 11420000 ps.  Data written: 120, in Reg = 6
# EXECUTION:: Time: 11420 ns,  Iteration: 1,  Instance: /testbench/uut/INT_Register_bank,  Process: line__55.
# EXECUTION:: NOTE   : Simulation time : 11440000 ps.  Data written: 114, in Reg = 5
# EXECUTION:: Time: 11440 ns,  Iteration: 1,  Instance: /testbench/uut/INT_Register_bank,  Process: line__55.
# EXECUTION:: NOTE   : Simulation time : 11450000 ps.  Data written: 7230, in Reg = 7
# EXECUTION:: Time: 11450 ns,  Iteration: 1,  Instance: /testbench/uut/INT_Register_bank,  Process: line__55.
# EXECUTION:: NOTE   : Simulation time : 11465000 ps.  Data written: 7110, in ADDR = 0
# EXECUTION:: Time: 11465 ns,  Iteration: 1,  Instance: /testbench/uut/Mem_D,  Process: line__79.
# EXECUTION:: NOTE   : Simulation time : 11480000 ps.  Data written: 1, in Reg = 1
# EXECUTION:: Time: 11480 ns,  Iteration: 1,  Instance: /testbench/uut/INT_Register_bank,  Process: line__55.
# EXECUTION:: NOTE   : Simulation time : 11490000 ps.  Data written: 2, in Reg = 2
# EXECUTION:: Time: 11490 ns,  Iteration: 1,  Instance: /testbench/uut/INT_Register_bank,  Process: line__55.
# EXECUTION:: NOTE   : Simulation time : 11500000 ps.  Data written: 0, in Reg = 4
# EXECUTION:: Time: 11500 ns,  Iteration: 1,  Instance: /testbench/uut/INT_Register_bank,  Process: line__55.
# EXECUTION:: NOTE   : Simulation time : 11510000 ps.  Data written: 121, in Reg = 6
# EXECUTION:: Time: 11510 ns,  Iteration: 1,  Instance: /testbench/uut/INT_Register_bank,  Process: line__55.
# EXECUTION:: NOTE   : Simulation time : 11530000 ps.  Data written: 115, in Reg = 5
# EXECUTION:: Time: 11530 ns,  Iteration: 1,  Instance: /testbench/uut/INT_Register_bank,  Process: line__55.
# EXECUTION:: NOTE   : Simulation time : 11540000 ps.  Data written: 7351, in Reg = 7
# EXECUTION:: Time: 11540 ns,  Iteration: 1,  Instance: /testbench/uut/INT_Register_bank,  Process: line__55.
# EXECUTION:: NOTE   : Simulation time : 11555000 ps.  Data written: 7230, in ADDR = 0
# EXECUTION:: Time: 11555 ns,  Iteration: 1,  Instance: /testbench/uut/Mem_D,  Process: line__79.
# EXECUTION:: NOTE   : Simulation time : 11570000 ps.  Data written: 1, in Reg = 1
# EXECUTION:: Time: 11570 ns,  Iteration: 1,  Instance: /testbench/uut/INT_Register_bank,  Process: line__55.
# EXECUTION:: NOTE   : Simulation time : 11580000 ps.  Data written: 2, in Reg = 2
# EXECUTION:: Time: 11580 ns,  Iteration: 1,  Instance: /testbench/uut/INT_Register_bank,  Process: line__55.
# EXECUTION:: NOTE   : Simulation time : 11590000 ps.  Data written: 0, in Reg = 4
# EXECUTION:: Time: 11590 ns,  Iteration: 1,  Instance: /testbench/uut/INT_Register_bank,  Process: line__55.
# EXECUTION:: NOTE   : Simulation time : 11600000 ps.  Data written: 122, in Reg = 6
# EXECUTION:: Time: 11600 ns,  Iteration: 1,  Instance: /testbench/uut/INT_Register_bank,  Process: line__55.
# EXECUTION:: NOTE   : Simulation time : 11620000 ps.  Data written: 116, in Reg = 5
# EXECUTION:: Time: 11620 ns,  Iteration: 1,  Instance: /testbench/uut/INT_Register_bank,  Process: line__55.
# EXECUTION:: NOTE   : Simulation time : 11630000 ps.  Data written: 7473, in Reg = 7
# EXECUTION:: Time: 11630 ns,  Iteration: 1,  Instance: /testbench/uut/INT_Register_bank,  Process: line__55.
# EXECUTION:: NOTE   : Simulation time : 11645000 ps.  Data written: 7351, in ADDR = 0
# EXECUTION:: Time: 11645 ns,  Iteration: 1,  Instance: /testbench/uut/Mem_D,  Process: line__79.
# EXECUTION:: NOTE   : Simulation time : 11660000 ps.  Data written: 1, in Reg = 1
# EXECUTION:: Time: 11660 ns,  Iteration: 1,  Instance: /testbench/uut/INT_Register_bank,  Process: line__55.
# EXECUTION:: NOTE   : Simulation time : 11670000 ps.  Data written: 2, in Reg = 2
# EXECUTION:: Time: 11670 ns,  Iteration: 1,  Instance: /testbench/uut/INT_Register_bank,  Process: line__55.
# EXECUTION:: NOTE   : Simulation time : 11680000 ps.  Data written: 0, in Reg = 4
# EXECUTION:: Time: 11680 ns,  Iteration: 1,  Instance: /testbench/uut/INT_Register_bank,  Process: line__55.
# EXECUTION:: NOTE   : Simulation time : 11690000 ps.  Data written: 123, in Reg = 6
# EXECUTION:: Time: 11690 ns,  Iteration: 1,  Instance: /testbench/uut/INT_Register_bank,  Process: line__55.
# EXECUTION:: NOTE   : Simulation time : 11710000 ps.  Data written: 117, in Reg = 5
# EXECUTION:: Time: 11710 ns,  Iteration: 1,  Instance: /testbench/uut/INT_Register_bank,  Process: line__55.
# EXECUTION:: NOTE   : Simulation time : 11720000 ps.  Data written: 7596, in Reg = 7
# EXECUTION:: Time: 11720 ns,  Iteration: 1,  Instance: /testbench/uut/INT_Register_bank,  Process: line__55.
# EXECUTION:: NOTE   : Simulation time : 11735000 ps.  Data written: 7473, in ADDR = 0
# EXECUTION:: Time: 11735 ns,  Iteration: 1,  Instance: /testbench/uut/Mem_D,  Process: line__79.
# EXECUTION:: NOTE   : Simulation time : 11750000 ps.  Data written: 1, in Reg = 1
# EXECUTION:: Time: 11750 ns,  Iteration: 1,  Instance: /testbench/uut/INT_Register_bank,  Process: line__55.
# EXECUTION:: NOTE   : Simulation time : 11760000 ps.  Data written: 2, in Reg = 2
# EXECUTION:: Time: 11760 ns,  Iteration: 1,  Instance: /testbench/uut/INT_Register_bank,  Process: line__55.
# EXECUTION:: NOTE   : Simulation time : 11770000 ps.  Data written: 0, in Reg = 4
# EXECUTION:: Time: 11770 ns,  Iteration: 1,  Instance: /testbench/uut/INT_Register_bank,  Process: line__55.
# EXECUTION:: NOTE   : Simulation time : 11780000 ps.  Data written: 124, in Reg = 6
# EXECUTION:: Time: 11780 ns,  Iteration: 1,  Instance: /testbench/uut/INT_Register_bank,  Process: line__55.
# EXECUTION:: NOTE   : Simulation time : 11800000 ps.  Data written: 118, in Reg = 5
# EXECUTION:: Time: 11800 ns,  Iteration: 1,  Instance: /testbench/uut/INT_Register_bank,  Process: line__55.
# EXECUTION:: NOTE   : Simulation time : 11810000 ps.  Data written: 7720, in Reg = 7
# EXECUTION:: Time: 11810 ns,  Iteration: 1,  Instance: /testbench/uut/INT_Register_bank,  Process: line__55.
# EXECUTION:: NOTE   : Simulation time : 11825000 ps.  Data written: 7596, in ADDR = 0
# EXECUTION:: Time: 11825 ns,  Iteration: 1,  Instance: /testbench/uut/Mem_D,  Process: line__79.
# EXECUTION:: NOTE   : Simulation time : 11840000 ps.  Data written: 1, in Reg = 1
# EXECUTION:: Time: 11840 ns,  Iteration: 1,  Instance: /testbench/uut/INT_Register_bank,  Process: line__55.
# EXECUTION:: NOTE   : Simulation time : 11850000 ps.  Data written: 2, in Reg = 2
# EXECUTION:: Time: 11850 ns,  Iteration: 1,  Instance: /testbench/uut/INT_Register_bank,  Process: line__55.
# EXECUTION:: NOTE   : Simulation time : 11860000 ps.  Data written: 0, in Reg = 4
# EXECUTION:: Time: 11860 ns,  Iteration: 1,  Instance: /testbench/uut/INT_Register_bank,  Process: line__55.
# EXECUTION:: NOTE   : Simulation time : 11870000 ps.  Data written: 125, in Reg = 6
# EXECUTION:: Time: 11870 ns,  Iteration: 1,  Instance: /testbench/uut/INT_Register_bank,  Process: line__55.
# EXECUTION:: NOTE   : Simulation time : 11890000 ps.  Data written: 119, in Reg = 5
# EXECUTION:: Time: 11890 ns,  Iteration: 1,  Instance: /testbench/uut/INT_Register_bank,  Process: line__55.
# EXECUTION:: NOTE   : Simulation time : 11900000 ps.  Data written: 7845, in Reg = 7
# EXECUTION:: Time: 11900 ns,  Iteration: 1,  Instance: /testbench/uut/INT_Register_bank,  Process: line__55.
# EXECUTION:: NOTE   : Simulation time : 11915000 ps.  Data written: 7720, in ADDR = 0
# EXECUTION:: Time: 11915 ns,  Iteration: 1,  Instance: /testbench/uut/Mem_D,  Process: line__79.
# EXECUTION:: NOTE   : Simulation time : 11930000 ps.  Data written: 1, in Reg = 1
# EXECUTION:: Time: 11930 ns,  Iteration: 1,  Instance: /testbench/uut/INT_Register_bank,  Process: line__55.
# EXECUTION:: NOTE   : Simulation time : 11940000 ps.  Data written: 2, in Reg = 2
# EXECUTION:: Time: 11940 ns,  Iteration: 1,  Instance: /testbench/uut/INT_Register_bank,  Process: line__55.
# EXECUTION:: NOTE   : Simulation time : 11950000 ps.  Data written: 0, in Reg = 4
# EXECUTION:: Time: 11950 ns,  Iteration: 1,  Instance: /testbench/uut/INT_Register_bank,  Process: line__55.
# EXECUTION:: NOTE   : Simulation time : 11960000 ps.  Data written: 126, in Reg = 6
# EXECUTION:: Time: 11960 ns,  Iteration: 1,  Instance: /testbench/uut/INT_Register_bank,  Process: line__55.
# EXECUTION:: NOTE   : Simulation time : 11980000 ps.  Data written: 120, in Reg = 5
# EXECUTION:: Time: 11980 ns,  Iteration: 1,  Instance: /testbench/uut/INT_Register_bank,  Process: line__55.
# EXECUTION:: NOTE   : Simulation time : 11990000 ps.  Data written: 7971, in Reg = 7
# EXECUTION:: Time: 11990 ns,  Iteration: 1,  Instance: /testbench/uut/INT_Register_bank,  Process: line__55.
# EXECUTION:: NOTE   : Simulation time : 12005000 ps.  Data written: 7845, in ADDR = 0
# EXECUTION:: Time: 12005 ns,  Iteration: 1,  Instance: /testbench/uut/Mem_D,  Process: line__79.
# EXECUTION:: NOTE   : Simulation time : 12020000 ps.  Data written: 1, in Reg = 1
# EXECUTION:: Time: 12020 ns,  Iteration: 1,  Instance: /testbench/uut/INT_Register_bank,  Process: line__55.
# EXECUTION:: NOTE   : Simulation time : 12030000 ps.  Data written: 2, in Reg = 2
# EXECUTION:: Time: 12030 ns,  Iteration: 1,  Instance: /testbench/uut/INT_Register_bank,  Process: line__55.
# EXECUTION:: NOTE   : Simulation time : 12040000 ps.  Data written: 0, in Reg = 4
# EXECUTION:: Time: 12040 ns,  Iteration: 1,  Instance: /testbench/uut/INT_Register_bank,  Process: line__55.
# EXECUTION:: NOTE   : Simulation time : 12050000 ps.  Data written: 127, in Reg = 6
# EXECUTION:: Time: 12050 ns,  Iteration: 1,  Instance: /testbench/uut/INT_Register_bank,  Process: line__55.
# EXECUTION:: NOTE   : Simulation time : 12070000 ps.  Data written: 121, in Reg = 5
# EXECUTION:: Time: 12070 ns,  Iteration: 1,  Instance: /testbench/uut/INT_Register_bank,  Process: line__55.
# EXECUTION:: NOTE   : Simulation time : 12080000 ps.  Data written: 8098, in Reg = 7
# EXECUTION:: Time: 12080 ns,  Iteration: 1,  Instance: /testbench/uut/INT_Register_bank,  Process: line__55.
# EXECUTION:: NOTE   : Simulation time : 12095000 ps.  Data written: 7971, in ADDR = 0
# EXECUTION:: Time: 12095 ns,  Iteration: 1,  Instance: /testbench/uut/Mem_D,  Process: line__79.
# EXECUTION:: NOTE   : Simulation time : 12110000 ps.  Data written: 1, in Reg = 1
# EXECUTION:: Time: 12110 ns,  Iteration: 1,  Instance: /testbench/uut/INT_Register_bank,  Process: line__55.
# EXECUTION:: NOTE   : Simulation time : 12120000 ps.  Data written: 2, in Reg = 2
# EXECUTION:: Time: 12120 ns,  Iteration: 1,  Instance: /testbench/uut/INT_Register_bank,  Process: line__55.
# EXECUTION:: NOTE   : Simulation time : 12130000 ps.  Data written: 0, in Reg = 4
# EXECUTION:: Time: 12130 ns,  Iteration: 1,  Instance: /testbench/uut/INT_Register_bank,  Process: line__55.
# EXECUTION:: NOTE   : Simulation time : 12140000 ps.  Data written: 128, in Reg = 6
# EXECUTION:: Time: 12140 ns,  Iteration: 1,  Instance: /testbench/uut/INT_Register_bank,  Process: line__55.
# EXECUTION:: NOTE   : Simulation time : 12160000 ps.  Data written: 122, in Reg = 5
# EXECUTION:: Time: 12160 ns,  Iteration: 1,  Instance: /testbench/uut/INT_Register_bank,  Process: line__55.
# EXECUTION:: NOTE   : Simulation time : 12170000 ps.  Data written: 8226, in Reg = 7
# EXECUTION:: Time: 12170 ns,  Iteration: 1,  Instance: /testbench/uut/INT_Register_bank,  Process: line__55.
# EXECUTION:: NOTE   : Simulation time : 12185000 ps.  Data written: 8098, in ADDR = 0
# EXECUTION:: Time: 12185 ns,  Iteration: 1,  Instance: /testbench/uut/Mem_D,  Process: line__79.
# EXECUTION:: NOTE   : Simulation time : 12200000 ps.  Data written: 1, in Reg = 1
# EXECUTION:: Time: 12200 ns,  Iteration: 1,  Instance: /testbench/uut/INT_Register_bank,  Process: line__55.
# EXECUTION:: NOTE   : Simulation time : 12210000 ps.  Data written: 2, in Reg = 2
# EXECUTION:: Time: 12210 ns,  Iteration: 1,  Instance: /testbench/uut/INT_Register_bank,  Process: line__55.
# EXECUTION:: NOTE   : Simulation time : 12220000 ps.  Data written: 0, in Reg = 4
# EXECUTION:: Time: 12220 ns,  Iteration: 1,  Instance: /testbench/uut/INT_Register_bank,  Process: line__55.
# EXECUTION:: NOTE   : Simulation time : 12230000 ps.  Data written: 129, in Reg = 6
# EXECUTION:: Time: 12230 ns,  Iteration: 1,  Instance: /testbench/uut/INT_Register_bank,  Process: line__55.
# EXECUTION:: NOTE   : Simulation time : 12250000 ps.  Data written: 123, in Reg = 5
# EXECUTION:: Time: 12250 ns,  Iteration: 1,  Instance: /testbench/uut/INT_Register_bank,  Process: line__55.
# EXECUTION:: NOTE   : Simulation time : 12260000 ps.  Data written: 8355, in Reg = 7
# EXECUTION:: Time: 12260 ns,  Iteration: 1,  Instance: /testbench/uut/INT_Register_bank,  Process: line__55.
# EXECUTION:: NOTE   : Simulation time : 12275000 ps.  Data written: 8226, in ADDR = 0
# EXECUTION:: Time: 12275 ns,  Iteration: 1,  Instance: /testbench/uut/Mem_D,  Process: line__79.
# EXECUTION:: NOTE   : Simulation time : 12290000 ps.  Data written: 1, in Reg = 1
# EXECUTION:: Time: 12290 ns,  Iteration: 1,  Instance: /testbench/uut/INT_Register_bank,  Process: line__55.
# EXECUTION:: NOTE   : Simulation time : 12300000 ps.  Data written: 2, in Reg = 2
# EXECUTION:: Time: 12300 ns,  Iteration: 1,  Instance: /testbench/uut/INT_Register_bank,  Process: line__55.
# EXECUTION:: NOTE   : Simulation time : 12310000 ps.  Data written: 0, in Reg = 4
# EXECUTION:: Time: 12310 ns,  Iteration: 1,  Instance: /testbench/uut/INT_Register_bank,  Process: line__55.
# EXECUTION:: NOTE   : Simulation time : 12320000 ps.  Data written: 130, in Reg = 6
# EXECUTION:: Time: 12320 ns,  Iteration: 1,  Instance: /testbench/uut/INT_Register_bank,  Process: line__55.
# EXECUTION:: NOTE   : Simulation time : 12340000 ps.  Data written: 124, in Reg = 5
# EXECUTION:: Time: 12340 ns,  Iteration: 1,  Instance: /testbench/uut/INT_Register_bank,  Process: line__55.
# EXECUTION:: NOTE   : Simulation time : 12350000 ps.  Data written: 8485, in Reg = 7
# EXECUTION:: Time: 12350 ns,  Iteration: 1,  Instance: /testbench/uut/INT_Register_bank,  Process: line__55.
# EXECUTION:: NOTE   : Simulation time : 12365000 ps.  Data written: 8355, in ADDR = 0
# EXECUTION:: Time: 12365 ns,  Iteration: 1,  Instance: /testbench/uut/Mem_D,  Process: line__79.
# EXECUTION:: NOTE   : Simulation time : 12380000 ps.  Data written: 1, in Reg = 1
# EXECUTION:: Time: 12380 ns,  Iteration: 1,  Instance: /testbench/uut/INT_Register_bank,  Process: line__55.
# EXECUTION:: NOTE   : Simulation time : 12390000 ps.  Data written: 2, in Reg = 2
# EXECUTION:: Time: 12390 ns,  Iteration: 1,  Instance: /testbench/uut/INT_Register_bank,  Process: line__55.
# EXECUTION:: NOTE   : Simulation time : 12400000 ps.  Data written: 0, in Reg = 4
# EXECUTION:: Time: 12400 ns,  Iteration: 1,  Instance: /testbench/uut/INT_Register_bank,  Process: line__55.
# EXECUTION:: NOTE   : Simulation time : 12410000 ps.  Data written: 131, in Reg = 6
# EXECUTION:: Time: 12410 ns,  Iteration: 1,  Instance: /testbench/uut/INT_Register_bank,  Process: line__55.
# EXECUTION:: NOTE   : Simulation time : 12430000 ps.  Data written: 125, in Reg = 5
# EXECUTION:: Time: 12430 ns,  Iteration: 1,  Instance: /testbench/uut/INT_Register_bank,  Process: line__55.
# EXECUTION:: NOTE   : Simulation time : 12440000 ps.  Data written: 8616, in Reg = 7
# EXECUTION:: Time: 12440 ns,  Iteration: 1,  Instance: /testbench/uut/INT_Register_bank,  Process: line__55.
# EXECUTION:: NOTE   : Simulation time : 12455000 ps.  Data written: 8485, in ADDR = 0
# EXECUTION:: Time: 12455 ns,  Iteration: 1,  Instance: /testbench/uut/Mem_D,  Process: line__79.
# EXECUTION:: NOTE   : Simulation time : 12470000 ps.  Data written: 1, in Reg = 1
# EXECUTION:: Time: 12470 ns,  Iteration: 1,  Instance: /testbench/uut/INT_Register_bank,  Process: line__55.
# EXECUTION:: NOTE   : Simulation time : 12480000 ps.  Data written: 2, in Reg = 2
# EXECUTION:: Time: 12480 ns,  Iteration: 1,  Instance: /testbench/uut/INT_Register_bank,  Process: line__55.
# EXECUTION:: NOTE   : Simulation time : 12490000 ps.  Data written: 0, in Reg = 4
# EXECUTION:: Time: 12490 ns,  Iteration: 1,  Instance: /testbench/uut/INT_Register_bank,  Process: line__55.
# EXECUTION:: NOTE   : Simulation time : 12500000 ps.  Data written: 132, in Reg = 6
# EXECUTION:: Time: 12500 ns,  Iteration: 1,  Instance: /testbench/uut/INT_Register_bank,  Process: line__55.
# EXECUTION:: NOTE   : Simulation time : 12520000 ps.  Data written: 126, in Reg = 5
# EXECUTION:: Time: 12520 ns,  Iteration: 1,  Instance: /testbench/uut/INT_Register_bank,  Process: line__55.
# EXECUTION:: NOTE   : Simulation time : 12530000 ps.  Data written: 8748, in Reg = 7
# EXECUTION:: Time: 12530 ns,  Iteration: 1,  Instance: /testbench/uut/INT_Register_bank,  Process: line__55.
# EXECUTION:: NOTE   : Simulation time : 12545000 ps.  Data written: 8616, in ADDR = 0
# EXECUTION:: Time: 12545 ns,  Iteration: 1,  Instance: /testbench/uut/Mem_D,  Process: line__79.
# EXECUTION:: NOTE   : Simulation time : 12560000 ps.  Data written: 1, in Reg = 1
# EXECUTION:: Time: 12560 ns,  Iteration: 1,  Instance: /testbench/uut/INT_Register_bank,  Process: line__55.
# EXECUTION:: NOTE   : Simulation time : 12570000 ps.  Data written: 2, in Reg = 2
# EXECUTION:: Time: 12570 ns,  Iteration: 1,  Instance: /testbench/uut/INT_Register_bank,  Process: line__55.
# EXECUTION:: NOTE   : Simulation time : 12580000 ps.  Data written: 0, in Reg = 4
# EXECUTION:: Time: 12580 ns,  Iteration: 1,  Instance: /testbench/uut/INT_Register_bank,  Process: line__55.
# EXECUTION:: NOTE   : Simulation time : 12590000 ps.  Data written: 133, in Reg = 6
# EXECUTION:: Time: 12590 ns,  Iteration: 1,  Instance: /testbench/uut/INT_Register_bank,  Process: line__55.
# EXECUTION:: NOTE   : Simulation time : 12610000 ps.  Data written: 127, in Reg = 5
# EXECUTION:: Time: 12610 ns,  Iteration: 1,  Instance: /testbench/uut/INT_Register_bank,  Process: line__55.
# EXECUTION:: NOTE   : Simulation time : 12620000 ps.  Data written: 8881, in Reg = 7
# EXECUTION:: Time: 12620 ns,  Iteration: 1,  Instance: /testbench/uut/INT_Register_bank,  Process: line__55.
# EXECUTION:: NOTE   : Simulation time : 12635000 ps.  Data written: 8748, in ADDR = 0
# EXECUTION:: Time: 12635 ns,  Iteration: 1,  Instance: /testbench/uut/Mem_D,  Process: line__79.
# EXECUTION:: NOTE   : Simulation time : 12650000 ps.  Data written: 1, in Reg = 1
# EXECUTION:: Time: 12650 ns,  Iteration: 1,  Instance: /testbench/uut/INT_Register_bank,  Process: line__55.
# EXECUTION:: NOTE   : Simulation time : 12660000 ps.  Data written: 2, in Reg = 2
# EXECUTION:: Time: 12660 ns,  Iteration: 1,  Instance: /testbench/uut/INT_Register_bank,  Process: line__55.
# EXECUTION:: NOTE   : Simulation time : 12670000 ps.  Data written: 0, in Reg = 4
# EXECUTION:: Time: 12670 ns,  Iteration: 1,  Instance: /testbench/uut/INT_Register_bank,  Process: line__55.
# EXECUTION:: NOTE   : Simulation time : 12680000 ps.  Data written: 134, in Reg = 6
# EXECUTION:: Time: 12680 ns,  Iteration: 1,  Instance: /testbench/uut/INT_Register_bank,  Process: line__55.
# EXECUTION:: NOTE   : Simulation time : 12700000 ps.  Data written: 128, in Reg = 5
# EXECUTION:: Time: 12700 ns,  Iteration: 1,  Instance: /testbench/uut/INT_Register_bank,  Process: line__55.
# EXECUTION:: NOTE   : Simulation time : 12710000 ps.  Data written: 9015, in Reg = 7
# EXECUTION:: Time: 12710 ns,  Iteration: 1,  Instance: /testbench/uut/INT_Register_bank,  Process: line__55.
# EXECUTION:: NOTE   : Simulation time : 12725000 ps.  Data written: 8881, in ADDR = 0
# EXECUTION:: Time: 12725 ns,  Iteration: 1,  Instance: /testbench/uut/Mem_D,  Process: line__79.
# EXECUTION:: NOTE   : Simulation time : 12740000 ps.  Data written: 1, in Reg = 1
# EXECUTION:: Time: 12740 ns,  Iteration: 1,  Instance: /testbench/uut/INT_Register_bank,  Process: line__55.
# EXECUTION:: NOTE   : Simulation time : 12750000 ps.  Data written: 2, in Reg = 2
# EXECUTION:: Time: 12750 ns,  Iteration: 1,  Instance: /testbench/uut/INT_Register_bank,  Process: line__55.
# EXECUTION:: NOTE   : Simulation time : 12760000 ps.  Data written: 0, in Reg = 4
# EXECUTION:: Time: 12760 ns,  Iteration: 1,  Instance: /testbench/uut/INT_Register_bank,  Process: line__55.
# EXECUTION:: NOTE   : Simulation time : 12770000 ps.  Data written: 135, in Reg = 6
# EXECUTION:: Time: 12770 ns,  Iteration: 1,  Instance: /testbench/uut/INT_Register_bank,  Process: line__55.
# EXECUTION:: NOTE   : Simulation time : 12790000 ps.  Data written: 129, in Reg = 5
# EXECUTION:: Time: 12790 ns,  Iteration: 1,  Instance: /testbench/uut/INT_Register_bank,  Process: line__55.
# EXECUTION:: NOTE   : Simulation time : 12800000 ps.  Data written: 9150, in Reg = 7
# EXECUTION:: Time: 12800 ns,  Iteration: 1,  Instance: /testbench/uut/INT_Register_bank,  Process: line__55.
# EXECUTION:: NOTE   : Simulation time : 12815000 ps.  Data written: 9015, in ADDR = 0
# EXECUTION:: Time: 12815 ns,  Iteration: 1,  Instance: /testbench/uut/Mem_D,  Process: line__79.
# EXECUTION:: NOTE   : Simulation time : 12830000 ps.  Data written: 1, in Reg = 1
# EXECUTION:: Time: 12830 ns,  Iteration: 1,  Instance: /testbench/uut/INT_Register_bank,  Process: line__55.
# EXECUTION:: NOTE   : Simulation time : 12840000 ps.  Data written: 2, in Reg = 2
# EXECUTION:: Time: 12840 ns,  Iteration: 1,  Instance: /testbench/uut/INT_Register_bank,  Process: line__55.
# EXECUTION:: NOTE   : Simulation time : 12850000 ps.  Data written: 0, in Reg = 4
# EXECUTION:: Time: 12850 ns,  Iteration: 1,  Instance: /testbench/uut/INT_Register_bank,  Process: line__55.
# EXECUTION:: NOTE   : Simulation time : 12860000 ps.  Data written: 136, in Reg = 6
# EXECUTION:: Time: 12860 ns,  Iteration: 1,  Instance: /testbench/uut/INT_Register_bank,  Process: line__55.
# EXECUTION:: NOTE   : Simulation time : 12880000 ps.  Data written: 130, in Reg = 5
# EXECUTION:: Time: 12880 ns,  Iteration: 1,  Instance: /testbench/uut/INT_Register_bank,  Process: line__55.
# EXECUTION:: NOTE   : Simulation time : 12890000 ps.  Data written: 9286, in Reg = 7
# EXECUTION:: Time: 12890 ns,  Iteration: 1,  Instance: /testbench/uut/INT_Register_bank,  Process: line__55.
# EXECUTION:: NOTE   : Simulation time : 12905000 ps.  Data written: 9150, in ADDR = 0
# EXECUTION:: Time: 12905 ns,  Iteration: 1,  Instance: /testbench/uut/Mem_D,  Process: line__79.
# EXECUTION:: NOTE   : Simulation time : 12920000 ps.  Data written: 1, in Reg = 1
# EXECUTION:: Time: 12920 ns,  Iteration: 1,  Instance: /testbench/uut/INT_Register_bank,  Process: line__55.
# EXECUTION:: NOTE   : Simulation time : 12930000 ps.  Data written: 2, in Reg = 2
# EXECUTION:: Time: 12930 ns,  Iteration: 1,  Instance: /testbench/uut/INT_Register_bank,  Process: line__55.
# EXECUTION:: NOTE   : Simulation time : 12940000 ps.  Data written: 0, in Reg = 4
# EXECUTION:: Time: 12940 ns,  Iteration: 1,  Instance: /testbench/uut/INT_Register_bank,  Process: line__55.
# EXECUTION:: NOTE   : Simulation time : 12950000 ps.  Data written: 137, in Reg = 6
# EXECUTION:: Time: 12950 ns,  Iteration: 1,  Instance: /testbench/uut/INT_Register_bank,  Process: line__55.
# EXECUTION:: NOTE   : Simulation time : 12970000 ps.  Data written: 131, in Reg = 5
# EXECUTION:: Time: 12970 ns,  Iteration: 1,  Instance: /testbench/uut/INT_Register_bank,  Process: line__55.
endsim
# KERNEL: stopped at time: 12970 ns
# VSIM: Simulation has finished.
asim -O5 +access +r +m+testbench testbench behavior
# ELBREAD: Elaboration process.
# ELBREAD: Elaboration time 0.0 [s].
# VSIM: Stack memory: 32MB
# VSIM: Retval memory: 32MB
# 
# KERNEL: Main thread initiated.
# KERNEL: Kernel process initialization phase.
# ELAB2: Elaboration final pass...
# ELAB2: Create instances ...
# KERNEL: Time resolution set to 1ps.
# ELAB2: Create instances complete.
# SLP: Started
# SLP: Elaboration phase ...
# SLP: Elaboration phase ... skipped, nothing to simulate in SLP mode : 0.0 [s]
# SLP: Finished : 0.0 [s]
# ELAB2: Elaboration final pass complete - time: 0.0 [s].
# KERNEL: Warning: You are using the Active-HDL Student Edition. The performance of simulation is running at a reduced rate.
# KERNEL: Warning: Contact Aldec for available upgrade options - sales@aldec.com.
# KERNEL: Kernel process initialization done.
# Allocation: Simulator allocated 6669 kB (elbread=427 elab2=6099 kernel=142 sdf=0)
# KERNEL: ASDB file was created in location C:\My_Designs\practica3_active\practica3_design\src\wave.asdb
#  16:53, miércoles, 26 de marzo de 2025
#  Simulation has been initialized
# Waveform file 'untitled.awc' connected to 'C:/My_Designs/practica3_active/practica3_design/src/wave.asdb'.
endsim
# VSIM: Simulation has finished.
asim -O5 +access +r +m+testbench testbench behavior
# ELBREAD: Elaboration process.
# ELBREAD: Elaboration time 0.0 [s].
# VSIM: Stack memory: 32MB
# VSIM: Retval memory: 32MB
# 
# KERNEL: Main thread initiated.
# KERNEL: Kernel process initialization phase.
# ELAB2: Elaboration final pass...
# ELAB2: Create instances ...
# KERNEL: Time resolution set to 1ps.
# ELAB2: Create instances complete.
# SLP: Started
# SLP: Elaboration phase ...
# SLP: Elaboration phase ... skipped, nothing to simulate in SLP mode : 0.0 [s]
# SLP: Finished : 0.0 [s]
# ELAB2: Elaboration final pass complete - time: 0.0 [s].
# KERNEL: Warning: You are using the Active-HDL Student Edition. The performance of simulation is running at a reduced rate.
# KERNEL: Warning: Contact Aldec for available upgrade options - sales@aldec.com.
# KERNEL: Kernel process initialization done.
# Allocation: Simulator allocated 6669 kB (elbread=427 elab2=6099 kernel=142 sdf=0)
# KERNEL: ASDB file was created in location C:\My_Designs\practica3_active\practica3_design\src\wave.asdb
#  16:54, miércoles, 26 de marzo de 2025
#  Simulation has been initialized
# Waveform file 'untitled.awc' connected to 'C:/My_Designs/practica3_active/practica3_design/src/wave.asdb'.
run @500ns
# KERNEL: WARNING: There is an 'U'|'X'|'W'|'Z'|'-' in an arithmetic operand, the result will be 'X'(es).
# KERNEL: Time: 0 ps,  Iteration: 0,  Instance: /testbench/uut/adder_4,  Process: line__42.
# KERNEL: WARNING: CONV_INTEGER: There is an 'U'|'X'|'W'|'Z'|'-' in an arithmetic operand, and it has been converted to 0.
# KERNEL: Time: 0 ps,  Iteration: 0,  Instance: /testbench/uut/Mem_I,  Process: line__82.
# KERNEL: WARNING: CONV_INTEGER: There is an 'U'|'X'|'W'|'Z'|'-' in an arithmetic operand, and it has been converted to 0.
# KERNEL: Time: 0 ps,  Iteration: 0,  Instance: /testbench/uut/INT_Register_bank,  Process: line__74.
# KERNEL: WARNING: CONV_INTEGER: There is an 'U'|'X'|'W'|'Z'|'-' in an arithmetic operand, and it has been converted to 0.
# KERNEL: Time: 0 ps,  Iteration: 0,  Instance: /testbench/uut/INT_Register_bank,  Process: line__76.
# KERNEL: WARNING: There is an 'U'|'X'|'W'|'Z'|'-' in an arithmetic operand, the result will be 'X'(es).
# KERNEL: Time: 0 ps,  Iteration: 0,  Instance: /testbench/uut/adder_dir,  Process: line__42.
# KERNEL: WARNING: There is an 'U'|'X'|'W'|'Z'|'-' in an arithmetic operand, the result will be 'X'(es).
# KERNEL: Time: 0 ps,  Iteration: 0,  Instance: /testbench/uut/ALU_MIPs,  Process: line__43.
# KERNEL: WARNING: There is an 'U'|'X'|'W'|'Z'|'-' in an arithmetic operand, the result will be 'X'(es).
# KERNEL: Time: 0 ps,  Iteration: 0,  Instance: /testbench/uut/ALU_MIPs,  Process: line__43.
# KERNEL: WARNING: There is an 'U'|'X'|'W'|'Z'|'-' in an arithmetic operand, the result will be 'X'(es).
# KERNEL: Time: 0 ps,  Iteration: 0,  Instance: /testbench/uut/ALU_MIPs,  Process: line__43.
# KERNEL: WARNING: There is an 'U'|'X'|'W'|'Z'|'-' in an arithmetic operand, the result will be 'X'(es).
# KERNEL: Time: 0 ps,  Iteration: 0,  Instance: /testbench/uut/ALU_MIPs,  Process: line__43.
# KERNEL: WARNING: There is an 'U'|'X'|'W'|'Z'|'-' in an arithmetic operand, the result will be 'X'(es).
# KERNEL: Time: 0 ps,  Iteration: 1,  Instance: /testbench/uut/adder_dir,  Process: line__42.
# KERNEL: WARNING: CONV_INTEGER: There is an 'U'|'X'|'W'|'Z'|'-' in an arithmetic operand, and it has been converted to 0.
# KERNEL: Time: 0 ps,  Iteration: 2,  Instance: /testbench/uut/INT_Register_bank,  Process: line__74.
# KERNEL: WARNING: CONV_INTEGER: There is an 'U'|'X'|'W'|'Z'|'-' in an arithmetic operand, and it has been converted to 0.
# KERNEL: Time: 0 ps,  Iteration: 2,  Instance: /testbench/uut/INT_Register_bank,  Process: line__76.
# KERNEL: WARNING: There is an 'U'|'X'|'W'|'Z'|'-' in an arithmetic operand, the result will be 'X'(es).
# KERNEL: Time: 0 ps,  Iteration: 2,  Instance: /testbench/uut/adder_dir,  Process: line__42.
# KERNEL: WARNING: There is an 'U'|'X'|'W'|'Z'|'-' in an arithmetic operand, the result will be 'X'(es).
# KERNEL: Time: 5 ns,  Iteration: 2,  Instance: /testbench/uut/ALU_MIPs,  Process: line__43.
# KERNEL: WARNING: There is an 'U'|'X'|'W'|'Z'|'-' in an arithmetic operand, the result will be 'X'(es).
# KERNEL: Time: 5 ns,  Iteration: 2,  Instance: /testbench/uut/adder_dir,  Process: line__42.
# EXECUTION:: NOTE   : Simulation time : 60000 ps.  Data written: 1, in Reg = 1
# EXECUTION:: Time: 60 ns,  Iteration: 1,  Instance: /testbench/uut/INT_Register_bank,  Process: line__55.
# EXECUTION:: NOTE   : Simulation time : 70000 ps.  Data written: 2, in Reg = 2
# EXECUTION:: Time: 70 ns,  Iteration: 1,  Instance: /testbench/uut/INT_Register_bank,  Process: line__55.
# EXECUTION:: NOTE   : Simulation time : 80000 ps.  Data written: 0, in Reg = 4
# EXECUTION:: Time: 80 ns,  Iteration: 1,  Instance: /testbench/uut/INT_Register_bank,  Process: line__55.
# EXECUTION:: NOTE   : Simulation time : 90000 ps.  Data written: 7, in Reg = 6
# EXECUTION:: Time: 90 ns,  Iteration: 1,  Instance: /testbench/uut/INT_Register_bank,  Process: line__55.
# EXECUTION:: NOTE   : Simulation time : 110000 ps.  Data written: 1, in Reg = 5
# EXECUTION:: Time: 110 ns,  Iteration: 1,  Instance: /testbench/uut/INT_Register_bank,  Process: line__55.
# EXECUTION:: NOTE   : Simulation time : 120000 ps.  Data written: 7, in Reg = 7
# EXECUTION:: Time: 120 ns,  Iteration: 1,  Instance: /testbench/uut/INT_Register_bank,  Process: line__55.
# EXECUTION:: NOTE   : Simulation time : 135000 ps.  Data written: 0, in ADDR = 0
# EXECUTION:: Time: 135 ns,  Iteration: 1,  Instance: /testbench/uut/Mem_D,  Process: line__79.
# EXECUTION:: NOTE   : Simulation time : 150000 ps.  Data written: 1, in Reg = 1
# EXECUTION:: Time: 150 ns,  Iteration: 1,  Instance: /testbench/uut/INT_Register_bank,  Process: line__55.
# EXECUTION:: NOTE   : Simulation time : 160000 ps.  Data written: 2, in Reg = 2
# EXECUTION:: Time: 160 ns,  Iteration: 1,  Instance: /testbench/uut/INT_Register_bank,  Process: line__55.
# EXECUTION:: NOTE   : Simulation time : 170000 ps.  Data written: 0, in Reg = 4
# EXECUTION:: Time: 170 ns,  Iteration: 1,  Instance: /testbench/uut/INT_Register_bank,  Process: line__55.
# EXECUTION:: NOTE   : Simulation time : 180000 ps.  Data written: 8, in Reg = 6
# EXECUTION:: Time: 180 ns,  Iteration: 1,  Instance: /testbench/uut/INT_Register_bank,  Process: line__55.
# EXECUTION:: NOTE   : Simulation time : 200000 ps.  Data written: 2, in Reg = 5
# EXECUTION:: Time: 200 ns,  Iteration: 1,  Instance: /testbench/uut/INT_Register_bank,  Process: line__55.
# EXECUTION:: NOTE   : Simulation time : 210000 ps.  Data written: 15, in Reg = 7
# EXECUTION:: Time: 210 ns,  Iteration: 1,  Instance: /testbench/uut/INT_Register_bank,  Process: line__55.
# EXECUTION:: NOTE   : Simulation time : 225000 ps.  Data written: 7, in ADDR = 0
# EXECUTION:: Time: 225 ns,  Iteration: 1,  Instance: /testbench/uut/Mem_D,  Process: line__79.
# EXECUTION:: NOTE   : Simulation time : 240000 ps.  Data written: 1, in Reg = 1
# EXECUTION:: Time: 240 ns,  Iteration: 1,  Instance: /testbench/uut/INT_Register_bank,  Process: line__55.
# EXECUTION:: NOTE   : Simulation time : 250000 ps.  Data written: 2, in Reg = 2
# EXECUTION:: Time: 250 ns,  Iteration: 1,  Instance: /testbench/uut/INT_Register_bank,  Process: line__55.
# EXECUTION:: NOTE   : Simulation time : 260000 ps.  Data written: 0, in Reg = 4
# EXECUTION:: Time: 260 ns,  Iteration: 1,  Instance: /testbench/uut/INT_Register_bank,  Process: line__55.
# EXECUTION:: NOTE   : Simulation time : 270000 ps.  Data written: 9, in Reg = 6
# EXECUTION:: Time: 270 ns,  Iteration: 1,  Instance: /testbench/uut/INT_Register_bank,  Process: line__55.
# EXECUTION:: NOTE   : Simulation time : 290000 ps.  Data written: 3, in Reg = 5
# EXECUTION:: Time: 290 ns,  Iteration: 1,  Instance: /testbench/uut/INT_Register_bank,  Process: line__55.
# KERNEL: stopped at time: 500 ns
endsim
# VSIM: Simulation has finished.
# Warning: WAVEFORM: Object matching /testbench/reset not found in C:/My_Designs/practica3_active/practica3_design/src/wave.asdb.
# Warning: WAVEFORM: Object matching /testbench/uut/load_PC not found in C:/My_Designs/practica3_active/practica3_design/src/wave.asdb.
asim -O5 +access +r +m+testbench testbench behavior
# ELBREAD: Elaboration process.
# ELBREAD: Elaboration time 0.0 [s].
# VSIM: Stack memory: 32MB
# VSIM: Retval memory: 32MB
# 
# KERNEL: Main thread initiated.
# KERNEL: Kernel process initialization phase.
# ELAB2: Elaboration final pass...
# ELAB2: Create instances ...
# KERNEL: Time resolution set to 1ps.
# ELAB2: Create instances complete.
# SLP: Started
# SLP: Elaboration phase ...
# SLP: Elaboration phase ... skipped, nothing to simulate in SLP mode : 0.0 [s]
# SLP: Finished : 0.0 [s]
# ELAB2: Elaboration final pass complete - time: 0.0 [s].
# KERNEL: Warning: You are using the Active-HDL Student Edition. The performance of simulation is running at a reduced rate.
# KERNEL: Warning: Contact Aldec for available upgrade options - sales@aldec.com.
# KERNEL: Kernel process initialization done.
# Allocation: Simulator allocated 6669 kB (elbread=427 elab2=6099 kernel=142 sdf=0)
# KERNEL: ASDB file was created in location C:\My_Designs\practica3_active\practica3_design\src\wave.asdb
#  16:54, miércoles, 26 de marzo de 2025
#  Simulation has been initialized
# Waveform file 'untitled.awc' connected to 'C:/My_Designs/practica3_active/practica3_design/src/wave.asdb'.
run @500ns
# KERNEL: WARNING: There is an 'U'|'X'|'W'|'Z'|'-' in an arithmetic operand, the result will be 'X'(es).
# KERNEL: Time: 0 ps,  Iteration: 0,  Instance: /testbench/uut/adder_4,  Process: line__42.
# KERNEL: WARNING: CONV_INTEGER: There is an 'U'|'X'|'W'|'Z'|'-' in an arithmetic operand, and it has been converted to 0.
# KERNEL: Time: 0 ps,  Iteration: 0,  Instance: /testbench/uut/Mem_I,  Process: line__82.
# KERNEL: WARNING: CONV_INTEGER: There is an 'U'|'X'|'W'|'Z'|'-' in an arithmetic operand, and it has been converted to 0.
# KERNEL: Time: 0 ps,  Iteration: 0,  Instance: /testbench/uut/INT_Register_bank,  Process: line__74.
# KERNEL: WARNING: CONV_INTEGER: There is an 'U'|'X'|'W'|'Z'|'-' in an arithmetic operand, and it has been converted to 0.
# KERNEL: Time: 0 ps,  Iteration: 0,  Instance: /testbench/uut/INT_Register_bank,  Process: line__76.
# KERNEL: WARNING: There is an 'U'|'X'|'W'|'Z'|'-' in an arithmetic operand, the result will be 'X'(es).
# KERNEL: Time: 0 ps,  Iteration: 0,  Instance: /testbench/uut/adder_dir,  Process: line__42.
# KERNEL: WARNING: There is an 'U'|'X'|'W'|'Z'|'-' in an arithmetic operand, the result will be 'X'(es).
# KERNEL: Time: 0 ps,  Iteration: 0,  Instance: /testbench/uut/ALU_MIPs,  Process: line__43.
# KERNEL: WARNING: There is an 'U'|'X'|'W'|'Z'|'-' in an arithmetic operand, the result will be 'X'(es).
# KERNEL: Time: 0 ps,  Iteration: 0,  Instance: /testbench/uut/ALU_MIPs,  Process: line__43.
# KERNEL: WARNING: There is an 'U'|'X'|'W'|'Z'|'-' in an arithmetic operand, the result will be 'X'(es).
# KERNEL: Time: 0 ps,  Iteration: 0,  Instance: /testbench/uut/ALU_MIPs,  Process: line__43.
# KERNEL: WARNING: There is an 'U'|'X'|'W'|'Z'|'-' in an arithmetic operand, the result will be 'X'(es).
# KERNEL: Time: 0 ps,  Iteration: 0,  Instance: /testbench/uut/ALU_MIPs,  Process: line__43.
# KERNEL: WARNING: There is an 'U'|'X'|'W'|'Z'|'-' in an arithmetic operand, the result will be 'X'(es).
# KERNEL: Time: 0 ps,  Iteration: 1,  Instance: /testbench/uut/adder_dir,  Process: line__42.
# KERNEL: WARNING: CONV_INTEGER: There is an 'U'|'X'|'W'|'Z'|'-' in an arithmetic operand, and it has been converted to 0.
# KERNEL: Time: 0 ps,  Iteration: 2,  Instance: /testbench/uut/INT_Register_bank,  Process: line__74.
# KERNEL: WARNING: CONV_INTEGER: There is an 'U'|'X'|'W'|'Z'|'-' in an arithmetic operand, and it has been converted to 0.
# KERNEL: Time: 0 ps,  Iteration: 2,  Instance: /testbench/uut/INT_Register_bank,  Process: line__76.
# KERNEL: WARNING: There is an 'U'|'X'|'W'|'Z'|'-' in an arithmetic operand, the result will be 'X'(es).
# KERNEL: Time: 0 ps,  Iteration: 2,  Instance: /testbench/uut/adder_dir,  Process: line__42.
# KERNEL: WARNING: There is an 'U'|'X'|'W'|'Z'|'-' in an arithmetic operand, the result will be 'X'(es).
# KERNEL: Time: 5 ns,  Iteration: 2,  Instance: /testbench/uut/ALU_MIPs,  Process: line__43.
# KERNEL: WARNING: There is an 'U'|'X'|'W'|'Z'|'-' in an arithmetic operand, the result will be 'X'(es).
# KERNEL: Time: 5 ns,  Iteration: 2,  Instance: /testbench/uut/adder_dir,  Process: line__42.
# EXECUTION:: NOTE   : Simulation time : 60000 ps.  Data written: 1, in Reg = 1
# EXECUTION:: Time: 60 ns,  Iteration: 1,  Instance: /testbench/uut/INT_Register_bank,  Process: line__55.
# EXECUTION:: NOTE   : Simulation time : 70000 ps.  Data written: 2, in Reg = 2
# EXECUTION:: Time: 70 ns,  Iteration: 1,  Instance: /testbench/uut/INT_Register_bank,  Process: line__55.
# EXECUTION:: NOTE   : Simulation time : 80000 ps.  Data written: 0, in Reg = 4
# EXECUTION:: Time: 80 ns,  Iteration: 1,  Instance: /testbench/uut/INT_Register_bank,  Process: line__55.
# EXECUTION:: NOTE   : Simulation time : 90000 ps.  Data written: 7, in Reg = 6
# EXECUTION:: Time: 90 ns,  Iteration: 1,  Instance: /testbench/uut/INT_Register_bank,  Process: line__55.
# EXECUTION:: NOTE   : Simulation time : 110000 ps.  Data written: 1, in Reg = 5
# EXECUTION:: Time: 110 ns,  Iteration: 1,  Instance: /testbench/uut/INT_Register_bank,  Process: line__55.
# EXECUTION:: NOTE   : Simulation time : 120000 ps.  Data written: 7, in Reg = 7
# EXECUTION:: Time: 120 ns,  Iteration: 1,  Instance: /testbench/uut/INT_Register_bank,  Process: line__55.
# EXECUTION:: NOTE   : Simulation time : 135000 ps.  Data written: 0, in ADDR = 0
# EXECUTION:: Time: 135 ns,  Iteration: 1,  Instance: /testbench/uut/Mem_D,  Process: line__79.
# EXECUTION:: NOTE   : Simulation time : 150000 ps.  Data written: 1, in Reg = 1
# EXECUTION:: Time: 150 ns,  Iteration: 1,  Instance: /testbench/uut/INT_Register_bank,  Process: line__55.
# EXECUTION:: NOTE   : Simulation time : 160000 ps.  Data written: 2, in Reg = 2
# EXECUTION:: Time: 160 ns,  Iteration: 1,  Instance: /testbench/uut/INT_Register_bank,  Process: line__55.
# EXECUTION:: NOTE   : Simulation time : 170000 ps.  Data written: 0, in Reg = 4
# EXECUTION:: Time: 170 ns,  Iteration: 1,  Instance: /testbench/uut/INT_Register_bank,  Process: line__55.
# EXECUTION:: NOTE   : Simulation time : 180000 ps.  Data written: 8, in Reg = 6
# EXECUTION:: Time: 180 ns,  Iteration: 1,  Instance: /testbench/uut/INT_Register_bank,  Process: line__55.
# EXECUTION:: NOTE   : Simulation time : 200000 ps.  Data written: 2, in Reg = 5
# EXECUTION:: Time: 200 ns,  Iteration: 1,  Instance: /testbench/uut/INT_Register_bank,  Process: line__55.
# EXECUTION:: NOTE   : Simulation time : 210000 ps.  Data written: 15, in Reg = 7
# EXECUTION:: Time: 210 ns,  Iteration: 1,  Instance: /testbench/uut/INT_Register_bank,  Process: line__55.
# EXECUTION:: NOTE   : Simulation time : 225000 ps.  Data written: 7, in ADDR = 0
# EXECUTION:: Time: 225 ns,  Iteration: 1,  Instance: /testbench/uut/Mem_D,  Process: line__79.
# EXECUTION:: NOTE   : Simulation time : 240000 ps.  Data written: 1, in Reg = 1
# EXECUTION:: Time: 240 ns,  Iteration: 1,  Instance: /testbench/uut/INT_Register_bank,  Process: line__55.
# EXECUTION:: NOTE   : Simulation time : 250000 ps.  Data written: 2, in Reg = 2
# EXECUTION:: Time: 250 ns,  Iteration: 1,  Instance: /testbench/uut/INT_Register_bank,  Process: line__55.
# EXECUTION:: NOTE   : Simulation time : 260000 ps.  Data written: 0, in Reg = 4
# EXECUTION:: Time: 260 ns,  Iteration: 1,  Instance: /testbench/uut/INT_Register_bank,  Process: line__55.
# EXECUTION:: NOTE   : Simulation time : 270000 ps.  Data written: 9, in Reg = 6
# EXECUTION:: Time: 270 ns,  Iteration: 1,  Instance: /testbench/uut/INT_Register_bank,  Process: line__55.
# EXECUTION:: NOTE   : Simulation time : 290000 ps.  Data written: 3, in Reg = 5
# EXECUTION:: Time: 290 ns,  Iteration: 1,  Instance: /testbench/uut/INT_Register_bank,  Process: line__55.
# KERNEL: stopped at time: 500 ns
# VSIM: 1 object(s) traced.
# VSIM: 1 object(s) traced.
run @500ns
# KERNEL: stopped at time: 500 ns
endsim
# VSIM: Simulation has finished.
asim -O5 +access +r +m+testbench testbench behavior
# ELBREAD: Elaboration process.
# ELBREAD: Elaboration time 0.0 [s].
# VSIM: Stack memory: 32MB
# VSIM: Retval memory: 32MB
# 
# KERNEL: Main thread initiated.
# KERNEL: Kernel process initialization phase.
# ELAB2: Elaboration final pass...
# ELAB2: Create instances ...
# KERNEL: Time resolution set to 1ps.
# ELAB2: Create instances complete.
# SLP: Started
# SLP: Elaboration phase ...
# SLP: Elaboration phase ... skipped, nothing to simulate in SLP mode : 0.0 [s]
# SLP: Finished : 0.0 [s]
# ELAB2: Elaboration final pass complete - time: 0.0 [s].
# KERNEL: Warning: You are using the Active-HDL Student Edition. The performance of simulation is running at a reduced rate.
# KERNEL: Warning: Contact Aldec for available upgrade options - sales@aldec.com.
# KERNEL: Kernel process initialization done.
# Allocation: Simulator allocated 6669 kB (elbread=427 elab2=6099 kernel=142 sdf=0)
# KERNEL: ASDB file was created in location C:\My_Designs\practica3_active\practica3_design\src\wave.asdb
#  16:56, miércoles, 26 de marzo de 2025
#  Simulation has been initialized
# Waveform file 'untitled.awc' connected to 'C:/My_Designs/practica3_active/practica3_design/src/wave.asdb'.
run @500ns
# KERNEL: WARNING: There is an 'U'|'X'|'W'|'Z'|'-' in an arithmetic operand, the result will be 'X'(es).
# KERNEL: Time: 0 ps,  Iteration: 0,  Instance: /testbench/uut/adder_4,  Process: line__42.
# KERNEL: WARNING: CONV_INTEGER: There is an 'U'|'X'|'W'|'Z'|'-' in an arithmetic operand, and it has been converted to 0.
# KERNEL: Time: 0 ps,  Iteration: 0,  Instance: /testbench/uut/Mem_I,  Process: line__82.
# KERNEL: WARNING: CONV_INTEGER: There is an 'U'|'X'|'W'|'Z'|'-' in an arithmetic operand, and it has been converted to 0.
# KERNEL: Time: 0 ps,  Iteration: 0,  Instance: /testbench/uut/INT_Register_bank,  Process: line__74.
# KERNEL: WARNING: CONV_INTEGER: There is an 'U'|'X'|'W'|'Z'|'-' in an arithmetic operand, and it has been converted to 0.
# KERNEL: Time: 0 ps,  Iteration: 0,  Instance: /testbench/uut/INT_Register_bank,  Process: line__76.
# KERNEL: WARNING: There is an 'U'|'X'|'W'|'Z'|'-' in an arithmetic operand, the result will be 'X'(es).
# KERNEL: Time: 0 ps,  Iteration: 0,  Instance: /testbench/uut/adder_dir,  Process: line__42.
# KERNEL: WARNING: There is an 'U'|'X'|'W'|'Z'|'-' in an arithmetic operand, the result will be 'X'(es).
# KERNEL: Time: 0 ps,  Iteration: 0,  Instance: /testbench/uut/ALU_MIPs,  Process: line__43.
# KERNEL: WARNING: There is an 'U'|'X'|'W'|'Z'|'-' in an arithmetic operand, the result will be 'X'(es).
# KERNEL: Time: 0 ps,  Iteration: 0,  Instance: /testbench/uut/ALU_MIPs,  Process: line__43.
# KERNEL: WARNING: There is an 'U'|'X'|'W'|'Z'|'-' in an arithmetic operand, the result will be 'X'(es).
# KERNEL: Time: 0 ps,  Iteration: 0,  Instance: /testbench/uut/ALU_MIPs,  Process: line__43.
# KERNEL: WARNING: There is an 'U'|'X'|'W'|'Z'|'-' in an arithmetic operand, the result will be 'X'(es).
# KERNEL: Time: 0 ps,  Iteration: 0,  Instance: /testbench/uut/ALU_MIPs,  Process: line__43.
# KERNEL: WARNING: There is an 'U'|'X'|'W'|'Z'|'-' in an arithmetic operand, the result will be 'X'(es).
# KERNEL: Time: 0 ps,  Iteration: 1,  Instance: /testbench/uut/adder_dir,  Process: line__42.
# KERNEL: WARNING: CONV_INTEGER: There is an 'U'|'X'|'W'|'Z'|'-' in an arithmetic operand, and it has been converted to 0.
# KERNEL: Time: 0 ps,  Iteration: 2,  Instance: /testbench/uut/INT_Register_bank,  Process: line__74.
# KERNEL: WARNING: CONV_INTEGER: There is an 'U'|'X'|'W'|'Z'|'-' in an arithmetic operand, and it has been converted to 0.
# KERNEL: Time: 0 ps,  Iteration: 2,  Instance: /testbench/uut/INT_Register_bank,  Process: line__76.
# KERNEL: WARNING: There is an 'U'|'X'|'W'|'Z'|'-' in an arithmetic operand, the result will be 'X'(es).
# KERNEL: Time: 0 ps,  Iteration: 2,  Instance: /testbench/uut/adder_dir,  Process: line__42.
# KERNEL: WARNING: There is an 'U'|'X'|'W'|'Z'|'-' in an arithmetic operand, the result will be 'X'(es).
# KERNEL: Time: 5 ns,  Iteration: 2,  Instance: /testbench/uut/ALU_MIPs,  Process: line__43.
# KERNEL: WARNING: There is an 'U'|'X'|'W'|'Z'|'-' in an arithmetic operand, the result will be 'X'(es).
# KERNEL: Time: 5 ns,  Iteration: 2,  Instance: /testbench/uut/adder_dir,  Process: line__42.
# EXECUTION:: NOTE   : Simulation time : 60000 ps.  Data written: 1, in Reg = 1
# EXECUTION:: Time: 60 ns,  Iteration: 1,  Instance: /testbench/uut/INT_Register_bank,  Process: line__55.
# EXECUTION:: NOTE   : Simulation time : 70000 ps.  Data written: 2, in Reg = 2
# EXECUTION:: Time: 70 ns,  Iteration: 1,  Instance: /testbench/uut/INT_Register_bank,  Process: line__55.
# EXECUTION:: NOTE   : Simulation time : 80000 ps.  Data written: 0, in Reg = 4
# EXECUTION:: Time: 80 ns,  Iteration: 1,  Instance: /testbench/uut/INT_Register_bank,  Process: line__55.
# EXECUTION:: NOTE   : Simulation time : 90000 ps.  Data written: 7, in Reg = 6
# EXECUTION:: Time: 90 ns,  Iteration: 1,  Instance: /testbench/uut/INT_Register_bank,  Process: line__55.
# EXECUTION:: NOTE   : Simulation time : 110000 ps.  Data written: 1, in Reg = 5
# EXECUTION:: Time: 110 ns,  Iteration: 1,  Instance: /testbench/uut/INT_Register_bank,  Process: line__55.
# EXECUTION:: NOTE   : Simulation time : 120000 ps.  Data written: 7, in Reg = 7
# EXECUTION:: Time: 120 ns,  Iteration: 1,  Instance: /testbench/uut/INT_Register_bank,  Process: line__55.
# EXECUTION:: NOTE   : Simulation time : 135000 ps.  Data written: 0, in ADDR = 0
# EXECUTION:: Time: 135 ns,  Iteration: 1,  Instance: /testbench/uut/Mem_D,  Process: line__79.
# EXECUTION:: NOTE   : Simulation time : 150000 ps.  Data written: 1, in Reg = 1
# EXECUTION:: Time: 150 ns,  Iteration: 1,  Instance: /testbench/uut/INT_Register_bank,  Process: line__55.
# EXECUTION:: NOTE   : Simulation time : 160000 ps.  Data written: 2, in Reg = 2
# EXECUTION:: Time: 160 ns,  Iteration: 1,  Instance: /testbench/uut/INT_Register_bank,  Process: line__55.
# EXECUTION:: NOTE   : Simulation time : 170000 ps.  Data written: 0, in Reg = 4
# EXECUTION:: Time: 170 ns,  Iteration: 1,  Instance: /testbench/uut/INT_Register_bank,  Process: line__55.
# EXECUTION:: NOTE   : Simulation time : 180000 ps.  Data written: 8, in Reg = 6
# EXECUTION:: Time: 180 ns,  Iteration: 1,  Instance: /testbench/uut/INT_Register_bank,  Process: line__55.
# EXECUTION:: NOTE   : Simulation time : 200000 ps.  Data written: 2, in Reg = 5
# EXECUTION:: Time: 200 ns,  Iteration: 1,  Instance: /testbench/uut/INT_Register_bank,  Process: line__55.
# EXECUTION:: NOTE   : Simulation time : 210000 ps.  Data written: 15, in Reg = 7
# EXECUTION:: Time: 210 ns,  Iteration: 1,  Instance: /testbench/uut/INT_Register_bank,  Process: line__55.
# EXECUTION:: NOTE   : Simulation time : 225000 ps.  Data written: 7, in ADDR = 0
# EXECUTION:: Time: 225 ns,  Iteration: 1,  Instance: /testbench/uut/Mem_D,  Process: line__79.
# EXECUTION:: NOTE   : Simulation time : 240000 ps.  Data written: 1, in Reg = 1
# EXECUTION:: Time: 240 ns,  Iteration: 1,  Instance: /testbench/uut/INT_Register_bank,  Process: line__55.
# EXECUTION:: NOTE   : Simulation time : 250000 ps.  Data written: 2, in Reg = 2
# EXECUTION:: Time: 250 ns,  Iteration: 1,  Instance: /testbench/uut/INT_Register_bank,  Process: line__55.
# EXECUTION:: NOTE   : Simulation time : 260000 ps.  Data written: 0, in Reg = 4
# EXECUTION:: Time: 260 ns,  Iteration: 1,  Instance: /testbench/uut/INT_Register_bank,  Process: line__55.
# EXECUTION:: NOTE   : Simulation time : 270000 ps.  Data written: 9, in Reg = 6
# EXECUTION:: Time: 270 ns,  Iteration: 1,  Instance: /testbench/uut/INT_Register_bank,  Process: line__55.
# EXECUTION:: NOTE   : Simulation time : 290000 ps.  Data written: 3, in Reg = 5
# EXECUTION:: Time: 290 ns,  Iteration: 1,  Instance: /testbench/uut/INT_Register_bank,  Process: line__55.
# KERNEL: stopped at time: 500 ns
# VSIM: 1 object(s) traced.
restart
# ELBREAD: Elaboration process.
# ELBREAD: Elaboration time 0.0 [s].
# 
# KERNEL: Main thread initiated.
# KERNEL: Kernel process initialization phase.
# ELAB2: Elaboration final pass...
# ELAB2: Create instances ...
# KERNEL: Time resolution set to 1ps.
# ELAB2: Create instances complete.
# SLP: Started
# SLP: Elaboration phase ...
# SLP: Elaboration phase ... skipped, nothing to simulate in SLP mode : 0.0 [s]
# SLP: Finished : 0.0 [s]
# ELAB2: Elaboration final pass complete - time: 0.0 [s].
# KERNEL: Warning: You are using the Active-HDL Student Edition. The performance of simulation is running at a reduced rate.
# KERNEL: Warning: Contact Aldec for available upgrade options - sales@aldec.com.
# KERNEL: Kernel process initialization done.
# Allocation: Simulator allocated 6669 kB (elbread=427 elab2=6099 kernel=142 sdf=0)
# KERNEL: ASDB file was created in location C:\My_Designs\practica3_active\practica3_design\src\wave.asdb
#  16:58, miércoles, 26 de marzo de 2025
#  Simulation has been initialized
# Waveform file 'untitled.awc' connected to 'C:/My_Designs/practica3_active/practica3_design/src/wave.asdb'.
endsim
# VSIM: Simulation has finished.
asim -O5 +access +r +m+testbench testbench behavior
# ELBREAD: Elaboration process.
# ELBREAD: Elaboration time 0.0 [s].
# VSIM: Stack memory: 32MB
# VSIM: Retval memory: 32MB
# 
# KERNEL: Main thread initiated.
# KERNEL: Kernel process initialization phase.
# ELAB2: Elaboration final pass...
# ELAB2: Create instances ...
# KERNEL: Time resolution set to 1ps.
# ELAB2: Create instances complete.
# SLP: Started
# SLP: Elaboration phase ...
# SLP: Elaboration phase ... skipped, nothing to simulate in SLP mode : 0.0 [s]
# SLP: Finished : 0.0 [s]
# ELAB2: Elaboration final pass complete - time: 0.0 [s].
# KERNEL: Warning: You are using the Active-HDL Student Edition. The performance of simulation is running at a reduced rate.
# KERNEL: Warning: Contact Aldec for available upgrade options - sales@aldec.com.
# KERNEL: Kernel process initialization done.
# Allocation: Simulator allocated 6669 kB (elbread=427 elab2=6099 kernel=142 sdf=0)
# KERNEL: ASDB file was created in location C:\My_Designs\practica3_active\practica3_design\src\wave.asdb
#  16:58, miércoles, 26 de marzo de 2025
#  Simulation has been initialized
# Waveform file 'untitled.awc' connected to 'C:/My_Designs/practica3_active/practica3_design/src/wave.asdb'.
run @500ns
# KERNEL: WARNING: There is an 'U'|'X'|'W'|'Z'|'-' in an arithmetic operand, the result will be 'X'(es).
# KERNEL: Time: 0 ps,  Iteration: 0,  Instance: /testbench/uut/adder_4,  Process: line__42.
# KERNEL: WARNING: CONV_INTEGER: There is an 'U'|'X'|'W'|'Z'|'-' in an arithmetic operand, and it has been converted to 0.
# KERNEL: Time: 0 ps,  Iteration: 0,  Instance: /testbench/uut/Mem_I,  Process: line__82.
# KERNEL: WARNING: CONV_INTEGER: There is an 'U'|'X'|'W'|'Z'|'-' in an arithmetic operand, and it has been converted to 0.
# KERNEL: Time: 0 ps,  Iteration: 0,  Instance: /testbench/uut/INT_Register_bank,  Process: line__74.
# KERNEL: WARNING: CONV_INTEGER: There is an 'U'|'X'|'W'|'Z'|'-' in an arithmetic operand, and it has been converted to 0.
# KERNEL: Time: 0 ps,  Iteration: 0,  Instance: /testbench/uut/INT_Register_bank,  Process: line__76.
# KERNEL: WARNING: There is an 'U'|'X'|'W'|'Z'|'-' in an arithmetic operand, the result will be 'X'(es).
# KERNEL: Time: 0 ps,  Iteration: 0,  Instance: /testbench/uut/adder_dir,  Process: line__42.
# KERNEL: WARNING: There is an 'U'|'X'|'W'|'Z'|'-' in an arithmetic operand, the result will be 'X'(es).
# KERNEL: Time: 0 ps,  Iteration: 0,  Instance: /testbench/uut/ALU_MIPs,  Process: line__43.
# KERNEL: WARNING: There is an 'U'|'X'|'W'|'Z'|'-' in an arithmetic operand, the result will be 'X'(es).
# KERNEL: Time: 0 ps,  Iteration: 0,  Instance: /testbench/uut/ALU_MIPs,  Process: line__43.
# KERNEL: WARNING: There is an 'U'|'X'|'W'|'Z'|'-' in an arithmetic operand, the result will be 'X'(es).
# KERNEL: Time: 0 ps,  Iteration: 0,  Instance: /testbench/uut/ALU_MIPs,  Process: line__43.
# KERNEL: WARNING: There is an 'U'|'X'|'W'|'Z'|'-' in an arithmetic operand, the result will be 'X'(es).
# KERNEL: Time: 0 ps,  Iteration: 0,  Instance: /testbench/uut/ALU_MIPs,  Process: line__43.
# KERNEL: WARNING: There is an 'U'|'X'|'W'|'Z'|'-' in an arithmetic operand, the result will be 'X'(es).
# KERNEL: Time: 0 ps,  Iteration: 1,  Instance: /testbench/uut/adder_dir,  Process: line__42.
# KERNEL: WARNING: CONV_INTEGER: There is an 'U'|'X'|'W'|'Z'|'-' in an arithmetic operand, and it has been converted to 0.
# KERNEL: Time: 0 ps,  Iteration: 2,  Instance: /testbench/uut/INT_Register_bank,  Process: line__74.
# KERNEL: WARNING: CONV_INTEGER: There is an 'U'|'X'|'W'|'Z'|'-' in an arithmetic operand, and it has been converted to 0.
# KERNEL: Time: 0 ps,  Iteration: 2,  Instance: /testbench/uut/INT_Register_bank,  Process: line__76.
# KERNEL: WARNING: There is an 'U'|'X'|'W'|'Z'|'-' in an arithmetic operand, the result will be 'X'(es).
# KERNEL: Time: 0 ps,  Iteration: 2,  Instance: /testbench/uut/adder_dir,  Process: line__42.
# KERNEL: WARNING: There is an 'U'|'X'|'W'|'Z'|'-' in an arithmetic operand, the result will be 'X'(es).
# KERNEL: Time: 5 ns,  Iteration: 2,  Instance: /testbench/uut/ALU_MIPs,  Process: line__43.
# KERNEL: WARNING: There is an 'U'|'X'|'W'|'Z'|'-' in an arithmetic operand, the result will be 'X'(es).
# KERNEL: Time: 5 ns,  Iteration: 2,  Instance: /testbench/uut/adder_dir,  Process: line__42.
# EXECUTION:: NOTE   : Simulation time : 60000 ps.  Data written: 1, in Reg = 1
# EXECUTION:: Time: 60 ns,  Iteration: 1,  Instance: /testbench/uut/INT_Register_bank,  Process: line__55.
# EXECUTION:: NOTE   : Simulation time : 70000 ps.  Data written: 2, in Reg = 2
# EXECUTION:: Time: 70 ns,  Iteration: 1,  Instance: /testbench/uut/INT_Register_bank,  Process: line__55.
# EXECUTION:: NOTE   : Simulation time : 80000 ps.  Data written: 0, in Reg = 4
# EXECUTION:: Time: 80 ns,  Iteration: 1,  Instance: /testbench/uut/INT_Register_bank,  Process: line__55.
# EXECUTION:: NOTE   : Simulation time : 90000 ps.  Data written: 7, in Reg = 6
# EXECUTION:: Time: 90 ns,  Iteration: 1,  Instance: /testbench/uut/INT_Register_bank,  Process: line__55.
# EXECUTION:: NOTE   : Simulation time : 110000 ps.  Data written: 1, in Reg = 5
# EXECUTION:: Time: 110 ns,  Iteration: 1,  Instance: /testbench/uut/INT_Register_bank,  Process: line__55.
# EXECUTION:: NOTE   : Simulation time : 120000 ps.  Data written: 7, in Reg = 7
# EXECUTION:: Time: 120 ns,  Iteration: 1,  Instance: /testbench/uut/INT_Register_bank,  Process: line__55.
# EXECUTION:: NOTE   : Simulation time : 135000 ps.  Data written: 0, in ADDR = 0
# EXECUTION:: Time: 135 ns,  Iteration: 1,  Instance: /testbench/uut/Mem_D,  Process: line__79.
# EXECUTION:: NOTE   : Simulation time : 150000 ps.  Data written: 1, in Reg = 1
# EXECUTION:: Time: 150 ns,  Iteration: 1,  Instance: /testbench/uut/INT_Register_bank,  Process: line__55.
# EXECUTION:: NOTE   : Simulation time : 160000 ps.  Data written: 2, in Reg = 2
# EXECUTION:: Time: 160 ns,  Iteration: 1,  Instance: /testbench/uut/INT_Register_bank,  Process: line__55.
# EXECUTION:: NOTE   : Simulation time : 170000 ps.  Data written: 0, in Reg = 4
# EXECUTION:: Time: 170 ns,  Iteration: 1,  Instance: /testbench/uut/INT_Register_bank,  Process: line__55.
# EXECUTION:: NOTE   : Simulation time : 180000 ps.  Data written: 8, in Reg = 6
# EXECUTION:: Time: 180 ns,  Iteration: 1,  Instance: /testbench/uut/INT_Register_bank,  Process: line__55.
# EXECUTION:: NOTE   : Simulation time : 200000 ps.  Data written: 2, in Reg = 5
# EXECUTION:: Time: 200 ns,  Iteration: 1,  Instance: /testbench/uut/INT_Register_bank,  Process: line__55.
# EXECUTION:: NOTE   : Simulation time : 210000 ps.  Data written: 15, in Reg = 7
# EXECUTION:: Time: 210 ns,  Iteration: 1,  Instance: /testbench/uut/INT_Register_bank,  Process: line__55.
# EXECUTION:: NOTE   : Simulation time : 225000 ps.  Data written: 7, in ADDR = 0
# EXECUTION:: Time: 225 ns,  Iteration: 1,  Instance: /testbench/uut/Mem_D,  Process: line__79.
# EXECUTION:: NOTE   : Simulation time : 240000 ps.  Data written: 1, in Reg = 1
# EXECUTION:: Time: 240 ns,  Iteration: 1,  Instance: /testbench/uut/INT_Register_bank,  Process: line__55.
# EXECUTION:: NOTE   : Simulation time : 250000 ps.  Data written: 2, in Reg = 2
# EXECUTION:: Time: 250 ns,  Iteration: 1,  Instance: /testbench/uut/INT_Register_bank,  Process: line__55.
# EXECUTION:: NOTE   : Simulation time : 260000 ps.  Data written: 0, in Reg = 4
# EXECUTION:: Time: 260 ns,  Iteration: 1,  Instance: /testbench/uut/INT_Register_bank,  Process: line__55.
# EXECUTION:: NOTE   : Simulation time : 270000 ps.  Data written: 9, in Reg = 6
# EXECUTION:: Time: 270 ns,  Iteration: 1,  Instance: /testbench/uut/INT_Register_bank,  Process: line__55.
# EXECUTION:: NOTE   : Simulation time : 290000 ps.  Data written: 3, in Reg = 5
# EXECUTION:: Time: 290 ns,  Iteration: 1,  Instance: /testbench/uut/INT_Register_bank,  Process: line__55.
# KERNEL: stopped at time: 500 ns
# VSIM: 1 object(s) traced.
# VSIM: 1 object(s) traced.
endsim
# VSIM: Simulation has finished.
asim -O5 +access +r +m+testbench testbench behavior
# ELBREAD: Elaboration process.
# ELBREAD: Elaboration time 0.0 [s].
# VSIM: Stack memory: 32MB
# VSIM: Retval memory: 32MB
# 
# KERNEL: Main thread initiated.
# KERNEL: Kernel process initialization phase.
# ELAB2: Elaboration final pass...
# ELAB2: Create instances ...
# KERNEL: Time resolution set to 1ps.
# ELAB2: Create instances complete.
# SLP: Started
# SLP: Elaboration phase ...
# SLP: Elaboration phase ... skipped, nothing to simulate in SLP mode : 0.0 [s]
# SLP: Finished : 0.0 [s]
# ELAB2: Elaboration final pass complete - time: 0.0 [s].
# KERNEL: Warning: You are using the Active-HDL Student Edition. The performance of simulation is running at a reduced rate.
# KERNEL: Warning: Contact Aldec for available upgrade options - sales@aldec.com.
# KERNEL: Kernel process initialization done.
# Allocation: Simulator allocated 6669 kB (elbread=427 elab2=6099 kernel=142 sdf=0)
# KERNEL: ASDB file was created in location C:\My_Designs\practica3_active\practica3_design\src\wave.asdb
#  17:00, miércoles, 26 de marzo de 2025
#  Simulation has been initialized
# Waveform file 'untitled.awc' connected to 'C:/My_Designs/practica3_active/practica3_design/src/wave.asdb'.
run @500ns
# KERNEL: WARNING: There is an 'U'|'X'|'W'|'Z'|'-' in an arithmetic operand, the result will be 'X'(es).
# KERNEL: Time: 0 ps,  Iteration: 0,  Instance: /testbench/uut/adder_4,  Process: line__42.
# KERNEL: WARNING: CONV_INTEGER: There is an 'U'|'X'|'W'|'Z'|'-' in an arithmetic operand, and it has been converted to 0.
# KERNEL: Time: 0 ps,  Iteration: 0,  Instance: /testbench/uut/Mem_I,  Process: line__82.
# KERNEL: WARNING: CONV_INTEGER: There is an 'U'|'X'|'W'|'Z'|'-' in an arithmetic operand, and it has been converted to 0.
# KERNEL: Time: 0 ps,  Iteration: 0,  Instance: /testbench/uut/INT_Register_bank,  Process: line__74.
# KERNEL: WARNING: CONV_INTEGER: There is an 'U'|'X'|'W'|'Z'|'-' in an arithmetic operand, and it has been converted to 0.
# KERNEL: Time: 0 ps,  Iteration: 0,  Instance: /testbench/uut/INT_Register_bank,  Process: line__76.
# KERNEL: WARNING: There is an 'U'|'X'|'W'|'Z'|'-' in an arithmetic operand, the result will be 'X'(es).
# KERNEL: Time: 0 ps,  Iteration: 0,  Instance: /testbench/uut/adder_dir,  Process: line__42.
# KERNEL: WARNING: There is an 'U'|'X'|'W'|'Z'|'-' in an arithmetic operand, the result will be 'X'(es).
# KERNEL: Time: 0 ps,  Iteration: 0,  Instance: /testbench/uut/ALU_MIPs,  Process: line__43.
# KERNEL: WARNING: There is an 'U'|'X'|'W'|'Z'|'-' in an arithmetic operand, the result will be 'X'(es).
# KERNEL: Time: 0 ps,  Iteration: 0,  Instance: /testbench/uut/ALU_MIPs,  Process: line__43.
# KERNEL: WARNING: There is an 'U'|'X'|'W'|'Z'|'-' in an arithmetic operand, the result will be 'X'(es).
# KERNEL: Time: 0 ps,  Iteration: 0,  Instance: /testbench/uut/ALU_MIPs,  Process: line__43.
# KERNEL: WARNING: There is an 'U'|'X'|'W'|'Z'|'-' in an arithmetic operand, the result will be 'X'(es).
# KERNEL: Time: 0 ps,  Iteration: 0,  Instance: /testbench/uut/ALU_MIPs,  Process: line__43.
# KERNEL: WARNING: There is an 'U'|'X'|'W'|'Z'|'-' in an arithmetic operand, the result will be 'X'(es).
# KERNEL: Time: 0 ps,  Iteration: 1,  Instance: /testbench/uut/adder_dir,  Process: line__42.
# KERNEL: WARNING: CONV_INTEGER: There is an 'U'|'X'|'W'|'Z'|'-' in an arithmetic operand, and it has been converted to 0.
# KERNEL: Time: 0 ps,  Iteration: 2,  Instance: /testbench/uut/INT_Register_bank,  Process: line__74.
# KERNEL: WARNING: CONV_INTEGER: There is an 'U'|'X'|'W'|'Z'|'-' in an arithmetic operand, and it has been converted to 0.
# KERNEL: Time: 0 ps,  Iteration: 2,  Instance: /testbench/uut/INT_Register_bank,  Process: line__76.
# KERNEL: WARNING: There is an 'U'|'X'|'W'|'Z'|'-' in an arithmetic operand, the result will be 'X'(es).
# KERNEL: Time: 0 ps,  Iteration: 2,  Instance: /testbench/uut/adder_dir,  Process: line__42.
# KERNEL: WARNING: There is an 'U'|'X'|'W'|'Z'|'-' in an arithmetic operand, the result will be 'X'(es).
# KERNEL: Time: 5 ns,  Iteration: 2,  Instance: /testbench/uut/ALU_MIPs,  Process: line__43.
# KERNEL: WARNING: There is an 'U'|'X'|'W'|'Z'|'-' in an arithmetic operand, the result will be 'X'(es).
# KERNEL: Time: 5 ns,  Iteration: 2,  Instance: /testbench/uut/adder_dir,  Process: line__42.
# EXECUTION:: NOTE   : Simulation time : 60000 ps.  Data written: 1, in Reg = 1
# EXECUTION:: Time: 60 ns,  Iteration: 1,  Instance: /testbench/uut/INT_Register_bank,  Process: line__55.
# EXECUTION:: NOTE   : Simulation time : 70000 ps.  Data written: 2, in Reg = 2
# EXECUTION:: Time: 70 ns,  Iteration: 1,  Instance: /testbench/uut/INT_Register_bank,  Process: line__55.
# EXECUTION:: NOTE   : Simulation time : 80000 ps.  Data written: 0, in Reg = 4
# EXECUTION:: Time: 80 ns,  Iteration: 1,  Instance: /testbench/uut/INT_Register_bank,  Process: line__55.
# EXECUTION:: NOTE   : Simulation time : 90000 ps.  Data written: 7, in Reg = 6
# EXECUTION:: Time: 90 ns,  Iteration: 1,  Instance: /testbench/uut/INT_Register_bank,  Process: line__55.
# EXECUTION:: NOTE   : Simulation time : 110000 ps.  Data written: 1, in Reg = 5
# EXECUTION:: Time: 110 ns,  Iteration: 1,  Instance: /testbench/uut/INT_Register_bank,  Process: line__55.
# EXECUTION:: NOTE   : Simulation time : 120000 ps.  Data written: 7, in Reg = 7
# EXECUTION:: Time: 120 ns,  Iteration: 1,  Instance: /testbench/uut/INT_Register_bank,  Process: line__55.
# EXECUTION:: NOTE   : Simulation time : 135000 ps.  Data written: 0, in ADDR = 0
# EXECUTION:: Time: 135 ns,  Iteration: 1,  Instance: /testbench/uut/Mem_D,  Process: line__79.
# EXECUTION:: NOTE   : Simulation time : 150000 ps.  Data written: 1, in Reg = 1
# EXECUTION:: Time: 150 ns,  Iteration: 1,  Instance: /testbench/uut/INT_Register_bank,  Process: line__55.
# EXECUTION:: NOTE   : Simulation time : 160000 ps.  Data written: 2, in Reg = 2
# EXECUTION:: Time: 160 ns,  Iteration: 1,  Instance: /testbench/uut/INT_Register_bank,  Process: line__55.
# EXECUTION:: NOTE   : Simulation time : 170000 ps.  Data written: 0, in Reg = 4
# EXECUTION:: Time: 170 ns,  Iteration: 1,  Instance: /testbench/uut/INT_Register_bank,  Process: line__55.
# EXECUTION:: NOTE   : Simulation time : 180000 ps.  Data written: 8, in Reg = 6
# EXECUTION:: Time: 180 ns,  Iteration: 1,  Instance: /testbench/uut/INT_Register_bank,  Process: line__55.
# EXECUTION:: NOTE   : Simulation time : 200000 ps.  Data written: 2, in Reg = 5
# EXECUTION:: Time: 200 ns,  Iteration: 1,  Instance: /testbench/uut/INT_Register_bank,  Process: line__55.
# EXECUTION:: NOTE   : Simulation time : 210000 ps.  Data written: 15, in Reg = 7
# EXECUTION:: Time: 210 ns,  Iteration: 1,  Instance: /testbench/uut/INT_Register_bank,  Process: line__55.
# EXECUTION:: NOTE   : Simulation time : 225000 ps.  Data written: 7, in ADDR = 0
# EXECUTION:: Time: 225 ns,  Iteration: 1,  Instance: /testbench/uut/Mem_D,  Process: line__79.
# EXECUTION:: NOTE   : Simulation time : 240000 ps.  Data written: 1, in Reg = 1
# EXECUTION:: Time: 240 ns,  Iteration: 1,  Instance: /testbench/uut/INT_Register_bank,  Process: line__55.
# EXECUTION:: NOTE   : Simulation time : 250000 ps.  Data written: 2, in Reg = 2
# EXECUTION:: Time: 250 ns,  Iteration: 1,  Instance: /testbench/uut/INT_Register_bank,  Process: line__55.
# EXECUTION:: NOTE   : Simulation time : 260000 ps.  Data written: 0, in Reg = 4
# EXECUTION:: Time: 260 ns,  Iteration: 1,  Instance: /testbench/uut/INT_Register_bank,  Process: line__55.
# EXECUTION:: NOTE   : Simulation time : 270000 ps.  Data written: 9, in Reg = 6
# EXECUTION:: Time: 270 ns,  Iteration: 1,  Instance: /testbench/uut/INT_Register_bank,  Process: line__55.
# EXECUTION:: NOTE   : Simulation time : 290000 ps.  Data written: 3, in Reg = 5
# EXECUTION:: Time: 290 ns,  Iteration: 1,  Instance: /testbench/uut/INT_Register_bank,  Process: line__55.
# KERNEL: stopped at time: 500 ns
# VSIM: 1 object(s) traced.
endsim
# VSIM: Simulation has finished.
asim -O5 +access +r +m+testbench testbench behavior
# ELBREAD: Elaboration process.
# ELBREAD: Elaboration time 0.0 [s].
# VSIM: Stack memory: 32MB
# VSIM: Retval memory: 32MB
# 
# KERNEL: Main thread initiated.
# KERNEL: Kernel process initialization phase.
# ELAB2: Elaboration final pass...
# ELAB2: Create instances ...
# KERNEL: Time resolution set to 1ps.
# ELAB2: Create instances complete.
# SLP: Started
# SLP: Elaboration phase ...
# SLP: Elaboration phase ... skipped, nothing to simulate in SLP mode : 0.0 [s]
# SLP: Finished : 0.0 [s]
# ELAB2: Elaboration final pass complete - time: 0.0 [s].
# KERNEL: Warning: You are using the Active-HDL Student Edition. The performance of simulation is running at a reduced rate.
# KERNEL: Warning: Contact Aldec for available upgrade options - sales@aldec.com.
# KERNEL: Kernel process initialization done.
# Allocation: Simulator allocated 6669 kB (elbread=427 elab2=6099 kernel=142 sdf=0)
# KERNEL: ASDB file was created in location C:\My_Designs\practica3_active\practica3_design\src\wave.asdb
#  17:14, miércoles, 26 de marzo de 2025
#  Simulation has been initialized
# Waveform file 'untitled.awc' connected to 'C:/My_Designs/practica3_active/practica3_design/src/wave.asdb'.
run @500ns
# KERNEL: WARNING: There is an 'U'|'X'|'W'|'Z'|'-' in an arithmetic operand, the result will be 'X'(es).
# KERNEL: Time: 0 ps,  Iteration: 0,  Instance: /testbench/uut/adder_4,  Process: line__42.
# KERNEL: WARNING: CONV_INTEGER: There is an 'U'|'X'|'W'|'Z'|'-' in an arithmetic operand, and it has been converted to 0.
# KERNEL: Time: 0 ps,  Iteration: 0,  Instance: /testbench/uut/Mem_I,  Process: line__82.
# KERNEL: WARNING: CONV_INTEGER: There is an 'U'|'X'|'W'|'Z'|'-' in an arithmetic operand, and it has been converted to 0.
# KERNEL: Time: 0 ps,  Iteration: 0,  Instance: /testbench/uut/INT_Register_bank,  Process: line__74.
# KERNEL: WARNING: CONV_INTEGER: There is an 'U'|'X'|'W'|'Z'|'-' in an arithmetic operand, and it has been converted to 0.
# KERNEL: Time: 0 ps,  Iteration: 0,  Instance: /testbench/uut/INT_Register_bank,  Process: line__76.
# KERNEL: WARNING: There is an 'U'|'X'|'W'|'Z'|'-' in an arithmetic operand, the result will be 'X'(es).
# KERNEL: Time: 0 ps,  Iteration: 0,  Instance: /testbench/uut/adder_dir,  Process: line__42.
# KERNEL: WARNING: There is an 'U'|'X'|'W'|'Z'|'-' in an arithmetic operand, the result will be 'X'(es).
# KERNEL: Time: 0 ps,  Iteration: 0,  Instance: /testbench/uut/ALU_MIPs,  Process: line__43.
# KERNEL: WARNING: There is an 'U'|'X'|'W'|'Z'|'-' in an arithmetic operand, the result will be 'X'(es).
# KERNEL: Time: 0 ps,  Iteration: 0,  Instance: /testbench/uut/ALU_MIPs,  Process: line__43.
# KERNEL: WARNING: There is an 'U'|'X'|'W'|'Z'|'-' in an arithmetic operand, the result will be 'X'(es).
# KERNEL: Time: 0 ps,  Iteration: 0,  Instance: /testbench/uut/ALU_MIPs,  Process: line__43.
# KERNEL: WARNING: There is an 'U'|'X'|'W'|'Z'|'-' in an arithmetic operand, the result will be 'X'(es).
# KERNEL: Time: 0 ps,  Iteration: 0,  Instance: /testbench/uut/ALU_MIPs,  Process: line__43.
# KERNEL: WARNING: There is an 'U'|'X'|'W'|'Z'|'-' in an arithmetic operand, the result will be 'X'(es).
# KERNEL: Time: 0 ps,  Iteration: 1,  Instance: /testbench/uut/adder_dir,  Process: line__42.
# KERNEL: WARNING: CONV_INTEGER: There is an 'U'|'X'|'W'|'Z'|'-' in an arithmetic operand, and it has been converted to 0.
# KERNEL: Time: 0 ps,  Iteration: 2,  Instance: /testbench/uut/INT_Register_bank,  Process: line__74.
# KERNEL: WARNING: CONV_INTEGER: There is an 'U'|'X'|'W'|'Z'|'-' in an arithmetic operand, and it has been converted to 0.
# KERNEL: Time: 0 ps,  Iteration: 2,  Instance: /testbench/uut/INT_Register_bank,  Process: line__76.
# KERNEL: WARNING: There is an 'U'|'X'|'W'|'Z'|'-' in an arithmetic operand, the result will be 'X'(es).
# KERNEL: Time: 0 ps,  Iteration: 2,  Instance: /testbench/uut/adder_dir,  Process: line__42.
# KERNEL: WARNING: There is an 'U'|'X'|'W'|'Z'|'-' in an arithmetic operand, the result will be 'X'(es).
# KERNEL: Time: 5 ns,  Iteration: 2,  Instance: /testbench/uut/ALU_MIPs,  Process: line__43.
# KERNEL: WARNING: There is an 'U'|'X'|'W'|'Z'|'-' in an arithmetic operand, the result will be 'X'(es).
# KERNEL: Time: 5 ns,  Iteration: 2,  Instance: /testbench/uut/adder_dir,  Process: line__42.
# EXECUTION:: NOTE   : Simulation time : 60000 ps.  Data written: 1, in Reg = 1
# EXECUTION:: Time: 60 ns,  Iteration: 1,  Instance: /testbench/uut/INT_Register_bank,  Process: line__55.
# EXECUTION:: NOTE   : Simulation time : 70000 ps.  Data written: 2, in Reg = 2
# EXECUTION:: Time: 70 ns,  Iteration: 1,  Instance: /testbench/uut/INT_Register_bank,  Process: line__55.
# EXECUTION:: NOTE   : Simulation time : 80000 ps.  Data written: 0, in Reg = 4
# EXECUTION:: Time: 80 ns,  Iteration: 1,  Instance: /testbench/uut/INT_Register_bank,  Process: line__55.
# EXECUTION:: NOTE   : Simulation time : 90000 ps.  Data written: 7, in Reg = 6
# EXECUTION:: Time: 90 ns,  Iteration: 1,  Instance: /testbench/uut/INT_Register_bank,  Process: line__55.
# EXECUTION:: NOTE   : Simulation time : 110000 ps.  Data written: 1, in Reg = 5
# EXECUTION:: Time: 110 ns,  Iteration: 1,  Instance: /testbench/uut/INT_Register_bank,  Process: line__55.
# EXECUTION:: NOTE   : Simulation time : 120000 ps.  Data written: 7, in Reg = 7
# EXECUTION:: Time: 120 ns,  Iteration: 1,  Instance: /testbench/uut/INT_Register_bank,  Process: line__55.
# EXECUTION:: NOTE   : Simulation time : 135000 ps.  Data written: 0, in ADDR = 0
# EXECUTION:: Time: 135 ns,  Iteration: 1,  Instance: /testbench/uut/Mem_D,  Process: line__79.
# EXECUTION:: NOTE   : Simulation time : 150000 ps.  Data written: 1, in Reg = 1
# EXECUTION:: Time: 150 ns,  Iteration: 1,  Instance: /testbench/uut/INT_Register_bank,  Process: line__55.
# EXECUTION:: NOTE   : Simulation time : 160000 ps.  Data written: 2, in Reg = 2
# EXECUTION:: Time: 160 ns,  Iteration: 1,  Instance: /testbench/uut/INT_Register_bank,  Process: line__55.
# EXECUTION:: NOTE   : Simulation time : 170000 ps.  Data written: 0, in Reg = 4
# EXECUTION:: Time: 170 ns,  Iteration: 1,  Instance: /testbench/uut/INT_Register_bank,  Process: line__55.
# EXECUTION:: NOTE   : Simulation time : 180000 ps.  Data written: 8, in Reg = 6
# EXECUTION:: Time: 180 ns,  Iteration: 1,  Instance: /testbench/uut/INT_Register_bank,  Process: line__55.
# EXECUTION:: NOTE   : Simulation time : 200000 ps.  Data written: 2, in Reg = 5
# EXECUTION:: Time: 200 ns,  Iteration: 1,  Instance: /testbench/uut/INT_Register_bank,  Process: line__55.
# EXECUTION:: NOTE   : Simulation time : 210000 ps.  Data written: 15, in Reg = 7
# EXECUTION:: Time: 210 ns,  Iteration: 1,  Instance: /testbench/uut/INT_Register_bank,  Process: line__55.
# EXECUTION:: NOTE   : Simulation time : 225000 ps.  Data written: 7, in ADDR = 0
# EXECUTION:: Time: 225 ns,  Iteration: 1,  Instance: /testbench/uut/Mem_D,  Process: line__79.
# EXECUTION:: NOTE   : Simulation time : 240000 ps.  Data written: 1, in Reg = 1
# EXECUTION:: Time: 240 ns,  Iteration: 1,  Instance: /testbench/uut/INT_Register_bank,  Process: line__55.
# EXECUTION:: NOTE   : Simulation time : 250000 ps.  Data written: 2, in Reg = 2
# EXECUTION:: Time: 250 ns,  Iteration: 1,  Instance: /testbench/uut/INT_Register_bank,  Process: line__55.
# EXECUTION:: NOTE   : Simulation time : 260000 ps.  Data written: 0, in Reg = 4
# EXECUTION:: Time: 260 ns,  Iteration: 1,  Instance: /testbench/uut/INT_Register_bank,  Process: line__55.
# EXECUTION:: NOTE   : Simulation time : 270000 ps.  Data written: 9, in Reg = 6
# EXECUTION:: Time: 270 ns,  Iteration: 1,  Instance: /testbench/uut/INT_Register_bank,  Process: line__55.
# EXECUTION:: NOTE   : Simulation time : 290000 ps.  Data written: 3, in Reg = 5
# EXECUTION:: Time: 290 ns,  Iteration: 1,  Instance: /testbench/uut/INT_Register_bank,  Process: line__55.
# KERNEL: stopped at time: 500 ns
acom -O3 -e 100 -work practica3_design -2002  $dsn/src/ram-816106.vhd
# Compile Entity "Data_Memory_Subsystem"
# Compile Architecture "Behavioral" of Entity "Data_Memory_Subsystem"
# Compile success 0 Errors 0 Warnings  Analysis time :  94.0 [ms]
endsim
# VSIM: Simulation has finished.
asim -O5 +access +r +m+testbench testbench behavior
# ELBREAD: Elaboration process.
# ELBREAD: Elaboration time 0.0 [s].
# VSIM: Stack memory: 32MB
# VSIM: Retval memory: 32MB
# 
# KERNEL: Main thread initiated.
# KERNEL: Kernel process initialization phase.
# ELAB2: Elaboration final pass...
# ELAB2: Create instances ...
# KERNEL: Time resolution set to 1ps.
# ELAB2: Create instances complete.
# SLP: Started
# SLP: Elaboration phase ...
# SLP: Elaboration phase ... skipped, nothing to simulate in SLP mode : 0.0 [s]
# SLP: Finished : 0.0 [s]
# ELAB2: Elaboration final pass complete - time: 0.0 [s].
# KERNEL: Warning: You are using the Active-HDL Student Edition. The performance of simulation is running at a reduced rate.
# KERNEL: Warning: Contact Aldec for available upgrade options - sales@aldec.com.
# KERNEL: Kernel process initialization done.
# Allocation: Simulator allocated 6669 kB (elbread=427 elab2=6099 kernel=142 sdf=0)
# KERNEL: ASDB file was created in location C:\My_Designs\practica3_active\practica3_design\src\wave.asdb
#  17:19, miércoles, 26 de marzo de 2025
#  Simulation has been initialized
# Waveform file 'untitled.awc' connected to 'C:/My_Designs/practica3_active/practica3_design/src/wave.asdb'.
run @500ns
# KERNEL: WARNING: There is an 'U'|'X'|'W'|'Z'|'-' in an arithmetic operand, the result will be 'X'(es).
# KERNEL: Time: 0 ps,  Iteration: 0,  Instance: /testbench/uut/adder_4,  Process: line__42.
# KERNEL: WARNING: CONV_INTEGER: There is an 'U'|'X'|'W'|'Z'|'-' in an arithmetic operand, and it has been converted to 0.
# KERNEL: Time: 0 ps,  Iteration: 0,  Instance: /testbench/uut/Mem_I,  Process: line__82.
# KERNEL: WARNING: CONV_INTEGER: There is an 'U'|'X'|'W'|'Z'|'-' in an arithmetic operand, and it has been converted to 0.
# KERNEL: Time: 0 ps,  Iteration: 0,  Instance: /testbench/uut/INT_Register_bank,  Process: line__74.
# KERNEL: WARNING: CONV_INTEGER: There is an 'U'|'X'|'W'|'Z'|'-' in an arithmetic operand, and it has been converted to 0.
# KERNEL: Time: 0 ps,  Iteration: 0,  Instance: /testbench/uut/INT_Register_bank,  Process: line__76.
# KERNEL: WARNING: There is an 'U'|'X'|'W'|'Z'|'-' in an arithmetic operand, the result will be 'X'(es).
# KERNEL: Time: 0 ps,  Iteration: 0,  Instance: /testbench/uut/adder_dir,  Process: line__42.
# KERNEL: WARNING: There is an 'U'|'X'|'W'|'Z'|'-' in an arithmetic operand, the result will be 'X'(es).
# KERNEL: Time: 0 ps,  Iteration: 0,  Instance: /testbench/uut/ALU_MIPs,  Process: line__43.
# KERNEL: WARNING: There is an 'U'|'X'|'W'|'Z'|'-' in an arithmetic operand, the result will be 'X'(es).
# KERNEL: Time: 0 ps,  Iteration: 0,  Instance: /testbench/uut/ALU_MIPs,  Process: line__43.
# KERNEL: WARNING: There is an 'U'|'X'|'W'|'Z'|'-' in an arithmetic operand, the result will be 'X'(es).
# KERNEL: Time: 0 ps,  Iteration: 0,  Instance: /testbench/uut/ALU_MIPs,  Process: line__43.
# KERNEL: WARNING: There is an 'U'|'X'|'W'|'Z'|'-' in an arithmetic operand, the result will be 'X'(es).
# KERNEL: Time: 0 ps,  Iteration: 0,  Instance: /testbench/uut/ALU_MIPs,  Process: line__43.
# KERNEL: WARNING: There is an 'U'|'X'|'W'|'Z'|'-' in an arithmetic operand, the result will be 'X'(es).
# KERNEL: Time: 0 ps,  Iteration: 1,  Instance: /testbench/uut/adder_dir,  Process: line__42.
# KERNEL: WARNING: CONV_INTEGER: There is an 'U'|'X'|'W'|'Z'|'-' in an arithmetic operand, and it has been converted to 0.
# KERNEL: Time: 0 ps,  Iteration: 2,  Instance: /testbench/uut/INT_Register_bank,  Process: line__74.
# KERNEL: WARNING: CONV_INTEGER: There is an 'U'|'X'|'W'|'Z'|'-' in an arithmetic operand, and it has been converted to 0.
# KERNEL: Time: 0 ps,  Iteration: 2,  Instance: /testbench/uut/INT_Register_bank,  Process: line__76.
# KERNEL: WARNING: There is an 'U'|'X'|'W'|'Z'|'-' in an arithmetic operand, the result will be 'X'(es).
# KERNEL: Time: 0 ps,  Iteration: 2,  Instance: /testbench/uut/adder_dir,  Process: line__42.
# KERNEL: WARNING: There is an 'U'|'X'|'W'|'Z'|'-' in an arithmetic operand, the result will be 'X'(es).
# KERNEL: Time: 5 ns,  Iteration: 2,  Instance: /testbench/uut/ALU_MIPs,  Process: line__43.
# KERNEL: WARNING: There is an 'U'|'X'|'W'|'Z'|'-' in an arithmetic operand, the result will be 'X'(es).
# KERNEL: Time: 5 ns,  Iteration: 2,  Instance: /testbench/uut/adder_dir,  Process: line__42.
# EXECUTION:: NOTE   : Simulation time : 60000 ps.  Data written: 1, in Reg = 1
# EXECUTION:: Time: 60 ns,  Iteration: 1,  Instance: /testbench/uut/INT_Register_bank,  Process: line__55.
# EXECUTION:: NOTE   : Simulation time : 70000 ps.  Data written: 2, in Reg = 2
# EXECUTION:: Time: 70 ns,  Iteration: 1,  Instance: /testbench/uut/INT_Register_bank,  Process: line__55.
# EXECUTION:: NOTE   : Simulation time : 80000 ps.  Data written: 0, in Reg = 4
# EXECUTION:: Time: 80 ns,  Iteration: 1,  Instance: /testbench/uut/INT_Register_bank,  Process: line__55.
# EXECUTION:: NOTE   : Simulation time : 90000 ps.  Data written: 7, in Reg = 6
# EXECUTION:: Time: 90 ns,  Iteration: 1,  Instance: /testbench/uut/INT_Register_bank,  Process: line__55.
# EXECUTION:: NOTE   : Simulation time : 110000 ps.  Data written: 1, in Reg = 5
# EXECUTION:: Time: 110 ns,  Iteration: 1,  Instance: /testbench/uut/INT_Register_bank,  Process: line__55.
# EXECUTION:: NOTE   : Simulation time : 120000 ps.  Data written: 7, in Reg = 7
# EXECUTION:: Time: 120 ns,  Iteration: 1,  Instance: /testbench/uut/INT_Register_bank,  Process: line__55.
# EXECUTION:: NOTE   : Simulation time : 135000 ps.  Data written: 0, in ADDR = 0
# EXECUTION:: Time: 135 ns,  Iteration: 1,  Instance: /testbench/uut/Mem_D,  Process: line__79.
# EXECUTION:: NOTE   : Simulation time : 150000 ps.  Data written: 1, in Reg = 1
# EXECUTION:: Time: 150 ns,  Iteration: 1,  Instance: /testbench/uut/INT_Register_bank,  Process: line__55.
# EXECUTION:: NOTE   : Simulation time : 160000 ps.  Data written: 2, in Reg = 2
# EXECUTION:: Time: 160 ns,  Iteration: 1,  Instance: /testbench/uut/INT_Register_bank,  Process: line__55.
# EXECUTION:: NOTE   : Simulation time : 170000 ps.  Data written: 0, in Reg = 4
# EXECUTION:: Time: 170 ns,  Iteration: 1,  Instance: /testbench/uut/INT_Register_bank,  Process: line__55.
# EXECUTION:: NOTE   : Simulation time : 180000 ps.  Data written: 8, in Reg = 6
# EXECUTION:: Time: 180 ns,  Iteration: 1,  Instance: /testbench/uut/INT_Register_bank,  Process: line__55.
# EXECUTION:: NOTE   : Simulation time : 200000 ps.  Data written: 2, in Reg = 5
# EXECUTION:: Time: 200 ns,  Iteration: 1,  Instance: /testbench/uut/INT_Register_bank,  Process: line__55.
# EXECUTION:: NOTE   : Simulation time : 210000 ps.  Data written: 15, in Reg = 7
# EXECUTION:: Time: 210 ns,  Iteration: 1,  Instance: /testbench/uut/INT_Register_bank,  Process: line__55.
# EXECUTION:: NOTE   : Simulation time : 225000 ps.  Data written: 7, in ADDR = 0
# EXECUTION:: Time: 225 ns,  Iteration: 1,  Instance: /testbench/uut/Mem_D,  Process: line__79.
# EXECUTION:: NOTE   : Simulation time : 240000 ps.  Data written: 1, in Reg = 1
# EXECUTION:: Time: 240 ns,  Iteration: 1,  Instance: /testbench/uut/INT_Register_bank,  Process: line__55.
# EXECUTION:: NOTE   : Simulation time : 250000 ps.  Data written: 2, in Reg = 2
# EXECUTION:: Time: 250 ns,  Iteration: 1,  Instance: /testbench/uut/INT_Register_bank,  Process: line__55.
# EXECUTION:: NOTE   : Simulation time : 260000 ps.  Data written: 0, in Reg = 4
# EXECUTION:: Time: 260 ns,  Iteration: 1,  Instance: /testbench/uut/INT_Register_bank,  Process: line__55.
# EXECUTION:: NOTE   : Simulation time : 270000 ps.  Data written: 9, in Reg = 6
# EXECUTION:: Time: 270 ns,  Iteration: 1,  Instance: /testbench/uut/INT_Register_bank,  Process: line__55.
# EXECUTION:: NOTE   : Simulation time : 290000 ps.  Data written: 3, in Reg = 5
# EXECUTION:: Time: 290 ns,  Iteration: 1,  Instance: /testbench/uut/INT_Register_bank,  Process: line__55.
# KERNEL: stopped at time: 500 ns
endsim
# VSIM: Simulation has finished.
asim -O5 +access +r +m+testbench testbench behavior
# ELBREAD: Elaboration process.
# ELBREAD: Elaboration time 0.0 [s].
# VSIM: Stack memory: 32MB
# VSIM: Retval memory: 32MB
# 
acom -O3 -e 100 -work practica3_design -2002  $dsn/src/ram-i_ejemplo_sin_nops_planificar.vhd
# Compile Entity "memoriaRAM_I"
# Compile Architecture "Behavioral" of Entity "memoriaRAM_I"
# Compile success 0 Errors 0 Warnings  Analysis time :  0.1 [s]
# ELBREAD: Elaboration process.
# ELBREAD: Elaboration time 0.0 [s].
# KERNEL: Main thread initiated.
# KERNEL: Kernel process initialization phase.
# ELAB2: Elaboration final pass...
# ELAB2: Create instances ...
# KERNEL: Time resolution set to 1ps.
# ELAB2: Create instances complete.
# SLP: Started
# SLP: Elaboration phase ...
# SLP: Elaboration phase ... skipped, nothing to simulate in SLP mode : 0.0 [s]
# SLP: Finished : 0.0 [s]
# ELAB2: Elaboration final pass complete - time: 0.0 [s].
# KERNEL: Warning: You are using the Active-HDL Student Edition. The performance of simulation is running at a reduced rate.
# KERNEL: Warning: Contact Aldec for available upgrade options - sales@aldec.com.
# KERNEL: Kernel process initialization done.
# Allocation: Simulator allocated 6669 kB (elbread=427 elab2=6099 kernel=142 sdf=0)
# KERNEL: ASDB file was created in location C:\My_Designs\practica3_active\practica3_design\src\wave.asdb
#  17:22, miércoles, 26 de marzo de 2025
#  Simulation has been initialized
# Waveform file 'untitled.awc' connected to 'C:/My_Designs/practica3_active/practica3_design/src/wave.asdb'.
run @500ns
# KERNEL: WARNING: There is an 'U'|'X'|'W'|'Z'|'-' in an arithmetic operand, the result will be 'X'(es).
# KERNEL: Time: 0 ps,  Iteration: 0,  Instance: /testbench/uut/adder_4,  Process: line__42.
# KERNEL: WARNING: CONV_INTEGER: There is an 'U'|'X'|'W'|'Z'|'-' in an arithmetic operand, and it has been converted to 0.
# KERNEL: Time: 0 ps,  Iteration: 0,  Instance: /testbench/uut/Mem_I,  Process: line__82.
# KERNEL: WARNING: CONV_INTEGER: There is an 'U'|'X'|'W'|'Z'|'-' in an arithmetic operand, and it has been converted to 0.
# KERNEL: Time: 0 ps,  Iteration: 0,  Instance: /testbench/uut/INT_Register_bank,  Process: line__74.
# KERNEL: WARNING: CONV_INTEGER: There is an 'U'|'X'|'W'|'Z'|'-' in an arithmetic operand, and it has been converted to 0.
# KERNEL: Time: 0 ps,  Iteration: 0,  Instance: /testbench/uut/INT_Register_bank,  Process: line__76.
# KERNEL: WARNING: There is an 'U'|'X'|'W'|'Z'|'-' in an arithmetic operand, the result will be 'X'(es).
# KERNEL: Time: 0 ps,  Iteration: 0,  Instance: /testbench/uut/adder_dir,  Process: line__42.
# KERNEL: WARNING: There is an 'U'|'X'|'W'|'Z'|'-' in an arithmetic operand, the result will be 'X'(es).
# KERNEL: Time: 0 ps,  Iteration: 0,  Instance: /testbench/uut/ALU_MIPs,  Process: line__43.
# KERNEL: WARNING: There is an 'U'|'X'|'W'|'Z'|'-' in an arithmetic operand, the result will be 'X'(es).
# KERNEL: Time: 0 ps,  Iteration: 0,  Instance: /testbench/uut/ALU_MIPs,  Process: line__43.
# KERNEL: WARNING: There is an 'U'|'X'|'W'|'Z'|'-' in an arithmetic operand, the result will be 'X'(es).
# KERNEL: Time: 0 ps,  Iteration: 0,  Instance: /testbench/uut/ALU_MIPs,  Process: line__43.
# KERNEL: WARNING: There is an 'U'|'X'|'W'|'Z'|'-' in an arithmetic operand, the result will be 'X'(es).
# KERNEL: Time: 0 ps,  Iteration: 0,  Instance: /testbench/uut/ALU_MIPs,  Process: line__43.
# KERNEL: WARNING: There is an 'U'|'X'|'W'|'Z'|'-' in an arithmetic operand, the result will be 'X'(es).
# KERNEL: Time: 0 ps,  Iteration: 1,  Instance: /testbench/uut/adder_dir,  Process: line__42.
# KERNEL: WARNING: CONV_INTEGER: There is an 'U'|'X'|'W'|'Z'|'-' in an arithmetic operand, and it has been converted to 0.
# KERNEL: Time: 0 ps,  Iteration: 2,  Instance: /testbench/uut/INT_Register_bank,  Process: line__74.
# KERNEL: WARNING: CONV_INTEGER: There is an 'U'|'X'|'W'|'Z'|'-' in an arithmetic operand, and it has been converted to 0.
# KERNEL: Time: 0 ps,  Iteration: 2,  Instance: /testbench/uut/INT_Register_bank,  Process: line__76.
# KERNEL: WARNING: There is an 'U'|'X'|'W'|'Z'|'-' in an arithmetic operand, the result will be 'X'(es).
# KERNEL: Time: 0 ps,  Iteration: 2,  Instance: /testbench/uut/adder_dir,  Process: line__42.
# KERNEL: WARNING: There is an 'U'|'X'|'W'|'Z'|'-' in an arithmetic operand, the result will be 'X'(es).
# KERNEL: Time: 5 ns,  Iteration: 2,  Instance: /testbench/uut/ALU_MIPs,  Process: line__43.
# KERNEL: WARNING: There is an 'U'|'X'|'W'|'Z'|'-' in an arithmetic operand, the result will be 'X'(es).
# KERNEL: Time: 5 ns,  Iteration: 2,  Instance: /testbench/uut/adder_dir,  Process: line__42.
# EXECUTION:: NOTE   : Simulation time : 60000 ps.  Data written: 1, in Reg = 1
# EXECUTION:: Time: 60 ns,  Iteration: 1,  Instance: /testbench/uut/INT_Register_bank,  Process: line__55.
# EXECUTION:: NOTE   : Simulation time : 70000 ps.  Data written: 2, in Reg = 2
# EXECUTION:: Time: 70 ns,  Iteration: 1,  Instance: /testbench/uut/INT_Register_bank,  Process: line__55.
# EXECUTION:: NOTE   : Simulation time : 80000 ps.  Data written: 0, in Reg = 4
# EXECUTION:: Time: 80 ns,  Iteration: 1,  Instance: /testbench/uut/INT_Register_bank,  Process: line__55.
# EXECUTION:: NOTE   : Simulation time : 90000 ps.  Data written: 7, in Reg = 6
# EXECUTION:: Time: 90 ns,  Iteration: 1,  Instance: /testbench/uut/INT_Register_bank,  Process: line__55.
# EXECUTION:: NOTE   : Simulation time : 110000 ps.  Data written: 1, in Reg = 5
# EXECUTION:: Time: 110 ns,  Iteration: 1,  Instance: /testbench/uut/INT_Register_bank,  Process: line__55.
# EXECUTION:: NOTE   : Simulation time : 120000 ps.  Data written: 7, in Reg = 7
# EXECUTION:: Time: 120 ns,  Iteration: 1,  Instance: /testbench/uut/INT_Register_bank,  Process: line__55.
# EXECUTION:: NOTE   : Simulation time : 135000 ps.  Data written: 0, in ADDR = 0
# EXECUTION:: Time: 135 ns,  Iteration: 1,  Instance: /testbench/uut/Mem_D,  Process: line__79.
# EXECUTION:: NOTE   : Simulation time : 150000 ps.  Data written: 1, in Reg = 1
# EXECUTION:: Time: 150 ns,  Iteration: 1,  Instance: /testbench/uut/INT_Register_bank,  Process: line__55.
# EXECUTION:: NOTE   : Simulation time : 160000 ps.  Data written: 2, in Reg = 2
# EXECUTION:: Time: 160 ns,  Iteration: 1,  Instance: /testbench/uut/INT_Register_bank,  Process: line__55.
# EXECUTION:: NOTE   : Simulation time : 170000 ps.  Data written: 0, in Reg = 4
# EXECUTION:: Time: 170 ns,  Iteration: 1,  Instance: /testbench/uut/INT_Register_bank,  Process: line__55.
# EXECUTION:: NOTE   : Simulation time : 180000 ps.  Data written: 8, in Reg = 6
# EXECUTION:: Time: 180 ns,  Iteration: 1,  Instance: /testbench/uut/INT_Register_bank,  Process: line__55.
# EXECUTION:: NOTE   : Simulation time : 200000 ps.  Data written: 2, in Reg = 5
# EXECUTION:: Time: 200 ns,  Iteration: 1,  Instance: /testbench/uut/INT_Register_bank,  Process: line__55.
# EXECUTION:: NOTE   : Simulation time : 210000 ps.  Data written: 15, in Reg = 7
# EXECUTION:: Time: 210 ns,  Iteration: 1,  Instance: /testbench/uut/INT_Register_bank,  Process: line__55.
# EXECUTION:: NOTE   : Simulation time : 225000 ps.  Data written: 7, in ADDR = 0
# EXECUTION:: Time: 225 ns,  Iteration: 1,  Instance: /testbench/uut/Mem_D,  Process: line__79.
# EXECUTION:: NOTE   : Simulation time : 240000 ps.  Data written: 1, in Reg = 1
# EXECUTION:: Time: 240 ns,  Iteration: 1,  Instance: /testbench/uut/INT_Register_bank,  Process: line__55.
# EXECUTION:: NOTE   : Simulation time : 250000 ps.  Data written: 2, in Reg = 2
# EXECUTION:: Time: 250 ns,  Iteration: 1,  Instance: /testbench/uut/INT_Register_bank,  Process: line__55.
# EXECUTION:: NOTE   : Simulation time : 260000 ps.  Data written: 0, in Reg = 4
# EXECUTION:: Time: 260 ns,  Iteration: 1,  Instance: /testbench/uut/INT_Register_bank,  Process: line__55.
# EXECUTION:: NOTE   : Simulation time : 270000 ps.  Data written: 9, in Reg = 6
# EXECUTION:: Time: 270 ns,  Iteration: 1,  Instance: /testbench/uut/INT_Register_bank,  Process: line__55.
# EXECUTION:: NOTE   : Simulation time : 290000 ps.  Data written: 3, in Reg = 5
# EXECUTION:: Time: 290 ns,  Iteration: 1,  Instance: /testbench/uut/INT_Register_bank,  Process: line__55.
# KERNEL: stopped at time: 500 ns
# VSIM: 1 object(s) traced.
# VSIM: 1 object(s) traced.
# VSIM: 1 object(s) traced.
# VSIM: 1 object(s) traced.
# VSIM: 1 object(s) traced.
endsim
# VSIM: Simulation has finished.
asim -O5 +access +r +m+testbench testbench behavior
# ELBREAD: Elaboration process.
# ELBREAD: Elaboration time 0.0 [s].
# VSIM: Stack memory: 32MB
# VSIM: Retval memory: 32MB
# 
# KERNEL: Main thread initiated.
# KERNEL: Kernel process initialization phase.
# ELAB2: Elaboration final pass...
# ELAB2: Create instances ...
# KERNEL: Time resolution set to 1ps.
# ELAB2: Create instances complete.
# SLP: Started
# SLP: Elaboration phase ...
# SLP: Elaboration phase ... skipped, nothing to simulate in SLP mode : 0.0 [s]
# SLP: Finished : 0.0 [s]
# ELAB2: Elaboration final pass complete - time: 0.0 [s].
# KERNEL: Warning: You are using the Active-HDL Student Edition. The performance of simulation is running at a reduced rate.
# KERNEL: Warning: Contact Aldec for available upgrade options - sales@aldec.com.
# KERNEL: Kernel process initialization done.
# Allocation: Simulator allocated 6669 kB (elbread=427 elab2=6099 kernel=142 sdf=0)
# KERNEL: ASDB file was created in location C:\My_Designs\practica3_active\practica3_design\src\wave.asdb
#  17:23, miércoles, 26 de marzo de 2025
#  Simulation has been initialized
# Waveform file 'untitled.awc' connected to 'C:/My_Designs/practica3_active/practica3_design/src/wave.asdb'.
run @500ns
# KERNEL: WARNING: There is an 'U'|'X'|'W'|'Z'|'-' in an arithmetic operand, the result will be 'X'(es).
# KERNEL: Time: 0 ps,  Iteration: 0,  Instance: /testbench/uut/adder_4,  Process: line__42.
# KERNEL: WARNING: CONV_INTEGER: There is an 'U'|'X'|'W'|'Z'|'-' in an arithmetic operand, and it has been converted to 0.
# KERNEL: Time: 0 ps,  Iteration: 0,  Instance: /testbench/uut/Mem_I,  Process: line__82.
# KERNEL: WARNING: CONV_INTEGER: There is an 'U'|'X'|'W'|'Z'|'-' in an arithmetic operand, and it has been converted to 0.
# KERNEL: Time: 0 ps,  Iteration: 0,  Instance: /testbench/uut/INT_Register_bank,  Process: line__74.
# KERNEL: WARNING: CONV_INTEGER: There is an 'U'|'X'|'W'|'Z'|'-' in an arithmetic operand, and it has been converted to 0.
# KERNEL: Time: 0 ps,  Iteration: 0,  Instance: /testbench/uut/INT_Register_bank,  Process: line__76.
# KERNEL: WARNING: There is an 'U'|'X'|'W'|'Z'|'-' in an arithmetic operand, the result will be 'X'(es).
# KERNEL: Time: 0 ps,  Iteration: 0,  Instance: /testbench/uut/adder_dir,  Process: line__42.
# KERNEL: WARNING: There is an 'U'|'X'|'W'|'Z'|'-' in an arithmetic operand, the result will be 'X'(es).
# KERNEL: Time: 0 ps,  Iteration: 0,  Instance: /testbench/uut/ALU_MIPs,  Process: line__43.
# KERNEL: WARNING: There is an 'U'|'X'|'W'|'Z'|'-' in an arithmetic operand, the result will be 'X'(es).
# KERNEL: Time: 0 ps,  Iteration: 0,  Instance: /testbench/uut/ALU_MIPs,  Process: line__43.
# KERNEL: WARNING: There is an 'U'|'X'|'W'|'Z'|'-' in an arithmetic operand, the result will be 'X'(es).
# KERNEL: Time: 0 ps,  Iteration: 0,  Instance: /testbench/uut/ALU_MIPs,  Process: line__43.
# KERNEL: WARNING: There is an 'U'|'X'|'W'|'Z'|'-' in an arithmetic operand, the result will be 'X'(es).
# KERNEL: Time: 0 ps,  Iteration: 0,  Instance: /testbench/uut/ALU_MIPs,  Process: line__43.
# KERNEL: WARNING: There is an 'U'|'X'|'W'|'Z'|'-' in an arithmetic operand, the result will be 'X'(es).
# KERNEL: Time: 0 ps,  Iteration: 1,  Instance: /testbench/uut/adder_dir,  Process: line__42.
# KERNEL: WARNING: CONV_INTEGER: There is an 'U'|'X'|'W'|'Z'|'-' in an arithmetic operand, and it has been converted to 0.
# KERNEL: Time: 0 ps,  Iteration: 2,  Instance: /testbench/uut/INT_Register_bank,  Process: line__74.
# KERNEL: WARNING: CONV_INTEGER: There is an 'U'|'X'|'W'|'Z'|'-' in an arithmetic operand, and it has been converted to 0.
# KERNEL: Time: 0 ps,  Iteration: 2,  Instance: /testbench/uut/INT_Register_bank,  Process: line__76.
# KERNEL: WARNING: There is an 'U'|'X'|'W'|'Z'|'-' in an arithmetic operand, the result will be 'X'(es).
# KERNEL: Time: 0 ps,  Iteration: 2,  Instance: /testbench/uut/adder_dir,  Process: line__42.
# KERNEL: WARNING: There is an 'U'|'X'|'W'|'Z'|'-' in an arithmetic operand, the result will be 'X'(es).
# KERNEL: Time: 5 ns,  Iteration: 2,  Instance: /testbench/uut/ALU_MIPs,  Process: line__43.
# KERNEL: WARNING: There is an 'U'|'X'|'W'|'Z'|'-' in an arithmetic operand, the result will be 'X'(es).
# KERNEL: Time: 5 ns,  Iteration: 2,  Instance: /testbench/uut/adder_dir,  Process: line__42.
# EXECUTION:: NOTE   : Simulation time : 60000 ps.  Data written: 1, in Reg = 1
# EXECUTION:: Time: 60 ns,  Iteration: 1,  Instance: /testbench/uut/INT_Register_bank,  Process: line__55.
# EXECUTION:: NOTE   : Simulation time : 70000 ps.  Data written: 2, in Reg = 2
# EXECUTION:: Time: 70 ns,  Iteration: 1,  Instance: /testbench/uut/INT_Register_bank,  Process: line__55.
# EXECUTION:: NOTE   : Simulation time : 80000 ps.  Data written: 0, in Reg = 4
# EXECUTION:: Time: 80 ns,  Iteration: 1,  Instance: /testbench/uut/INT_Register_bank,  Process: line__55.
# EXECUTION:: NOTE   : Simulation time : 90000 ps.  Data written: 7, in Reg = 6
# EXECUTION:: Time: 90 ns,  Iteration: 1,  Instance: /testbench/uut/INT_Register_bank,  Process: line__55.
# EXECUTION:: NOTE   : Simulation time : 110000 ps.  Data written: 1, in Reg = 5
# EXECUTION:: Time: 110 ns,  Iteration: 1,  Instance: /testbench/uut/INT_Register_bank,  Process: line__55.
# EXECUTION:: NOTE   : Simulation time : 120000 ps.  Data written: 7, in Reg = 7
# EXECUTION:: Time: 120 ns,  Iteration: 1,  Instance: /testbench/uut/INT_Register_bank,  Process: line__55.
# EXECUTION:: NOTE   : Simulation time : 135000 ps.  Data written: 0, in ADDR = 0
# EXECUTION:: Time: 135 ns,  Iteration: 1,  Instance: /testbench/uut/Mem_D,  Process: line__79.
# EXECUTION:: NOTE   : Simulation time : 150000 ps.  Data written: 1, in Reg = 1
# EXECUTION:: Time: 150 ns,  Iteration: 1,  Instance: /testbench/uut/INT_Register_bank,  Process: line__55.
# EXECUTION:: NOTE   : Simulation time : 160000 ps.  Data written: 2, in Reg = 2
# EXECUTION:: Time: 160 ns,  Iteration: 1,  Instance: /testbench/uut/INT_Register_bank,  Process: line__55.
# EXECUTION:: NOTE   : Simulation time : 170000 ps.  Data written: 0, in Reg = 4
# EXECUTION:: Time: 170 ns,  Iteration: 1,  Instance: /testbench/uut/INT_Register_bank,  Process: line__55.
# EXECUTION:: NOTE   : Simulation time : 180000 ps.  Data written: 8, in Reg = 6
# EXECUTION:: Time: 180 ns,  Iteration: 1,  Instance: /testbench/uut/INT_Register_bank,  Process: line__55.
# EXECUTION:: NOTE   : Simulation time : 200000 ps.  Data written: 2, in Reg = 5
# EXECUTION:: Time: 200 ns,  Iteration: 1,  Instance: /testbench/uut/INT_Register_bank,  Process: line__55.
# EXECUTION:: NOTE   : Simulation time : 210000 ps.  Data written: 15, in Reg = 7
# EXECUTION:: Time: 210 ns,  Iteration: 1,  Instance: /testbench/uut/INT_Register_bank,  Process: line__55.
# EXECUTION:: NOTE   : Simulation time : 225000 ps.  Data written: 7, in ADDR = 0
# EXECUTION:: Time: 225 ns,  Iteration: 1,  Instance: /testbench/uut/Mem_D,  Process: line__79.
# EXECUTION:: NOTE   : Simulation time : 240000 ps.  Data written: 1, in Reg = 1
# EXECUTION:: Time: 240 ns,  Iteration: 1,  Instance: /testbench/uut/INT_Register_bank,  Process: line__55.
# EXECUTION:: NOTE   : Simulation time : 250000 ps.  Data written: 2, in Reg = 2
# EXECUTION:: Time: 250 ns,  Iteration: 1,  Instance: /testbench/uut/INT_Register_bank,  Process: line__55.
# EXECUTION:: NOTE   : Simulation time : 260000 ps.  Data written: 0, in Reg = 4
# EXECUTION:: Time: 260 ns,  Iteration: 1,  Instance: /testbench/uut/INT_Register_bank,  Process: line__55.
# EXECUTION:: NOTE   : Simulation time : 270000 ps.  Data written: 9, in Reg = 6
# EXECUTION:: Time: 270 ns,  Iteration: 1,  Instance: /testbench/uut/INT_Register_bank,  Process: line__55.
# EXECUTION:: NOTE   : Simulation time : 290000 ps.  Data written: 3, in Reg = 5
# EXECUTION:: Time: 290 ns,  Iteration: 1,  Instance: /testbench/uut/INT_Register_bank,  Process: line__55.
# KERNEL: stopped at time: 500 ns
acom -O3 -e 100 -work practica3_design -2002  $dsn/src/uc_completar.vhd
# Compile Entity "UC"
# Compile Architecture "Behavioral" of Entity "UC"
# Error: COMP96_0078: uc_completar.vhd : (63, 21): Unknown identifier "clk".
# Error: COMP96_0348: uc_completar.vhd : (63, 21): Name on sensitivity list must denote a signal.
# Error: COMP96_0078: uc_completar.vhd : (65, 9): Unknown identifier "clk".
# Error: COMP96_0133: uc_completar.vhd : (65, 9): Cannot find object declaration.
# Error: COMP96_0078: uc_completar.vhd : (65, 23): Unknown identifier "clk".
# Error: COMP96_0133: uc_completar.vhd : (65, 23): Cannot find object declaration.
# Error: COMP96_0077: uc_completar.vhd : (65, 8): Undefined type of expression. Expected type 'BOOLEAN'.
# Error: COMP96_0078: uc_completar.vhd : (66, 9): Unknown identifier "reset".
# Error: COMP96_0133: uc_completar.vhd : (66, 9): Cannot find object declaration.
# Error: COMP96_0077: uc_completar.vhd : (66, 8): Undefined type of expression. Expected type 'BOOLEAN'.
# Compile failure 10 Errors 0 Warnings  Analysis time :  16.0 [ms]
acom -O3 -e 100 -work practica3_design -2002  $dsn/src/uc_completar.vhd
# Compile Entity "UC"
# Compile Architecture "Behavioral" of Entity "UC"
# Compile success 0 Errors 0 Warnings  Analysis time :  0.1 [s]
endsim
# VSIM: Simulation has finished.
asim -O5 +access +r +m+testbench testbench behavior
# ELBREAD: Elaboration process.
# ELBREAD: Elaboration time 0.0 [s].
# VSIM: Stack memory: 32MB
# VSIM: Retval memory: 32MB
# 
# KERNEL: Main thread initiated.
# KERNEL: Kernel process initialization phase.
# ELAB2: Elaboration final pass...
# ELAB2: Create instances ...
# KERNEL: Time resolution set to 1ps.
# ELAB2: Create instances complete.
# SLP: Started
# SLP: Elaboration phase ...
# SLP: Elaboration phase ... skipped, nothing to simulate in SLP mode : 0.0 [s]
# SLP: Finished : 0.0 [s]
# ELAB2: Elaboration final pass complete - time: 0.0 [s].
# KERNEL: Warning: You are using the Active-HDL Student Edition. The performance of simulation is running at a reduced rate.
# KERNEL: Warning: Contact Aldec for available upgrade options - sales@aldec.com.
# KERNEL: Kernel process initialization done.
# Allocation: Simulator allocated 6670 kB (elbread=427 elab2=6100 kernel=142 sdf=0)
# KERNEL: ASDB file was created in location C:\My_Designs\practica3_active\practica3_design\src\wave.asdb
#  17:57, miércoles, 26 de marzo de 2025
#  Simulation has been initialized
# Waveform file 'untitled.awc' connected to 'C:/My_Designs/practica3_active/practica3_design/src/wave.asdb'.
run @500ns
# KERNEL: WARNING: There is an 'U'|'X'|'W'|'Z'|'-' in an arithmetic operand, the result will be 'X'(es).
# KERNEL: Time: 0 ps,  Iteration: 0,  Instance: /testbench/uut/adder_4,  Process: line__42.
# KERNEL: WARNING: CONV_INTEGER: There is an 'U'|'X'|'W'|'Z'|'-' in an arithmetic operand, and it has been converted to 0.
# KERNEL: Time: 0 ps,  Iteration: 0,  Instance: /testbench/uut/Mem_I,  Process: line__82.
# KERNEL: WARNING: CONV_INTEGER: There is an 'U'|'X'|'W'|'Z'|'-' in an arithmetic operand, and it has been converted to 0.
# KERNEL: Time: 0 ps,  Iteration: 0,  Instance: /testbench/uut/INT_Register_bank,  Process: line__74.
# KERNEL: WARNING: CONV_INTEGER: There is an 'U'|'X'|'W'|'Z'|'-' in an arithmetic operand, and it has been converted to 0.
# KERNEL: Time: 0 ps,  Iteration: 0,  Instance: /testbench/uut/INT_Register_bank,  Process: line__76.
# KERNEL: WARNING: There is an 'U'|'X'|'W'|'Z'|'-' in an arithmetic operand, the result will be 'X'(es).
# KERNEL: Time: 0 ps,  Iteration: 0,  Instance: /testbench/uut/adder_dir,  Process: line__42.
# KERNEL: WARNING: There is an 'U'|'X'|'W'|'Z'|'-' in an arithmetic operand, the result will be 'X'(es).
# KERNEL: Time: 0 ps,  Iteration: 0,  Instance: /testbench/uut/ALU_MIPs,  Process: line__43.
# KERNEL: WARNING: There is an 'U'|'X'|'W'|'Z'|'-' in an arithmetic operand, the result will be 'X'(es).
# KERNEL: Time: 0 ps,  Iteration: 0,  Instance: /testbench/uut/ALU_MIPs,  Process: line__43.
# KERNEL: WARNING: There is an 'U'|'X'|'W'|'Z'|'-' in an arithmetic operand, the result will be 'X'(es).
# KERNEL: Time: 0 ps,  Iteration: 0,  Instance: /testbench/uut/ALU_MIPs,  Process: line__43.
# KERNEL: WARNING: There is an 'U'|'X'|'W'|'Z'|'-' in an arithmetic operand, the result will be 'X'(es).
# KERNEL: Time: 0 ps,  Iteration: 0,  Instance: /testbench/uut/ALU_MIPs,  Process: line__43.
# KERNEL: WARNING: There is an 'U'|'X'|'W'|'Z'|'-' in an arithmetic operand, the result will be 'X'(es).
# KERNEL: Time: 0 ps,  Iteration: 1,  Instance: /testbench/uut/adder_dir,  Process: line__42.
# KERNEL: WARNING: CONV_INTEGER: There is an 'U'|'X'|'W'|'Z'|'-' in an arithmetic operand, and it has been converted to 0.
# KERNEL: Time: 0 ps,  Iteration: 2,  Instance: /testbench/uut/INT_Register_bank,  Process: line__74.
# KERNEL: WARNING: CONV_INTEGER: There is an 'U'|'X'|'W'|'Z'|'-' in an arithmetic operand, and it has been converted to 0.
# KERNEL: Time: 0 ps,  Iteration: 2,  Instance: /testbench/uut/INT_Register_bank,  Process: line__76.
# KERNEL: WARNING: There is an 'U'|'X'|'W'|'Z'|'-' in an arithmetic operand, the result will be 'X'(es).
# KERNEL: Time: 0 ps,  Iteration: 2,  Instance: /testbench/uut/adder_dir,  Process: line__42.
# KERNEL: WARNING: There is an 'U'|'X'|'W'|'Z'|'-' in an arithmetic operand, the result will be 'X'(es).
# KERNEL: Time: 5 ns,  Iteration: 2,  Instance: /testbench/uut/ALU_MIPs,  Process: line__43.
# KERNEL: WARNING: There is an 'U'|'X'|'W'|'Z'|'-' in an arithmetic operand, the result will be 'X'(es).
# KERNEL: Time: 5 ns,  Iteration: 2,  Instance: /testbench/uut/adder_dir,  Process: line__42.
# EXECUTION:: NOTE   : Simulation time : 60000 ps.  Data written: 1, in Reg = 1
# EXECUTION:: Time: 60 ns,  Iteration: 1,  Instance: /testbench/uut/INT_Register_bank,  Process: line__55.
# EXECUTION:: NOTE   : Simulation time : 70000 ps.  Data written: 2, in Reg = 2
# EXECUTION:: Time: 70 ns,  Iteration: 1,  Instance: /testbench/uut/INT_Register_bank,  Process: line__55.
# EXECUTION:: NOTE   : Simulation time : 80000 ps.  Data written: 0, in Reg = 4
# EXECUTION:: Time: 80 ns,  Iteration: 1,  Instance: /testbench/uut/INT_Register_bank,  Process: line__55.
# EXECUTION:: NOTE   : Simulation time : 90000 ps.  Data written: 7, in Reg = 6
# EXECUTION:: Time: 90 ns,  Iteration: 1,  Instance: /testbench/uut/INT_Register_bank,  Process: line__55.
# EXECUTION:: NOTE   : Simulation time : 110000 ps.  Data written: 1, in Reg = 5
# EXECUTION:: Time: 110 ns,  Iteration: 1,  Instance: /testbench/uut/INT_Register_bank,  Process: line__55.
# EXECUTION:: NOTE   : Simulation time : 120000 ps.  Data written: 7, in Reg = 7
# EXECUTION:: Time: 120 ns,  Iteration: 1,  Instance: /testbench/uut/INT_Register_bank,  Process: line__55.
# EXECUTION:: NOTE   : Simulation time : 135000 ps.  Data written: 0, in ADDR = 0
# EXECUTION:: Time: 135 ns,  Iteration: 1,  Instance: /testbench/uut/Mem_D,  Process: line__79.
# EXECUTION:: NOTE   : Simulation time : 150000 ps.  Data written: 1, in Reg = 1
# EXECUTION:: Time: 150 ns,  Iteration: 1,  Instance: /testbench/uut/INT_Register_bank,  Process: line__55.
# EXECUTION:: NOTE   : Simulation time : 160000 ps.  Data written: 2, in Reg = 2
# EXECUTION:: Time: 160 ns,  Iteration: 1,  Instance: /testbench/uut/INT_Register_bank,  Process: line__55.
# EXECUTION:: NOTE   : Simulation time : 170000 ps.  Data written: 0, in Reg = 4
# EXECUTION:: Time: 170 ns,  Iteration: 1,  Instance: /testbench/uut/INT_Register_bank,  Process: line__55.
# EXECUTION:: NOTE   : Simulation time : 180000 ps.  Data written: 8, in Reg = 6
# EXECUTION:: Time: 180 ns,  Iteration: 1,  Instance: /testbench/uut/INT_Register_bank,  Process: line__55.
# EXECUTION:: NOTE   : Simulation time : 200000 ps.  Data written: 2, in Reg = 5
# EXECUTION:: Time: 200 ns,  Iteration: 1,  Instance: /testbench/uut/INT_Register_bank,  Process: line__55.
# EXECUTION:: NOTE   : Simulation time : 210000 ps.  Data written: 15, in Reg = 7
# EXECUTION:: Time: 210 ns,  Iteration: 1,  Instance: /testbench/uut/INT_Register_bank,  Process: line__55.
# EXECUTION:: NOTE   : Simulation time : 225000 ps.  Data written: 7, in ADDR = 0
# EXECUTION:: Time: 225 ns,  Iteration: 1,  Instance: /testbench/uut/Mem_D,  Process: line__79.
# EXECUTION:: NOTE   : Simulation time : 240000 ps.  Data written: 1, in Reg = 1
# EXECUTION:: Time: 240 ns,  Iteration: 1,  Instance: /testbench/uut/INT_Register_bank,  Process: line__55.
# EXECUTION:: NOTE   : Simulation time : 250000 ps.  Data written: 2, in Reg = 2
# EXECUTION:: Time: 250 ns,  Iteration: 1,  Instance: /testbench/uut/INT_Register_bank,  Process: line__55.
# EXECUTION:: NOTE   : Simulation time : 260000 ps.  Data written: 0, in Reg = 4
# EXECUTION:: Time: 260 ns,  Iteration: 1,  Instance: /testbench/uut/INT_Register_bank,  Process: line__55.
# EXECUTION:: NOTE   : Simulation time : 270000 ps.  Data written: 9, in Reg = 6
# EXECUTION:: Time: 270 ns,  Iteration: 1,  Instance: /testbench/uut/INT_Register_bank,  Process: line__55.
# EXECUTION:: NOTE   : Simulation time : 290000 ps.  Data written: 3, in Reg = 5
# EXECUTION:: Time: 290 ns,  Iteration: 1,  Instance: /testbench/uut/INT_Register_bank,  Process: line__55.
# KERNEL: stopped at time: 500 ns
# VSIM: 1 object(s) traced.
endsim
# VSIM: Simulation has finished.
asim -O5 +access +r +m+testbench testbench behavior
# ELBREAD: Elaboration process.
# ELBREAD: Elaboration time 0.0 [s].
# VSIM: Stack memory: 32MB
# VSIM: Retval memory: 32MB
# 
# KERNEL: Main thread initiated.
# KERNEL: Kernel process initialization phase.
# ELAB2: Elaboration final pass...
# ELAB2: Create instances ...
# KERNEL: Time resolution set to 1ps.
# ELAB2: Create instances complete.
# SLP: Started
# SLP: Elaboration phase ...
# SLP: Elaboration phase ... skipped, nothing to simulate in SLP mode : 0.0 [s]
# SLP: Finished : 0.0 [s]
# ELAB2: Elaboration final pass complete - time: 0.0 [s].
# KERNEL: Warning: You are using the Active-HDL Student Edition. The performance of simulation is running at a reduced rate.
# KERNEL: Warning: Contact Aldec for available upgrade options - sales@aldec.com.
# KERNEL: Kernel process initialization done.
# Allocation: Simulator allocated 6670 kB (elbread=427 elab2=6100 kernel=142 sdf=0)
# KERNEL: ASDB file was created in location C:\My_Designs\practica3_active\practica3_design\src\wave.asdb
#  17:59, miércoles, 26 de marzo de 2025
#  Simulation has been initialized
# Waveform file 'untitled.awc' connected to 'C:/My_Designs/practica3_active/practica3_design/src/wave.asdb'.
run @500ns
# KERNEL: WARNING: There is an 'U'|'X'|'W'|'Z'|'-' in an arithmetic operand, the result will be 'X'(es).
# KERNEL: Time: 0 ps,  Iteration: 0,  Instance: /testbench/uut/adder_4,  Process: line__42.
# KERNEL: WARNING: CONV_INTEGER: There is an 'U'|'X'|'W'|'Z'|'-' in an arithmetic operand, and it has been converted to 0.
# KERNEL: Time: 0 ps,  Iteration: 0,  Instance: /testbench/uut/Mem_I,  Process: line__82.
# KERNEL: WARNING: CONV_INTEGER: There is an 'U'|'X'|'W'|'Z'|'-' in an arithmetic operand, and it has been converted to 0.
# KERNEL: Time: 0 ps,  Iteration: 0,  Instance: /testbench/uut/INT_Register_bank,  Process: line__74.
# KERNEL: WARNING: CONV_INTEGER: There is an 'U'|'X'|'W'|'Z'|'-' in an arithmetic operand, and it has been converted to 0.
# KERNEL: Time: 0 ps,  Iteration: 0,  Instance: /testbench/uut/INT_Register_bank,  Process: line__76.
# KERNEL: WARNING: There is an 'U'|'X'|'W'|'Z'|'-' in an arithmetic operand, the result will be 'X'(es).
# KERNEL: Time: 0 ps,  Iteration: 0,  Instance: /testbench/uut/adder_dir,  Process: line__42.
# KERNEL: WARNING: There is an 'U'|'X'|'W'|'Z'|'-' in an arithmetic operand, the result will be 'X'(es).
# KERNEL: Time: 0 ps,  Iteration: 0,  Instance: /testbench/uut/ALU_MIPs,  Process: line__43.
# KERNEL: WARNING: There is an 'U'|'X'|'W'|'Z'|'-' in an arithmetic operand, the result will be 'X'(es).
# KERNEL: Time: 0 ps,  Iteration: 0,  Instance: /testbench/uut/ALU_MIPs,  Process: line__43.
# KERNEL: WARNING: There is an 'U'|'X'|'W'|'Z'|'-' in an arithmetic operand, the result will be 'X'(es).
# KERNEL: Time: 0 ps,  Iteration: 0,  Instance: /testbench/uut/ALU_MIPs,  Process: line__43.
# KERNEL: WARNING: There is an 'U'|'X'|'W'|'Z'|'-' in an arithmetic operand, the result will be 'X'(es).
# KERNEL: Time: 0 ps,  Iteration: 0,  Instance: /testbench/uut/ALU_MIPs,  Process: line__43.
# KERNEL: WARNING: There is an 'U'|'X'|'W'|'Z'|'-' in an arithmetic operand, the result will be 'X'(es).
# KERNEL: Time: 0 ps,  Iteration: 1,  Instance: /testbench/uut/adder_dir,  Process: line__42.
# KERNEL: WARNING: CONV_INTEGER: There is an 'U'|'X'|'W'|'Z'|'-' in an arithmetic operand, and it has been converted to 0.
# KERNEL: Time: 0 ps,  Iteration: 2,  Instance: /testbench/uut/INT_Register_bank,  Process: line__74.
# KERNEL: WARNING: CONV_INTEGER: There is an 'U'|'X'|'W'|'Z'|'-' in an arithmetic operand, and it has been converted to 0.
# KERNEL: Time: 0 ps,  Iteration: 2,  Instance: /testbench/uut/INT_Register_bank,  Process: line__76.
# KERNEL: WARNING: There is an 'U'|'X'|'W'|'Z'|'-' in an arithmetic operand, the result will be 'X'(es).
# KERNEL: Time: 0 ps,  Iteration: 2,  Instance: /testbench/uut/adder_dir,  Process: line__42.
# KERNEL: WARNING: There is an 'U'|'X'|'W'|'Z'|'-' in an arithmetic operand, the result will be 'X'(es).
# KERNEL: Time: 5 ns,  Iteration: 2,  Instance: /testbench/uut/ALU_MIPs,  Process: line__43.
# KERNEL: WARNING: There is an 'U'|'X'|'W'|'Z'|'-' in an arithmetic operand, the result will be 'X'(es).
# KERNEL: Time: 5 ns,  Iteration: 2,  Instance: /testbench/uut/adder_dir,  Process: line__42.
# EXECUTION:: NOTE   : Simulation time : 60000 ps.  Data written: 1, in Reg = 1
# EXECUTION:: Time: 60 ns,  Iteration: 1,  Instance: /testbench/uut/INT_Register_bank,  Process: line__55.
# EXECUTION:: NOTE   : Simulation time : 70000 ps.  Data written: 2, in Reg = 2
# EXECUTION:: Time: 70 ns,  Iteration: 1,  Instance: /testbench/uut/INT_Register_bank,  Process: line__55.
# EXECUTION:: NOTE   : Simulation time : 80000 ps.  Data written: 0, in Reg = 4
# EXECUTION:: Time: 80 ns,  Iteration: 1,  Instance: /testbench/uut/INT_Register_bank,  Process: line__55.
# EXECUTION:: NOTE   : Simulation time : 90000 ps.  Data written: 7, in Reg = 6
# EXECUTION:: Time: 90 ns,  Iteration: 1,  Instance: /testbench/uut/INT_Register_bank,  Process: line__55.
# EXECUTION:: NOTE   : Simulation time : 110000 ps.  Data written: 1, in Reg = 5
# EXECUTION:: Time: 110 ns,  Iteration: 1,  Instance: /testbench/uut/INT_Register_bank,  Process: line__55.
# EXECUTION:: NOTE   : Simulation time : 120000 ps.  Data written: 7, in Reg = 7
# EXECUTION:: Time: 120 ns,  Iteration: 1,  Instance: /testbench/uut/INT_Register_bank,  Process: line__55.
# EXECUTION:: NOTE   : Simulation time : 135000 ps.  Data written: 0, in ADDR = 0
# EXECUTION:: Time: 135 ns,  Iteration: 1,  Instance: /testbench/uut/Mem_D,  Process: line__79.
# EXECUTION:: NOTE   : Simulation time : 150000 ps.  Data written: 1, in Reg = 1
# EXECUTION:: Time: 150 ns,  Iteration: 1,  Instance: /testbench/uut/INT_Register_bank,  Process: line__55.
# EXECUTION:: NOTE   : Simulation time : 160000 ps.  Data written: 2, in Reg = 2
# EXECUTION:: Time: 160 ns,  Iteration: 1,  Instance: /testbench/uut/INT_Register_bank,  Process: line__55.
# EXECUTION:: NOTE   : Simulation time : 170000 ps.  Data written: 0, in Reg = 4
# EXECUTION:: Time: 170 ns,  Iteration: 1,  Instance: /testbench/uut/INT_Register_bank,  Process: line__55.
# EXECUTION:: NOTE   : Simulation time : 180000 ps.  Data written: 8, in Reg = 6
# EXECUTION:: Time: 180 ns,  Iteration: 1,  Instance: /testbench/uut/INT_Register_bank,  Process: line__55.
# EXECUTION:: NOTE   : Simulation time : 200000 ps.  Data written: 2, in Reg = 5
# EXECUTION:: Time: 200 ns,  Iteration: 1,  Instance: /testbench/uut/INT_Register_bank,  Process: line__55.
# EXECUTION:: NOTE   : Simulation time : 210000 ps.  Data written: 15, in Reg = 7
# EXECUTION:: Time: 210 ns,  Iteration: 1,  Instance: /testbench/uut/INT_Register_bank,  Process: line__55.
# EXECUTION:: NOTE   : Simulation time : 225000 ps.  Data written: 7, in ADDR = 0
# EXECUTION:: Time: 225 ns,  Iteration: 1,  Instance: /testbench/uut/Mem_D,  Process: line__79.
# EXECUTION:: NOTE   : Simulation time : 240000 ps.  Data written: 1, in Reg = 1
# EXECUTION:: Time: 240 ns,  Iteration: 1,  Instance: /testbench/uut/INT_Register_bank,  Process: line__55.
# EXECUTION:: NOTE   : Simulation time : 250000 ps.  Data written: 2, in Reg = 2
# EXECUTION:: Time: 250 ns,  Iteration: 1,  Instance: /testbench/uut/INT_Register_bank,  Process: line__55.
# EXECUTION:: NOTE   : Simulation time : 260000 ps.  Data written: 0, in Reg = 4
# EXECUTION:: Time: 260 ns,  Iteration: 1,  Instance: /testbench/uut/INT_Register_bank,  Process: line__55.
# EXECUTION:: NOTE   : Simulation time : 270000 ps.  Data written: 9, in Reg = 6
# EXECUTION:: Time: 270 ns,  Iteration: 1,  Instance: /testbench/uut/INT_Register_bank,  Process: line__55.
# EXECUTION:: NOTE   : Simulation time : 290000 ps.  Data written: 3, in Reg = 5
# EXECUTION:: Time: 290 ns,  Iteration: 1,  Instance: /testbench/uut/INT_Register_bank,  Process: line__55.
# KERNEL: stopped at time: 500 ns
endsim
# VSIM: Simulation has finished.
asim -O5 +access +r +m+testbench testbench behavior
# ELBREAD: Elaboration process.
# ELBREAD: Elaboration time 0.0 [s].
# VSIM: Stack memory: 32MB
# VSIM: Retval memory: 32MB
# 
acom -O3 -e 100 -work practica3_design -2002  $dsn/src/uc_completar.vhd
# Compile Entity "UC"
# Compile Architecture "Behavioral" of Entity "UC"
# Compile success 0 Errors 0 Warnings  Analysis time :  94.0 [ms]
# ELBREAD: Elaboration process.
# ELBREAD: Elaboration time 0.0 [s].
# KERNEL: Main thread initiated.
# KERNEL: Kernel process initialization phase.
# ELAB2: Elaboration final pass...
# ELAB2: Create instances ...
# KERNEL: Time resolution set to 1ps.
# ELAB2: Create instances complete.
# SLP: Started
# SLP: Elaboration phase ...
# SLP: Elaboration phase ... skipped, nothing to simulate in SLP mode : 0.0 [s]
# SLP: Finished : 0.0 [s]
# ELAB2: Elaboration final pass complete - time: 0.0 [s].
# KERNEL: Warning: You are using the Active-HDL Student Edition. The performance of simulation is running at a reduced rate.
# KERNEL: Warning: Contact Aldec for available upgrade options - sales@aldec.com.
# KERNEL: Kernel process initialization done.
# Allocation: Simulator allocated 6669 kB (elbread=427 elab2=6099 kernel=142 sdf=0)
# KERNEL: ASDB file was created in location C:\My_Designs\practica3_active\practica3_design\src\wave.asdb
#  18:31, miércoles, 26 de marzo de 2025
#  Simulation has been initialized
# Waveform file 'untitled.awc' connected to 'C:/My_Designs/practica3_active/practica3_design/src/wave.asdb'.
# Warning: WAVEFORM: Object matching /testbench/uut/UC_seg/state not found in C:/My_Designs/practica3_active/practica3_design/src/wave.asdb.
run @500ns
# KERNEL: WARNING: There is an 'U'|'X'|'W'|'Z'|'-' in an arithmetic operand, the result will be 'X'(es).
# KERNEL: Time: 0 ps,  Iteration: 0,  Instance: /testbench/uut/adder_4,  Process: line__42.
# KERNEL: WARNING: CONV_INTEGER: There is an 'U'|'X'|'W'|'Z'|'-' in an arithmetic operand, and it has been converted to 0.
# KERNEL: Time: 0 ps,  Iteration: 0,  Instance: /testbench/uut/Mem_I,  Process: line__82.
# KERNEL: WARNING: CONV_INTEGER: There is an 'U'|'X'|'W'|'Z'|'-' in an arithmetic operand, and it has been converted to 0.
# KERNEL: Time: 0 ps,  Iteration: 0,  Instance: /testbench/uut/INT_Register_bank,  Process: line__74.
# KERNEL: WARNING: CONV_INTEGER: There is an 'U'|'X'|'W'|'Z'|'-' in an arithmetic operand, and it has been converted to 0.
# KERNEL: Time: 0 ps,  Iteration: 0,  Instance: /testbench/uut/INT_Register_bank,  Process: line__76.
# KERNEL: WARNING: There is an 'U'|'X'|'W'|'Z'|'-' in an arithmetic operand, the result will be 'X'(es).
# KERNEL: Time: 0 ps,  Iteration: 0,  Instance: /testbench/uut/adder_dir,  Process: line__42.
# KERNEL: WARNING: There is an 'U'|'X'|'W'|'Z'|'-' in an arithmetic operand, the result will be 'X'(es).
# KERNEL: Time: 0 ps,  Iteration: 0,  Instance: /testbench/uut/ALU_MIPs,  Process: line__43.
# KERNEL: WARNING: There is an 'U'|'X'|'W'|'Z'|'-' in an arithmetic operand, the result will be 'X'(es).
# KERNEL: Time: 0 ps,  Iteration: 0,  Instance: /testbench/uut/ALU_MIPs,  Process: line__43.
# KERNEL: WARNING: There is an 'U'|'X'|'W'|'Z'|'-' in an arithmetic operand, the result will be 'X'(es).
# KERNEL: Time: 0 ps,  Iteration: 0,  Instance: /testbench/uut/ALU_MIPs,  Process: line__43.
# KERNEL: WARNING: There is an 'U'|'X'|'W'|'Z'|'-' in an arithmetic operand, the result will be 'X'(es).
# KERNEL: Time: 0 ps,  Iteration: 0,  Instance: /testbench/uut/ALU_MIPs,  Process: line__43.
# KERNEL: WARNING: There is an 'U'|'X'|'W'|'Z'|'-' in an arithmetic operand, the result will be 'X'(es).
# KERNEL: Time: 0 ps,  Iteration: 1,  Instance: /testbench/uut/adder_dir,  Process: line__42.
# KERNEL: WARNING: CONV_INTEGER: There is an 'U'|'X'|'W'|'Z'|'-' in an arithmetic operand, and it has been converted to 0.
# KERNEL: Time: 0 ps,  Iteration: 2,  Instance: /testbench/uut/INT_Register_bank,  Process: line__74.
# KERNEL: WARNING: CONV_INTEGER: There is an 'U'|'X'|'W'|'Z'|'-' in an arithmetic operand, and it has been converted to 0.
# KERNEL: Time: 0 ps,  Iteration: 2,  Instance: /testbench/uut/INT_Register_bank,  Process: line__76.
# KERNEL: WARNING: There is an 'U'|'X'|'W'|'Z'|'-' in an arithmetic operand, the result will be 'X'(es).
# KERNEL: Time: 0 ps,  Iteration: 2,  Instance: /testbench/uut/adder_dir,  Process: line__42.
# KERNEL: WARNING: There is an 'U'|'X'|'W'|'Z'|'-' in an arithmetic operand, the result will be 'X'(es).
# KERNEL: Time: 5 ns,  Iteration: 2,  Instance: /testbench/uut/ALU_MIPs,  Process: line__43.
# KERNEL: WARNING: There is an 'U'|'X'|'W'|'Z'|'-' in an arithmetic operand, the result will be 'X'(es).
# KERNEL: Time: 5 ns,  Iteration: 2,  Instance: /testbench/uut/adder_dir,  Process: line__42.
# EXECUTION:: NOTE   : Simulation time : 60000 ps.  Data written: 1, in Reg = 1
# EXECUTION:: Time: 60 ns,  Iteration: 1,  Instance: /testbench/uut/INT_Register_bank,  Process: line__55.
# EXECUTION:: NOTE   : Simulation time : 70000 ps.  Data written: 2, in Reg = 2
# EXECUTION:: Time: 70 ns,  Iteration: 1,  Instance: /testbench/uut/INT_Register_bank,  Process: line__55.
# EXECUTION:: NOTE   : Simulation time : 80000 ps.  Data written: 0, in Reg = 4
# EXECUTION:: Time: 80 ns,  Iteration: 1,  Instance: /testbench/uut/INT_Register_bank,  Process: line__55.
# EXECUTION:: NOTE   : Simulation time : 90000 ps.  Data written: 7, in Reg = 6
# EXECUTION:: Time: 90 ns,  Iteration: 1,  Instance: /testbench/uut/INT_Register_bank,  Process: line__55.
# EXECUTION:: NOTE   : Simulation time : 110000 ps.  Data written: 1, in Reg = 5
# EXECUTION:: Time: 110 ns,  Iteration: 1,  Instance: /testbench/uut/INT_Register_bank,  Process: line__55.
# EXECUTION:: NOTE   : Simulation time : 120000 ps.  Data written: 7, in Reg = 7
# EXECUTION:: Time: 120 ns,  Iteration: 1,  Instance: /testbench/uut/INT_Register_bank,  Process: line__55.
# EXECUTION:: NOTE   : Simulation time : 135000 ps.  Data written: 0, in ADDR = 0
# EXECUTION:: Time: 135 ns,  Iteration: 1,  Instance: /testbench/uut/Mem_D,  Process: line__79.
# EXECUTION:: NOTE   : Simulation time : 150000 ps.  Data written: 1, in Reg = 1
# EXECUTION:: Time: 150 ns,  Iteration: 1,  Instance: /testbench/uut/INT_Register_bank,  Process: line__55.
# EXECUTION:: NOTE   : Simulation time : 160000 ps.  Data written: 2, in Reg = 2
# EXECUTION:: Time: 160 ns,  Iteration: 1,  Instance: /testbench/uut/INT_Register_bank,  Process: line__55.
# EXECUTION:: NOTE   : Simulation time : 170000 ps.  Data written: 0, in Reg = 4
# EXECUTION:: Time: 170 ns,  Iteration: 1,  Instance: /testbench/uut/INT_Register_bank,  Process: line__55.
# EXECUTION:: NOTE   : Simulation time : 180000 ps.  Data written: 8, in Reg = 6
# EXECUTION:: Time: 180 ns,  Iteration: 1,  Instance: /testbench/uut/INT_Register_bank,  Process: line__55.
# EXECUTION:: NOTE   : Simulation time : 200000 ps.  Data written: 2, in Reg = 5
# EXECUTION:: Time: 200 ns,  Iteration: 1,  Instance: /testbench/uut/INT_Register_bank,  Process: line__55.
# EXECUTION:: NOTE   : Simulation time : 210000 ps.  Data written: 15, in Reg = 7
# EXECUTION:: Time: 210 ns,  Iteration: 1,  Instance: /testbench/uut/INT_Register_bank,  Process: line__55.
# EXECUTION:: NOTE   : Simulation time : 225000 ps.  Data written: 7, in ADDR = 0
# EXECUTION:: Time: 225 ns,  Iteration: 1,  Instance: /testbench/uut/Mem_D,  Process: line__79.
# EXECUTION:: NOTE   : Simulation time : 240000 ps.  Data written: 1, in Reg = 1
# EXECUTION:: Time: 240 ns,  Iteration: 1,  Instance: /testbench/uut/INT_Register_bank,  Process: line__55.
# EXECUTION:: NOTE   : Simulation time : 250000 ps.  Data written: 2, in Reg = 2
# EXECUTION:: Time: 250 ns,  Iteration: 1,  Instance: /testbench/uut/INT_Register_bank,  Process: line__55.
# EXECUTION:: NOTE   : Simulation time : 260000 ps.  Data written: 0, in Reg = 4
# EXECUTION:: Time: 260 ns,  Iteration: 1,  Instance: /testbench/uut/INT_Register_bank,  Process: line__55.
# EXECUTION:: NOTE   : Simulation time : 270000 ps.  Data written: 9, in Reg = 6
# EXECUTION:: Time: 270 ns,  Iteration: 1,  Instance: /testbench/uut/INT_Register_bank,  Process: line__55.
# EXECUTION:: NOTE   : Simulation time : 290000 ps.  Data written: 3, in Reg = 5
# EXECUTION:: Time: 290 ns,  Iteration: 1,  Instance: /testbench/uut/INT_Register_bank,  Process: line__55.
# KERNEL: stopped at time: 500 ns
acom -O3 -e 100 -work practica3_design -2002  $dsn/src/ram-i_ejemplo_sin_nops_planificar.vhd
# Compile Entity "memoriaRAM_I"
# Compile Architecture "Behavioral" of Entity "memoriaRAM_I"
# Compile success 0 Errors 0 Warnings  Analysis time :  0.1 [s]
endsim
# VSIM: Simulation has finished.
asim -O5 +access +r +m+testbench testbench behavior
# ELBREAD: Elaboration process.
# ELBREAD: Elaboration time 0.0 [s].
# VSIM: Stack memory: 32MB
# VSIM: Retval memory: 32MB
# 
# KERNEL: Main thread initiated.
# KERNEL: Kernel process initialization phase.
# ELAB2: Elaboration final pass...
# ELAB2: Create instances ...
# KERNEL: Time resolution set to 1ps.
# ELAB2: Create instances complete.
# SLP: Started
# SLP: Elaboration phase ...
# SLP: Elaboration phase ... skipped, nothing to simulate in SLP mode : 0.0 [s]
# SLP: Finished : 0.0 [s]
# ELAB2: Elaboration final pass complete - time: 0.0 [s].
# KERNEL: Warning: You are using the Active-HDL Student Edition. The performance of simulation is running at a reduced rate.
# KERNEL: Warning: Contact Aldec for available upgrade options - sales@aldec.com.
# KERNEL: Kernel process initialization done.
# Allocation: Simulator allocated 6669 kB (elbread=427 elab2=6099 kernel=142 sdf=0)
# KERNEL: ASDB file was created in location C:\My_Designs\practica3_active\practica3_design\src\wave.asdb
#  18:33, miércoles, 26 de marzo de 2025
#  Simulation has been initialized
# Waveform file 'untitled.awc' connected to 'C:/My_Designs/practica3_active/practica3_design/src/wave.asdb'.
run @500ns
# KERNEL: WARNING: There is an 'U'|'X'|'W'|'Z'|'-' in an arithmetic operand, the result will be 'X'(es).
# KERNEL: Time: 0 ps,  Iteration: 0,  Instance: /testbench/uut/adder_4,  Process: line__42.
# KERNEL: WARNING: CONV_INTEGER: There is an 'U'|'X'|'W'|'Z'|'-' in an arithmetic operand, and it has been converted to 0.
# KERNEL: Time: 0 ps,  Iteration: 0,  Instance: /testbench/uut/Mem_I,  Process: line__82.
# KERNEL: WARNING: CONV_INTEGER: There is an 'U'|'X'|'W'|'Z'|'-' in an arithmetic operand, and it has been converted to 0.
# KERNEL: Time: 0 ps,  Iteration: 0,  Instance: /testbench/uut/INT_Register_bank,  Process: line__74.
# KERNEL: WARNING: CONV_INTEGER: There is an 'U'|'X'|'W'|'Z'|'-' in an arithmetic operand, and it has been converted to 0.
# KERNEL: Time: 0 ps,  Iteration: 0,  Instance: /testbench/uut/INT_Register_bank,  Process: line__76.
# KERNEL: WARNING: There is an 'U'|'X'|'W'|'Z'|'-' in an arithmetic operand, the result will be 'X'(es).
# KERNEL: Time: 0 ps,  Iteration: 0,  Instance: /testbench/uut/adder_dir,  Process: line__42.
# KERNEL: WARNING: There is an 'U'|'X'|'W'|'Z'|'-' in an arithmetic operand, the result will be 'X'(es).
# KERNEL: Time: 0 ps,  Iteration: 0,  Instance: /testbench/uut/ALU_MIPs,  Process: line__43.
# KERNEL: WARNING: There is an 'U'|'X'|'W'|'Z'|'-' in an arithmetic operand, the result will be 'X'(es).
# KERNEL: Time: 0 ps,  Iteration: 0,  Instance: /testbench/uut/ALU_MIPs,  Process: line__43.
# KERNEL: WARNING: There is an 'U'|'X'|'W'|'Z'|'-' in an arithmetic operand, the result will be 'X'(es).
# KERNEL: Time: 0 ps,  Iteration: 0,  Instance: /testbench/uut/ALU_MIPs,  Process: line__43.
# KERNEL: WARNING: There is an 'U'|'X'|'W'|'Z'|'-' in an arithmetic operand, the result will be 'X'(es).
# KERNEL: Time: 0 ps,  Iteration: 0,  Instance: /testbench/uut/ALU_MIPs,  Process: line__43.
# KERNEL: WARNING: There is an 'U'|'X'|'W'|'Z'|'-' in an arithmetic operand, the result will be 'X'(es).
# KERNEL: Time: 0 ps,  Iteration: 1,  Instance: /testbench/uut/adder_dir,  Process: line__42.
# KERNEL: WARNING: CONV_INTEGER: There is an 'U'|'X'|'W'|'Z'|'-' in an arithmetic operand, and it has been converted to 0.
# KERNEL: Time: 0 ps,  Iteration: 2,  Instance: /testbench/uut/INT_Register_bank,  Process: line__74.
# KERNEL: WARNING: CONV_INTEGER: There is an 'U'|'X'|'W'|'Z'|'-' in an arithmetic operand, and it has been converted to 0.
# KERNEL: Time: 0 ps,  Iteration: 2,  Instance: /testbench/uut/INT_Register_bank,  Process: line__76.
# KERNEL: WARNING: There is an 'U'|'X'|'W'|'Z'|'-' in an arithmetic operand, the result will be 'X'(es).
# KERNEL: Time: 0 ps,  Iteration: 2,  Instance: /testbench/uut/adder_dir,  Process: line__42.
# KERNEL: WARNING: There is an 'U'|'X'|'W'|'Z'|'-' in an arithmetic operand, the result will be 'X'(es).
# KERNEL: Time: 5 ns,  Iteration: 2,  Instance: /testbench/uut/ALU_MIPs,  Process: line__43.
# KERNEL: WARNING: There is an 'U'|'X'|'W'|'Z'|'-' in an arithmetic operand, the result will be 'X'(es).
# KERNEL: Time: 5 ns,  Iteration: 2,  Instance: /testbench/uut/adder_dir,  Process: line__42.
# EXECUTION:: NOTE   : Simulation time : 60000 ps.  Data written: 1, in Reg = 1
# EXECUTION:: Time: 60 ns,  Iteration: 1,  Instance: /testbench/uut/INT_Register_bank,  Process: line__55.
# EXECUTION:: NOTE   : Simulation time : 70000 ps.  Data written: 3, in Reg = 2
# EXECUTION:: Time: 70 ns,  Iteration: 1,  Instance: /testbench/uut/INT_Register_bank,  Process: line__55.
# EXECUTION:: NOTE   : Simulation time : 80000 ps.  Data written: 0, in Reg = 4
# EXECUTION:: Time: 80 ns,  Iteration: 1,  Instance: /testbench/uut/INT_Register_bank,  Process: line__55.
# EXECUTION:: NOTE   : Simulation time : 90000 ps.  Data written: 7, in Reg = 6
# EXECUTION:: Time: 90 ns,  Iteration: 1,  Instance: /testbench/uut/INT_Register_bank,  Process: line__55.
# EXECUTION:: NOTE   : Simulation time : 110000 ps.  Data written: 1, in Reg = 5
# EXECUTION:: Time: 110 ns,  Iteration: 1,  Instance: /testbench/uut/INT_Register_bank,  Process: line__55.
# EXECUTION:: NOTE   : Simulation time : 120000 ps.  Data written: 7, in Reg = 7
# EXECUTION:: Time: 120 ns,  Iteration: 1,  Instance: /testbench/uut/INT_Register_bank,  Process: line__55.
# EXECUTION:: NOTE   : Simulation time : 135000 ps.  Data written: 0, in ADDR = 0
# EXECUTION:: Time: 135 ns,  Iteration: 1,  Instance: /testbench/uut/Mem_D,  Process: line__79.
# EXECUTION:: NOTE   : Simulation time : 150000 ps.  Data written: 1, in Reg = 1
# EXECUTION:: Time: 150 ns,  Iteration: 1,  Instance: /testbench/uut/INT_Register_bank,  Process: line__55.
# EXECUTION:: NOTE   : Simulation time : 160000 ps.  Data written: 3, in Reg = 2
# EXECUTION:: Time: 160 ns,  Iteration: 1,  Instance: /testbench/uut/INT_Register_bank,  Process: line__55.
# EXECUTION:: NOTE   : Simulation time : 170000 ps.  Data written: 0, in Reg = 4
# EXECUTION:: Time: 170 ns,  Iteration: 1,  Instance: /testbench/uut/INT_Register_bank,  Process: line__55.
# EXECUTION:: NOTE   : Simulation time : 180000 ps.  Data written: 8, in Reg = 6
# EXECUTION:: Time: 180 ns,  Iteration: 1,  Instance: /testbench/uut/INT_Register_bank,  Process: line__55.
# EXECUTION:: NOTE   : Simulation time : 200000 ps.  Data written: 2, in Reg = 5
# EXECUTION:: Time: 200 ns,  Iteration: 1,  Instance: /testbench/uut/INT_Register_bank,  Process: line__55.
# EXECUTION:: NOTE   : Simulation time : 210000 ps.  Data written: 15, in Reg = 7
# EXECUTION:: Time: 210 ns,  Iteration: 1,  Instance: /testbench/uut/INT_Register_bank,  Process: line__55.
# EXECUTION:: NOTE   : Simulation time : 225000 ps.  Data written: 7, in ADDR = 0
# EXECUTION:: Time: 225 ns,  Iteration: 1,  Instance: /testbench/uut/Mem_D,  Process: line__79.
# EXECUTION:: NOTE   : Simulation time : 240000 ps.  Data written: 1, in Reg = 1
# EXECUTION:: Time: 240 ns,  Iteration: 1,  Instance: /testbench/uut/INT_Register_bank,  Process: line__55.
# EXECUTION:: NOTE   : Simulation time : 250000 ps.  Data written: 3, in Reg = 2
# EXECUTION:: Time: 250 ns,  Iteration: 1,  Instance: /testbench/uut/INT_Register_bank,  Process: line__55.
# EXECUTION:: NOTE   : Simulation time : 260000 ps.  Data written: 0, in Reg = 4
# EXECUTION:: Time: 260 ns,  Iteration: 1,  Instance: /testbench/uut/INT_Register_bank,  Process: line__55.
# EXECUTION:: NOTE   : Simulation time : 270000 ps.  Data written: 9, in Reg = 6
# EXECUTION:: Time: 270 ns,  Iteration: 1,  Instance: /testbench/uut/INT_Register_bank,  Process: line__55.
# EXECUTION:: NOTE   : Simulation time : 290000 ps.  Data written: 3, in Reg = 5
# EXECUTION:: Time: 290 ns,  Iteration: 1,  Instance: /testbench/uut/INT_Register_bank,  Process: line__55.
# EXECUTION:: NOTE   : Simulation time : 300000 ps.  Data written: 24, in Reg = 7
# EXECUTION:: Time: 300 ns,  Iteration: 1,  Instance: /testbench/uut/INT_Register_bank,  Process: line__55.
# EXECUTION:: NOTE   : Simulation time : 315000 ps.  Data written: 15, in ADDR = 0
# EXECUTION:: Time: 315 ns,  Iteration: 1,  Instance: /testbench/uut/Mem_D,  Process: line__79.
# EXECUTION:: NOTE   : Simulation time : 330000 ps.  Data written: 1, in Reg = 1
# EXECUTION:: Time: 330 ns,  Iteration: 1,  Instance: /testbench/uut/INT_Register_bank,  Process: line__55.
# EXECUTION:: NOTE   : Simulation time : 340000 ps.  Data written: 3, in Reg = 2
# EXECUTION:: Time: 340 ns,  Iteration: 1,  Instance: /testbench/uut/INT_Register_bank,  Process: line__55.
# EXECUTION:: NOTE   : Simulation time : 350000 ps.  Data written: 0, in Reg = 4
# EXECUTION:: Time: 350 ns,  Iteration: 1,  Instance: /testbench/uut/INT_Register_bank,  Process: line__55.
# EXECUTION:: NOTE   : Simulation time : 360000 ps.  Data written: 10, in Reg = 6
# EXECUTION:: Time: 360 ns,  Iteration: 1,  Instance: /testbench/uut/INT_Register_bank,  Process: line__55.
# EXECUTION:: NOTE   : Simulation time : 380000 ps.  Data written: 4, in Reg = 5
# EXECUTION:: Time: 380 ns,  Iteration: 1,  Instance: /testbench/uut/INT_Register_bank,  Process: line__55.
# KERNEL: stopped at time: 500 ns
# VSIM: 1 object(s) traced.
endsim
# VSIM: Simulation has finished.
asim -O5 +access +r +m+testbench testbench behavior
# ELBREAD: Elaboration process.
# ELBREAD: Elaboration time 0.0 [s].
# VSIM: Stack memory: 32MB
# VSIM: Retval memory: 32MB
# 
# KERNEL: Main thread initiated.
# KERNEL: Kernel process initialization phase.
# ELAB2: Elaboration final pass...
# ELAB2: Create instances ...
# KERNEL: Time resolution set to 1ps.
# ELAB2: Create instances complete.
# SLP: Started
# SLP: Elaboration phase ...
# SLP: Elaboration phase ... skipped, nothing to simulate in SLP mode : 0.0 [s]
# SLP: Finished : 0.0 [s]
# ELAB2: Elaboration final pass complete - time: 0.0 [s].
# KERNEL: Warning: You are using the Active-HDL Student Edition. The performance of simulation is running at a reduced rate.
# KERNEL: Warning: Contact Aldec for available upgrade options - sales@aldec.com.
# KERNEL: Kernel process initialization done.
# Allocation: Simulator allocated 6669 kB (elbread=427 elab2=6099 kernel=142 sdf=0)
# KERNEL: ASDB file was created in location C:\My_Designs\practica3_active\practica3_design\src\wave.asdb
#  19:02, miércoles, 26 de marzo de 2025
#  Simulation has been initialized
# Waveform file 'untitled.awc' connected to 'C:/My_Designs/practica3_active/practica3_design/src/wave.asdb'.
run @500ns
# KERNEL: WARNING: There is an 'U'|'X'|'W'|'Z'|'-' in an arithmetic operand, the result will be 'X'(es).
# KERNEL: Time: 0 ps,  Iteration: 0,  Instance: /testbench/uut/adder_4,  Process: line__42.
# KERNEL: WARNING: CONV_INTEGER: There is an 'U'|'X'|'W'|'Z'|'-' in an arithmetic operand, and it has been converted to 0.
# KERNEL: Time: 0 ps,  Iteration: 0,  Instance: /testbench/uut/Mem_I,  Process: line__82.
# KERNEL: WARNING: CONV_INTEGER: There is an 'U'|'X'|'W'|'Z'|'-' in an arithmetic operand, and it has been converted to 0.
# KERNEL: Time: 0 ps,  Iteration: 0,  Instance: /testbench/uut/INT_Register_bank,  Process: line__74.
# KERNEL: WARNING: CONV_INTEGER: There is an 'U'|'X'|'W'|'Z'|'-' in an arithmetic operand, and it has been converted to 0.
# KERNEL: Time: 0 ps,  Iteration: 0,  Instance: /testbench/uut/INT_Register_bank,  Process: line__76.
# KERNEL: WARNING: There is an 'U'|'X'|'W'|'Z'|'-' in an arithmetic operand, the result will be 'X'(es).
# KERNEL: Time: 0 ps,  Iteration: 0,  Instance: /testbench/uut/adder_dir,  Process: line__42.
# KERNEL: WARNING: There is an 'U'|'X'|'W'|'Z'|'-' in an arithmetic operand, the result will be 'X'(es).
# KERNEL: Time: 0 ps,  Iteration: 0,  Instance: /testbench/uut/ALU_MIPs,  Process: line__43.
# KERNEL: WARNING: There is an 'U'|'X'|'W'|'Z'|'-' in an arithmetic operand, the result will be 'X'(es).
# KERNEL: Time: 0 ps,  Iteration: 0,  Instance: /testbench/uut/ALU_MIPs,  Process: line__43.
# KERNEL: WARNING: There is an 'U'|'X'|'W'|'Z'|'-' in an arithmetic operand, the result will be 'X'(es).
# KERNEL: Time: 0 ps,  Iteration: 0,  Instance: /testbench/uut/ALU_MIPs,  Process: line__43.
# KERNEL: WARNING: There is an 'U'|'X'|'W'|'Z'|'-' in an arithmetic operand, the result will be 'X'(es).
# KERNEL: Time: 0 ps,  Iteration: 0,  Instance: /testbench/uut/ALU_MIPs,  Process: line__43.
# KERNEL: WARNING: There is an 'U'|'X'|'W'|'Z'|'-' in an arithmetic operand, the result will be 'X'(es).
# KERNEL: Time: 0 ps,  Iteration: 1,  Instance: /testbench/uut/adder_dir,  Process: line__42.
# KERNEL: WARNING: CONV_INTEGER: There is an 'U'|'X'|'W'|'Z'|'-' in an arithmetic operand, and it has been converted to 0.
# KERNEL: Time: 0 ps,  Iteration: 2,  Instance: /testbench/uut/INT_Register_bank,  Process: line__74.
# KERNEL: WARNING: CONV_INTEGER: There is an 'U'|'X'|'W'|'Z'|'-' in an arithmetic operand, and it has been converted to 0.
# KERNEL: Time: 0 ps,  Iteration: 2,  Instance: /testbench/uut/INT_Register_bank,  Process: line__76.
# KERNEL: WARNING: There is an 'U'|'X'|'W'|'Z'|'-' in an arithmetic operand, the result will be 'X'(es).
# KERNEL: Time: 0 ps,  Iteration: 2,  Instance: /testbench/uut/adder_dir,  Process: line__42.
# KERNEL: WARNING: There is an 'U'|'X'|'W'|'Z'|'-' in an arithmetic operand, the result will be 'X'(es).
# KERNEL: Time: 5 ns,  Iteration: 2,  Instance: /testbench/uut/ALU_MIPs,  Process: line__43.
# KERNEL: WARNING: There is an 'U'|'X'|'W'|'Z'|'-' in an arithmetic operand, the result will be 'X'(es).
# KERNEL: Time: 5 ns,  Iteration: 2,  Instance: /testbench/uut/adder_dir,  Process: line__42.
# EXECUTION:: NOTE   : Simulation time : 60000 ps.  Data written: 1, in Reg = 1
# EXECUTION:: Time: 60 ns,  Iteration: 1,  Instance: /testbench/uut/INT_Register_bank,  Process: line__55.
# EXECUTION:: NOTE   : Simulation time : 70000 ps.  Data written: 3, in Reg = 2
# EXECUTION:: Time: 70 ns,  Iteration: 1,  Instance: /testbench/uut/INT_Register_bank,  Process: line__55.
# EXECUTION:: NOTE   : Simulation time : 80000 ps.  Data written: 0, in Reg = 4
# EXECUTION:: Time: 80 ns,  Iteration: 1,  Instance: /testbench/uut/INT_Register_bank,  Process: line__55.
# EXECUTION:: NOTE   : Simulation time : 90000 ps.  Data written: 7, in Reg = 6
# EXECUTION:: Time: 90 ns,  Iteration: 1,  Instance: /testbench/uut/INT_Register_bank,  Process: line__55.
# EXECUTION:: NOTE   : Simulation time : 110000 ps.  Data written: 1, in Reg = 5
# EXECUTION:: Time: 110 ns,  Iteration: 1,  Instance: /testbench/uut/INT_Register_bank,  Process: line__55.
# EXECUTION:: NOTE   : Simulation time : 120000 ps.  Data written: 7, in Reg = 7
# EXECUTION:: Time: 120 ns,  Iteration: 1,  Instance: /testbench/uut/INT_Register_bank,  Process: line__55.
# EXECUTION:: NOTE   : Simulation time : 135000 ps.  Data written: 0, in ADDR = 0
# EXECUTION:: Time: 135 ns,  Iteration: 1,  Instance: /testbench/uut/Mem_D,  Process: line__79.
# EXECUTION:: NOTE   : Simulation time : 150000 ps.  Data written: 1, in Reg = 1
# EXECUTION:: Time: 150 ns,  Iteration: 1,  Instance: /testbench/uut/INT_Register_bank,  Process: line__55.
# EXECUTION:: NOTE   : Simulation time : 160000 ps.  Data written: 3, in Reg = 2
# EXECUTION:: Time: 160 ns,  Iteration: 1,  Instance: /testbench/uut/INT_Register_bank,  Process: line__55.
# EXECUTION:: NOTE   : Simulation time : 170000 ps.  Data written: 0, in Reg = 4
# EXECUTION:: Time: 170 ns,  Iteration: 1,  Instance: /testbench/uut/INT_Register_bank,  Process: line__55.
# EXECUTION:: NOTE   : Simulation time : 180000 ps.  Data written: 8, in Reg = 6
# EXECUTION:: Time: 180 ns,  Iteration: 1,  Instance: /testbench/uut/INT_Register_bank,  Process: line__55.
# EXECUTION:: NOTE   : Simulation time : 200000 ps.  Data written: 2, in Reg = 5
# EXECUTION:: Time: 200 ns,  Iteration: 1,  Instance: /testbench/uut/INT_Register_bank,  Process: line__55.
# EXECUTION:: NOTE   : Simulation time : 210000 ps.  Data written: 15, in Reg = 7
# EXECUTION:: Time: 210 ns,  Iteration: 1,  Instance: /testbench/uut/INT_Register_bank,  Process: line__55.
# EXECUTION:: NOTE   : Simulation time : 225000 ps.  Data written: 7, in ADDR = 0
# EXECUTION:: Time: 225 ns,  Iteration: 1,  Instance: /testbench/uut/Mem_D,  Process: line__79.
# EXECUTION:: NOTE   : Simulation time : 240000 ps.  Data written: 1, in Reg = 1
# EXECUTION:: Time: 240 ns,  Iteration: 1,  Instance: /testbench/uut/INT_Register_bank,  Process: line__55.
# EXECUTION:: NOTE   : Simulation time : 250000 ps.  Data written: 3, in Reg = 2
# EXECUTION:: Time: 250 ns,  Iteration: 1,  Instance: /testbench/uut/INT_Register_bank,  Process: line__55.
# EXECUTION:: NOTE   : Simulation time : 260000 ps.  Data written: 0, in Reg = 4
# EXECUTION:: Time: 260 ns,  Iteration: 1,  Instance: /testbench/uut/INT_Register_bank,  Process: line__55.
# EXECUTION:: NOTE   : Simulation time : 270000 ps.  Data written: 9, in Reg = 6
# EXECUTION:: Time: 270 ns,  Iteration: 1,  Instance: /testbench/uut/INT_Register_bank,  Process: line__55.
# EXECUTION:: NOTE   : Simulation time : 290000 ps.  Data written: 3, in Reg = 5
# EXECUTION:: Time: 290 ns,  Iteration: 1,  Instance: /testbench/uut/INT_Register_bank,  Process: line__55.
# EXECUTION:: NOTE   : Simulation time : 300000 ps.  Data written: 24, in Reg = 7
# EXECUTION:: Time: 300 ns,  Iteration: 1,  Instance: /testbench/uut/INT_Register_bank,  Process: line__55.
# EXECUTION:: NOTE   : Simulation time : 315000 ps.  Data written: 15, in ADDR = 0
# EXECUTION:: Time: 315 ns,  Iteration: 1,  Instance: /testbench/uut/Mem_D,  Process: line__79.
# EXECUTION:: NOTE   : Simulation time : 330000 ps.  Data written: 1, in Reg = 1
# EXECUTION:: Time: 330 ns,  Iteration: 1,  Instance: /testbench/uut/INT_Register_bank,  Process: line__55.
# EXECUTION:: NOTE   : Simulation time : 340000 ps.  Data written: 3, in Reg = 2
# EXECUTION:: Time: 340 ns,  Iteration: 1,  Instance: /testbench/uut/INT_Register_bank,  Process: line__55.
# EXECUTION:: NOTE   : Simulation time : 350000 ps.  Data written: 0, in Reg = 4
# EXECUTION:: Time: 350 ns,  Iteration: 1,  Instance: /testbench/uut/INT_Register_bank,  Process: line__55.
# EXECUTION:: NOTE   : Simulation time : 360000 ps.  Data written: 10, in Reg = 6
# EXECUTION:: Time: 360 ns,  Iteration: 1,  Instance: /testbench/uut/INT_Register_bank,  Process: line__55.
# EXECUTION:: NOTE   : Simulation time : 380000 ps.  Data written: 4, in Reg = 5
# EXECUTION:: Time: 380 ns,  Iteration: 1,  Instance: /testbench/uut/INT_Register_bank,  Process: line__55.
# KERNEL: stopped at time: 500 ns
# VSIM: 1 object(s) traced.
endsim
# VSIM: Simulation has finished.
asim -O5 +access +r +m+testbench testbench behavior
# ELBREAD: Elaboration process.
# ELBREAD: Elaboration time 0.0 [s].
# VSIM: Stack memory: 32MB
# VSIM: Retval memory: 32MB
# 
# KERNEL: Main thread initiated.
# KERNEL: Kernel process initialization phase.
# ELAB2: Elaboration final pass...
# ELAB2: Create instances ...
# KERNEL: Time resolution set to 1ps.
# ELAB2: Create instances complete.
# SLP: Started
# SLP: Elaboration phase ...
# SLP: Elaboration phase ... skipped, nothing to simulate in SLP mode : 0.0 [s]
# SLP: Finished : 0.0 [s]
# ELAB2: Elaboration final pass complete - time: 0.0 [s].
# KERNEL: Warning: You are using the Active-HDL Student Edition. The performance of simulation is running at a reduced rate.
# KERNEL: Warning: Contact Aldec for available upgrade options - sales@aldec.com.
# KERNEL: Kernel process initialization done.
# Allocation: Simulator allocated 6669 kB (elbread=427 elab2=6099 kernel=142 sdf=0)
# KERNEL: ASDB file was created in location C:\My_Designs\practica3_active\practica3_design\src\wave.asdb
#  19:03, miércoles, 26 de marzo de 2025
#  Simulation has been initialized
# Waveform file 'untitled.awc' connected to 'C:/My_Designs/practica3_active/practica3_design/src/wave.asdb'.
run @500ns
# KERNEL: WARNING: There is an 'U'|'X'|'W'|'Z'|'-' in an arithmetic operand, the result will be 'X'(es).
# KERNEL: Time: 0 ps,  Iteration: 0,  Instance: /testbench/uut/adder_4,  Process: line__42.
# KERNEL: WARNING: CONV_INTEGER: There is an 'U'|'X'|'W'|'Z'|'-' in an arithmetic operand, and it has been converted to 0.
# KERNEL: Time: 0 ps,  Iteration: 0,  Instance: /testbench/uut/Mem_I,  Process: line__82.
# KERNEL: WARNING: CONV_INTEGER: There is an 'U'|'X'|'W'|'Z'|'-' in an arithmetic operand, and it has been converted to 0.
# KERNEL: Time: 0 ps,  Iteration: 0,  Instance: /testbench/uut/INT_Register_bank,  Process: line__74.
# KERNEL: WARNING: CONV_INTEGER: There is an 'U'|'X'|'W'|'Z'|'-' in an arithmetic operand, and it has been converted to 0.
# KERNEL: Time: 0 ps,  Iteration: 0,  Instance: /testbench/uut/INT_Register_bank,  Process: line__76.
# KERNEL: WARNING: There is an 'U'|'X'|'W'|'Z'|'-' in an arithmetic operand, the result will be 'X'(es).
# KERNEL: Time: 0 ps,  Iteration: 0,  Instance: /testbench/uut/adder_dir,  Process: line__42.
# KERNEL: WARNING: There is an 'U'|'X'|'W'|'Z'|'-' in an arithmetic operand, the result will be 'X'(es).
# KERNEL: Time: 0 ps,  Iteration: 0,  Instance: /testbench/uut/ALU_MIPs,  Process: line__43.
# KERNEL: WARNING: There is an 'U'|'X'|'W'|'Z'|'-' in an arithmetic operand, the result will be 'X'(es).
# KERNEL: Time: 0 ps,  Iteration: 0,  Instance: /testbench/uut/ALU_MIPs,  Process: line__43.
# KERNEL: WARNING: There is an 'U'|'X'|'W'|'Z'|'-' in an arithmetic operand, the result will be 'X'(es).
# KERNEL: Time: 0 ps,  Iteration: 0,  Instance: /testbench/uut/ALU_MIPs,  Process: line__43.
# KERNEL: WARNING: There is an 'U'|'X'|'W'|'Z'|'-' in an arithmetic operand, the result will be 'X'(es).
# KERNEL: Time: 0 ps,  Iteration: 0,  Instance: /testbench/uut/ALU_MIPs,  Process: line__43.
# KERNEL: WARNING: There is an 'U'|'X'|'W'|'Z'|'-' in an arithmetic operand, the result will be 'X'(es).
# KERNEL: Time: 0 ps,  Iteration: 1,  Instance: /testbench/uut/adder_dir,  Process: line__42.
# KERNEL: WARNING: CONV_INTEGER: There is an 'U'|'X'|'W'|'Z'|'-' in an arithmetic operand, and it has been converted to 0.
# KERNEL: Time: 0 ps,  Iteration: 2,  Instance: /testbench/uut/INT_Register_bank,  Process: line__74.
# KERNEL: WARNING: CONV_INTEGER: There is an 'U'|'X'|'W'|'Z'|'-' in an arithmetic operand, and it has been converted to 0.
# KERNEL: Time: 0 ps,  Iteration: 2,  Instance: /testbench/uut/INT_Register_bank,  Process: line__76.
# KERNEL: WARNING: There is an 'U'|'X'|'W'|'Z'|'-' in an arithmetic operand, the result will be 'X'(es).
# KERNEL: Time: 0 ps,  Iteration: 2,  Instance: /testbench/uut/adder_dir,  Process: line__42.
# KERNEL: WARNING: There is an 'U'|'X'|'W'|'Z'|'-' in an arithmetic operand, the result will be 'X'(es).
# KERNEL: Time: 5 ns,  Iteration: 2,  Instance: /testbench/uut/ALU_MIPs,  Process: line__43.
# KERNEL: WARNING: There is an 'U'|'X'|'W'|'Z'|'-' in an arithmetic operand, the result will be 'X'(es).
# KERNEL: Time: 5 ns,  Iteration: 2,  Instance: /testbench/uut/adder_dir,  Process: line__42.
# EXECUTION:: NOTE   : Simulation time : 60000 ps.  Data written: 1, in Reg = 1
# EXECUTION:: Time: 60 ns,  Iteration: 1,  Instance: /testbench/uut/INT_Register_bank,  Process: line__55.
# EXECUTION:: NOTE   : Simulation time : 70000 ps.  Data written: 3, in Reg = 2
# EXECUTION:: Time: 70 ns,  Iteration: 1,  Instance: /testbench/uut/INT_Register_bank,  Process: line__55.
# EXECUTION:: NOTE   : Simulation time : 80000 ps.  Data written: 0, in Reg = 4
# EXECUTION:: Time: 80 ns,  Iteration: 1,  Instance: /testbench/uut/INT_Register_bank,  Process: line__55.
# EXECUTION:: NOTE   : Simulation time : 90000 ps.  Data written: 7, in Reg = 6
# EXECUTION:: Time: 90 ns,  Iteration: 1,  Instance: /testbench/uut/INT_Register_bank,  Process: line__55.
# EXECUTION:: NOTE   : Simulation time : 110000 ps.  Data written: 1, in Reg = 5
# EXECUTION:: Time: 110 ns,  Iteration: 1,  Instance: /testbench/uut/INT_Register_bank,  Process: line__55.
# EXECUTION:: NOTE   : Simulation time : 120000 ps.  Data written: 7, in Reg = 7
# EXECUTION:: Time: 120 ns,  Iteration: 1,  Instance: /testbench/uut/INT_Register_bank,  Process: line__55.
# EXECUTION:: NOTE   : Simulation time : 135000 ps.  Data written: 0, in ADDR = 0
# EXECUTION:: Time: 135 ns,  Iteration: 1,  Instance: /testbench/uut/Mem_D,  Process: line__79.
# EXECUTION:: NOTE   : Simulation time : 150000 ps.  Data written: 1, in Reg = 1
# EXECUTION:: Time: 150 ns,  Iteration: 1,  Instance: /testbench/uut/INT_Register_bank,  Process: line__55.
# EXECUTION:: NOTE   : Simulation time : 160000 ps.  Data written: 3, in Reg = 2
# EXECUTION:: Time: 160 ns,  Iteration: 1,  Instance: /testbench/uut/INT_Register_bank,  Process: line__55.
# EXECUTION:: NOTE   : Simulation time : 170000 ps.  Data written: 0, in Reg = 4
# EXECUTION:: Time: 170 ns,  Iteration: 1,  Instance: /testbench/uut/INT_Register_bank,  Process: line__55.
# EXECUTION:: NOTE   : Simulation time : 180000 ps.  Data written: 8, in Reg = 6
# EXECUTION:: Time: 180 ns,  Iteration: 1,  Instance: /testbench/uut/INT_Register_bank,  Process: line__55.
# EXECUTION:: NOTE   : Simulation time : 200000 ps.  Data written: 2, in Reg = 5
# EXECUTION:: Time: 200 ns,  Iteration: 1,  Instance: /testbench/uut/INT_Register_bank,  Process: line__55.
# EXECUTION:: NOTE   : Simulation time : 210000 ps.  Data written: 15, in Reg = 7
# EXECUTION:: Time: 210 ns,  Iteration: 1,  Instance: /testbench/uut/INT_Register_bank,  Process: line__55.
# EXECUTION:: NOTE   : Simulation time : 225000 ps.  Data written: 7, in ADDR = 0
# EXECUTION:: Time: 225 ns,  Iteration: 1,  Instance: /testbench/uut/Mem_D,  Process: line__79.
# EXECUTION:: NOTE   : Simulation time : 240000 ps.  Data written: 1, in Reg = 1
# EXECUTION:: Time: 240 ns,  Iteration: 1,  Instance: /testbench/uut/INT_Register_bank,  Process: line__55.
# EXECUTION:: NOTE   : Simulation time : 250000 ps.  Data written: 3, in Reg = 2
# EXECUTION:: Time: 250 ns,  Iteration: 1,  Instance: /testbench/uut/INT_Register_bank,  Process: line__55.
# EXECUTION:: NOTE   : Simulation time : 260000 ps.  Data written: 0, in Reg = 4
# EXECUTION:: Time: 260 ns,  Iteration: 1,  Instance: /testbench/uut/INT_Register_bank,  Process: line__55.
# EXECUTION:: NOTE   : Simulation time : 270000 ps.  Data written: 9, in Reg = 6
# EXECUTION:: Time: 270 ns,  Iteration: 1,  Instance: /testbench/uut/INT_Register_bank,  Process: line__55.
# EXECUTION:: NOTE   : Simulation time : 290000 ps.  Data written: 3, in Reg = 5
# EXECUTION:: Time: 290 ns,  Iteration: 1,  Instance: /testbench/uut/INT_Register_bank,  Process: line__55.
# EXECUTION:: NOTE   : Simulation time : 300000 ps.  Data written: 24, in Reg = 7
# EXECUTION:: Time: 300 ns,  Iteration: 1,  Instance: /testbench/uut/INT_Register_bank,  Process: line__55.
# EXECUTION:: NOTE   : Simulation time : 315000 ps.  Data written: 15, in ADDR = 0
# EXECUTION:: Time: 315 ns,  Iteration: 1,  Instance: /testbench/uut/Mem_D,  Process: line__79.
# EXECUTION:: NOTE   : Simulation time : 330000 ps.  Data written: 1, in Reg = 1
# EXECUTION:: Time: 330 ns,  Iteration: 1,  Instance: /testbench/uut/INT_Register_bank,  Process: line__55.
# EXECUTION:: NOTE   : Simulation time : 340000 ps.  Data written: 3, in Reg = 2
# EXECUTION:: Time: 340 ns,  Iteration: 1,  Instance: /testbench/uut/INT_Register_bank,  Process: line__55.
# EXECUTION:: NOTE   : Simulation time : 350000 ps.  Data written: 0, in Reg = 4
# EXECUTION:: Time: 350 ns,  Iteration: 1,  Instance: /testbench/uut/INT_Register_bank,  Process: line__55.
# EXECUTION:: NOTE   : Simulation time : 360000 ps.  Data written: 10, in Reg = 6
# EXECUTION:: Time: 360 ns,  Iteration: 1,  Instance: /testbench/uut/INT_Register_bank,  Process: line__55.
# EXECUTION:: NOTE   : Simulation time : 380000 ps.  Data written: 4, in Reg = 5
# EXECUTION:: Time: 380 ns,  Iteration: 1,  Instance: /testbench/uut/INT_Register_bank,  Process: line__55.
# KERNEL: stopped at time: 500 ns
# VSIM: 4 object(s) traced.
endsim
# VSIM: Simulation has finished.
asim -O5 +access +r +m+testbench testbench behavior
# ELBREAD: Elaboration process.
# ELBREAD: Elaboration time 0.0 [s].
# VSIM: Stack memory: 32MB
# VSIM: Retval memory: 32MB
# 
# KERNEL: Main thread initiated.
# KERNEL: Kernel process initialization phase.
# ELAB2: Elaboration final pass...
# ELAB2: Create instances ...
# KERNEL: Time resolution set to 1ps.
# ELAB2: Create instances complete.
# SLP: Started
# SLP: Elaboration phase ...
# SLP: Elaboration phase ... skipped, nothing to simulate in SLP mode : 0.0 [s]
# SLP: Finished : 0.0 [s]
# ELAB2: Elaboration final pass complete - time: 0.0 [s].
# KERNEL: Warning: You are using the Active-HDL Student Edition. The performance of simulation is running at a reduced rate.
# KERNEL: Warning: Contact Aldec for available upgrade options - sales@aldec.com.
# KERNEL: Kernel process initialization done.
# Allocation: Simulator allocated 6669 kB (elbread=427 elab2=6099 kernel=142 sdf=0)
# KERNEL: ASDB file was created in location C:\My_Designs\practica3_active\practica3_design\src\wave.asdb
#  19:07, miércoles, 26 de marzo de 2025
#  Simulation has been initialized
# Waveform file 'untitled.awc' connected to 'C:/My_Designs/practica3_active/practica3_design/src/wave.asdb'.
run @500ns
# KERNEL: WARNING: There is an 'U'|'X'|'W'|'Z'|'-' in an arithmetic operand, the result will be 'X'(es).
# KERNEL: Time: 0 ps,  Iteration: 0,  Instance: /testbench/uut/adder_4,  Process: line__42.
# KERNEL: WARNING: CONV_INTEGER: There is an 'U'|'X'|'W'|'Z'|'-' in an arithmetic operand, and it has been converted to 0.
# KERNEL: Time: 0 ps,  Iteration: 0,  Instance: /testbench/uut/Mem_I,  Process: line__82.
# KERNEL: WARNING: CONV_INTEGER: There is an 'U'|'X'|'W'|'Z'|'-' in an arithmetic operand, and it has been converted to 0.
# KERNEL: Time: 0 ps,  Iteration: 0,  Instance: /testbench/uut/INT_Register_bank,  Process: line__74.
# KERNEL: WARNING: CONV_INTEGER: There is an 'U'|'X'|'W'|'Z'|'-' in an arithmetic operand, and it has been converted to 0.
# KERNEL: Time: 0 ps,  Iteration: 0,  Instance: /testbench/uut/INT_Register_bank,  Process: line__76.
# KERNEL: WARNING: There is an 'U'|'X'|'W'|'Z'|'-' in an arithmetic operand, the result will be 'X'(es).
# KERNEL: Time: 0 ps,  Iteration: 0,  Instance: /testbench/uut/adder_dir,  Process: line__42.
# KERNEL: WARNING: There is an 'U'|'X'|'W'|'Z'|'-' in an arithmetic operand, the result will be 'X'(es).
# KERNEL: Time: 0 ps,  Iteration: 0,  Instance: /testbench/uut/ALU_MIPs,  Process: line__43.
# KERNEL: WARNING: There is an 'U'|'X'|'W'|'Z'|'-' in an arithmetic operand, the result will be 'X'(es).
# KERNEL: Time: 0 ps,  Iteration: 0,  Instance: /testbench/uut/ALU_MIPs,  Process: line__43.
# KERNEL: WARNING: There is an 'U'|'X'|'W'|'Z'|'-' in an arithmetic operand, the result will be 'X'(es).
# KERNEL: Time: 0 ps,  Iteration: 0,  Instance: /testbench/uut/ALU_MIPs,  Process: line__43.
# KERNEL: WARNING: There is an 'U'|'X'|'W'|'Z'|'-' in an arithmetic operand, the result will be 'X'(es).
# KERNEL: Time: 0 ps,  Iteration: 0,  Instance: /testbench/uut/ALU_MIPs,  Process: line__43.
# KERNEL: WARNING: There is an 'U'|'X'|'W'|'Z'|'-' in an arithmetic operand, the result will be 'X'(es).
# KERNEL: Time: 0 ps,  Iteration: 1,  Instance: /testbench/uut/adder_dir,  Process: line__42.
# KERNEL: WARNING: CONV_INTEGER: There is an 'U'|'X'|'W'|'Z'|'-' in an arithmetic operand, and it has been converted to 0.
# KERNEL: Time: 0 ps,  Iteration: 2,  Instance: /testbench/uut/INT_Register_bank,  Process: line__74.
# KERNEL: WARNING: CONV_INTEGER: There is an 'U'|'X'|'W'|'Z'|'-' in an arithmetic operand, and it has been converted to 0.
# KERNEL: Time: 0 ps,  Iteration: 2,  Instance: /testbench/uut/INT_Register_bank,  Process: line__76.
# KERNEL: WARNING: There is an 'U'|'X'|'W'|'Z'|'-' in an arithmetic operand, the result will be 'X'(es).
# KERNEL: Time: 0 ps,  Iteration: 2,  Instance: /testbench/uut/adder_dir,  Process: line__42.
# KERNEL: WARNING: There is an 'U'|'X'|'W'|'Z'|'-' in an arithmetic operand, the result will be 'X'(es).
# KERNEL: Time: 5 ns,  Iteration: 2,  Instance: /testbench/uut/ALU_MIPs,  Process: line__43.
# KERNEL: WARNING: There is an 'U'|'X'|'W'|'Z'|'-' in an arithmetic operand, the result will be 'X'(es).
# KERNEL: Time: 5 ns,  Iteration: 2,  Instance: /testbench/uut/adder_dir,  Process: line__42.
# EXECUTION:: NOTE   : Simulation time : 60000 ps.  Data written: 1, in Reg = 1
# EXECUTION:: Time: 60 ns,  Iteration: 1,  Instance: /testbench/uut/INT_Register_bank,  Process: line__55.
# EXECUTION:: NOTE   : Simulation time : 70000 ps.  Data written: 3, in Reg = 2
# EXECUTION:: Time: 70 ns,  Iteration: 1,  Instance: /testbench/uut/INT_Register_bank,  Process: line__55.
# EXECUTION:: NOTE   : Simulation time : 80000 ps.  Data written: 0, in Reg = 4
# EXECUTION:: Time: 80 ns,  Iteration: 1,  Instance: /testbench/uut/INT_Register_bank,  Process: line__55.
# EXECUTION:: NOTE   : Simulation time : 90000 ps.  Data written: 7, in Reg = 6
# EXECUTION:: Time: 90 ns,  Iteration: 1,  Instance: /testbench/uut/INT_Register_bank,  Process: line__55.
# EXECUTION:: NOTE   : Simulation time : 110000 ps.  Data written: 1, in Reg = 5
# EXECUTION:: Time: 110 ns,  Iteration: 1,  Instance: /testbench/uut/INT_Register_bank,  Process: line__55.
# EXECUTION:: NOTE   : Simulation time : 120000 ps.  Data written: 7, in Reg = 7
# EXECUTION:: Time: 120 ns,  Iteration: 1,  Instance: /testbench/uut/INT_Register_bank,  Process: line__55.
# EXECUTION:: NOTE   : Simulation time : 135000 ps.  Data written: 0, in ADDR = 0
# EXECUTION:: Time: 135 ns,  Iteration: 1,  Instance: /testbench/uut/Mem_D,  Process: line__79.
# EXECUTION:: NOTE   : Simulation time : 150000 ps.  Data written: 1, in Reg = 1
# EXECUTION:: Time: 150 ns,  Iteration: 1,  Instance: /testbench/uut/INT_Register_bank,  Process: line__55.
# EXECUTION:: NOTE   : Simulation time : 160000 ps.  Data written: 3, in Reg = 2
# EXECUTION:: Time: 160 ns,  Iteration: 1,  Instance: /testbench/uut/INT_Register_bank,  Process: line__55.
# EXECUTION:: NOTE   : Simulation time : 170000 ps.  Data written: 0, in Reg = 4
# EXECUTION:: Time: 170 ns,  Iteration: 1,  Instance: /testbench/uut/INT_Register_bank,  Process: line__55.
# EXECUTION:: NOTE   : Simulation time : 180000 ps.  Data written: 8, in Reg = 6
# EXECUTION:: Time: 180 ns,  Iteration: 1,  Instance: /testbench/uut/INT_Register_bank,  Process: line__55.
# EXECUTION:: NOTE   : Simulation time : 200000 ps.  Data written: 2, in Reg = 5
# EXECUTION:: Time: 200 ns,  Iteration: 1,  Instance: /testbench/uut/INT_Register_bank,  Process: line__55.
# EXECUTION:: NOTE   : Simulation time : 210000 ps.  Data written: 15, in Reg = 7
# EXECUTION:: Time: 210 ns,  Iteration: 1,  Instance: /testbench/uut/INT_Register_bank,  Process: line__55.
# EXECUTION:: NOTE   : Simulation time : 225000 ps.  Data written: 7, in ADDR = 0
# EXECUTION:: Time: 225 ns,  Iteration: 1,  Instance: /testbench/uut/Mem_D,  Process: line__79.
# EXECUTION:: NOTE   : Simulation time : 240000 ps.  Data written: 1, in Reg = 1
# EXECUTION:: Time: 240 ns,  Iteration: 1,  Instance: /testbench/uut/INT_Register_bank,  Process: line__55.
# EXECUTION:: NOTE   : Simulation time : 250000 ps.  Data written: 3, in Reg = 2
# EXECUTION:: Time: 250 ns,  Iteration: 1,  Instance: /testbench/uut/INT_Register_bank,  Process: line__55.
# EXECUTION:: NOTE   : Simulation time : 260000 ps.  Data written: 0, in Reg = 4
# EXECUTION:: Time: 260 ns,  Iteration: 1,  Instance: /testbench/uut/INT_Register_bank,  Process: line__55.
# EXECUTION:: NOTE   : Simulation time : 270000 ps.  Data written: 9, in Reg = 6
# EXECUTION:: Time: 270 ns,  Iteration: 1,  Instance: /testbench/uut/INT_Register_bank,  Process: line__55.
# EXECUTION:: NOTE   : Simulation time : 290000 ps.  Data written: 3, in Reg = 5
# EXECUTION:: Time: 290 ns,  Iteration: 1,  Instance: /testbench/uut/INT_Register_bank,  Process: line__55.
# EXECUTION:: NOTE   : Simulation time : 300000 ps.  Data written: 24, in Reg = 7
# EXECUTION:: Time: 300 ns,  Iteration: 1,  Instance: /testbench/uut/INT_Register_bank,  Process: line__55.
# EXECUTION:: NOTE   : Simulation time : 315000 ps.  Data written: 15, in ADDR = 0
# EXECUTION:: Time: 315 ns,  Iteration: 1,  Instance: /testbench/uut/Mem_D,  Process: line__79.
# EXECUTION:: NOTE   : Simulation time : 330000 ps.  Data written: 1, in Reg = 1
# EXECUTION:: Time: 330 ns,  Iteration: 1,  Instance: /testbench/uut/INT_Register_bank,  Process: line__55.
# EXECUTION:: NOTE   : Simulation time : 340000 ps.  Data written: 3, in Reg = 2
# EXECUTION:: Time: 340 ns,  Iteration: 1,  Instance: /testbench/uut/INT_Register_bank,  Process: line__55.
# EXECUTION:: NOTE   : Simulation time : 350000 ps.  Data written: 0, in Reg = 4
# EXECUTION:: Time: 350 ns,  Iteration: 1,  Instance: /testbench/uut/INT_Register_bank,  Process: line__55.
# EXECUTION:: NOTE   : Simulation time : 360000 ps.  Data written: 10, in Reg = 6
# EXECUTION:: Time: 360 ns,  Iteration: 1,  Instance: /testbench/uut/INT_Register_bank,  Process: line__55.
# EXECUTION:: NOTE   : Simulation time : 380000 ps.  Data written: 4, in Reg = 5
# EXECUTION:: Time: 380 ns,  Iteration: 1,  Instance: /testbench/uut/INT_Register_bank,  Process: line__55.
# KERNEL: stopped at time: 500 ns
# VSIM: 1 object(s) traced.
# VSIM: 1 object(s) traced.
endsim
# VSIM: Simulation has finished.
asim -O5 +access +r +m+testbench testbench behavior
# ELBREAD: Elaboration process.
# ELBREAD: Elaboration time 0.0 [s].
# VSIM: Stack memory: 32MB
# VSIM: Retval memory: 32MB
# 
# KERNEL: Main thread initiated.
# KERNEL: Kernel process initialization phase.
# ELAB2: Elaboration final pass...
# ELAB2: Create instances ...
# KERNEL: Time resolution set to 1ps.
# ELAB2: Create instances complete.
# SLP: Started
# SLP: Elaboration phase ...
# SLP: Elaboration phase ... skipped, nothing to simulate in SLP mode : 0.0 [s]
# SLP: Finished : 0.0 [s]
# ELAB2: Elaboration final pass complete - time: 0.0 [s].
# KERNEL: Warning: You are using the Active-HDL Student Edition. The performance of simulation is running at a reduced rate.
# KERNEL: Warning: Contact Aldec for available upgrade options - sales@aldec.com.
# KERNEL: Kernel process initialization done.
# Allocation: Simulator allocated 6669 kB (elbread=427 elab2=6099 kernel=142 sdf=0)
# KERNEL: ASDB file was created in location C:\My_Designs\practica3_active\practica3_design\src\wave.asdb
#  19:10, miércoles, 26 de marzo de 2025
#  Simulation has been initialized
# Waveform file 'untitled.awc' connected to 'C:/My_Designs/practica3_active/practica3_design/src/wave.asdb'.
run @500ns
# KERNEL: WARNING: There is an 'U'|'X'|'W'|'Z'|'-' in an arithmetic operand, the result will be 'X'(es).
# KERNEL: Time: 0 ps,  Iteration: 0,  Instance: /testbench/uut/adder_4,  Process: line__42.
# KERNEL: WARNING: CONV_INTEGER: There is an 'U'|'X'|'W'|'Z'|'-' in an arithmetic operand, and it has been converted to 0.
# KERNEL: Time: 0 ps,  Iteration: 0,  Instance: /testbench/uut/Mem_I,  Process: line__82.
# KERNEL: WARNING: CONV_INTEGER: There is an 'U'|'X'|'W'|'Z'|'-' in an arithmetic operand, and it has been converted to 0.
# KERNEL: Time: 0 ps,  Iteration: 0,  Instance: /testbench/uut/INT_Register_bank,  Process: line__74.
# KERNEL: WARNING: CONV_INTEGER: There is an 'U'|'X'|'W'|'Z'|'-' in an arithmetic operand, and it has been converted to 0.
# KERNEL: Time: 0 ps,  Iteration: 0,  Instance: /testbench/uut/INT_Register_bank,  Process: line__76.
# KERNEL: WARNING: There is an 'U'|'X'|'W'|'Z'|'-' in an arithmetic operand, the result will be 'X'(es).
# KERNEL: Time: 0 ps,  Iteration: 0,  Instance: /testbench/uut/adder_dir,  Process: line__42.
# KERNEL: WARNING: There is an 'U'|'X'|'W'|'Z'|'-' in an arithmetic operand, the result will be 'X'(es).
# KERNEL: Time: 0 ps,  Iteration: 0,  Instance: /testbench/uut/ALU_MIPs,  Process: line__43.
# KERNEL: WARNING: There is an 'U'|'X'|'W'|'Z'|'-' in an arithmetic operand, the result will be 'X'(es).
# KERNEL: Time: 0 ps,  Iteration: 0,  Instance: /testbench/uut/ALU_MIPs,  Process: line__43.
# KERNEL: WARNING: There is an 'U'|'X'|'W'|'Z'|'-' in an arithmetic operand, the result will be 'X'(es).
# KERNEL: Time: 0 ps,  Iteration: 0,  Instance: /testbench/uut/ALU_MIPs,  Process: line__43.
# KERNEL: WARNING: There is an 'U'|'X'|'W'|'Z'|'-' in an arithmetic operand, the result will be 'X'(es).
# KERNEL: Time: 0 ps,  Iteration: 0,  Instance: /testbench/uut/ALU_MIPs,  Process: line__43.
# KERNEL: WARNING: There is an 'U'|'X'|'W'|'Z'|'-' in an arithmetic operand, the result will be 'X'(es).
# KERNEL: Time: 0 ps,  Iteration: 1,  Instance: /testbench/uut/adder_dir,  Process: line__42.
# KERNEL: WARNING: CONV_INTEGER: There is an 'U'|'X'|'W'|'Z'|'-' in an arithmetic operand, and it has been converted to 0.
# KERNEL: Time: 0 ps,  Iteration: 2,  Instance: /testbench/uut/INT_Register_bank,  Process: line__74.
# KERNEL: WARNING: CONV_INTEGER: There is an 'U'|'X'|'W'|'Z'|'-' in an arithmetic operand, and it has been converted to 0.
# KERNEL: Time: 0 ps,  Iteration: 2,  Instance: /testbench/uut/INT_Register_bank,  Process: line__76.
# KERNEL: WARNING: There is an 'U'|'X'|'W'|'Z'|'-' in an arithmetic operand, the result will be 'X'(es).
# KERNEL: Time: 0 ps,  Iteration: 2,  Instance: /testbench/uut/adder_dir,  Process: line__42.
# KERNEL: WARNING: There is an 'U'|'X'|'W'|'Z'|'-' in an arithmetic operand, the result will be 'X'(es).
# KERNEL: Time: 5 ns,  Iteration: 2,  Instance: /testbench/uut/ALU_MIPs,  Process: line__43.
# KERNEL: WARNING: There is an 'U'|'X'|'W'|'Z'|'-' in an arithmetic operand, the result will be 'X'(es).
# KERNEL: Time: 5 ns,  Iteration: 2,  Instance: /testbench/uut/adder_dir,  Process: line__42.
# EXECUTION:: NOTE   : Simulation time : 60000 ps.  Data written: 1, in Reg = 1
# EXECUTION:: Time: 60 ns,  Iteration: 1,  Instance: /testbench/uut/INT_Register_bank,  Process: line__55.
# EXECUTION:: NOTE   : Simulation time : 70000 ps.  Data written: 3, in Reg = 2
# EXECUTION:: Time: 70 ns,  Iteration: 1,  Instance: /testbench/uut/INT_Register_bank,  Process: line__55.
# EXECUTION:: NOTE   : Simulation time : 80000 ps.  Data written: 0, in Reg = 4
# EXECUTION:: Time: 80 ns,  Iteration: 1,  Instance: /testbench/uut/INT_Register_bank,  Process: line__55.
# EXECUTION:: NOTE   : Simulation time : 90000 ps.  Data written: 7, in Reg = 6
# EXECUTION:: Time: 90 ns,  Iteration: 1,  Instance: /testbench/uut/INT_Register_bank,  Process: line__55.
# EXECUTION:: NOTE   : Simulation time : 110000 ps.  Data written: 1, in Reg = 5
# EXECUTION:: Time: 110 ns,  Iteration: 1,  Instance: /testbench/uut/INT_Register_bank,  Process: line__55.
# EXECUTION:: NOTE   : Simulation time : 120000 ps.  Data written: 7, in Reg = 7
# EXECUTION:: Time: 120 ns,  Iteration: 1,  Instance: /testbench/uut/INT_Register_bank,  Process: line__55.
# EXECUTION:: NOTE   : Simulation time : 135000 ps.  Data written: 0, in ADDR = 0
# EXECUTION:: Time: 135 ns,  Iteration: 1,  Instance: /testbench/uut/Mem_D,  Process: line__79.
# EXECUTION:: NOTE   : Simulation time : 150000 ps.  Data written: 1, in Reg = 1
# EXECUTION:: Time: 150 ns,  Iteration: 1,  Instance: /testbench/uut/INT_Register_bank,  Process: line__55.
# EXECUTION:: NOTE   : Simulation time : 160000 ps.  Data written: 3, in Reg = 2
# EXECUTION:: Time: 160 ns,  Iteration: 1,  Instance: /testbench/uut/INT_Register_bank,  Process: line__55.
# EXECUTION:: NOTE   : Simulation time : 170000 ps.  Data written: 0, in Reg = 4
# EXECUTION:: Time: 170 ns,  Iteration: 1,  Instance: /testbench/uut/INT_Register_bank,  Process: line__55.
# EXECUTION:: NOTE   : Simulation time : 180000 ps.  Data written: 8, in Reg = 6
# EXECUTION:: Time: 180 ns,  Iteration: 1,  Instance: /testbench/uut/INT_Register_bank,  Process: line__55.
# EXECUTION:: NOTE   : Simulation time : 200000 ps.  Data written: 2, in Reg = 5
# EXECUTION:: Time: 200 ns,  Iteration: 1,  Instance: /testbench/uut/INT_Register_bank,  Process: line__55.
# EXECUTION:: NOTE   : Simulation time : 210000 ps.  Data written: 15, in Reg = 7
# EXECUTION:: Time: 210 ns,  Iteration: 1,  Instance: /testbench/uut/INT_Register_bank,  Process: line__55.
# EXECUTION:: NOTE   : Simulation time : 225000 ps.  Data written: 7, in ADDR = 0
# EXECUTION:: Time: 225 ns,  Iteration: 1,  Instance: /testbench/uut/Mem_D,  Process: line__79.
# EXECUTION:: NOTE   : Simulation time : 240000 ps.  Data written: 1, in Reg = 1
# EXECUTION:: Time: 240 ns,  Iteration: 1,  Instance: /testbench/uut/INT_Register_bank,  Process: line__55.
# EXECUTION:: NOTE   : Simulation time : 250000 ps.  Data written: 3, in Reg = 2
# EXECUTION:: Time: 250 ns,  Iteration: 1,  Instance: /testbench/uut/INT_Register_bank,  Process: line__55.
# EXECUTION:: NOTE   : Simulation time : 260000 ps.  Data written: 0, in Reg = 4
# EXECUTION:: Time: 260 ns,  Iteration: 1,  Instance: /testbench/uut/INT_Register_bank,  Process: line__55.
# EXECUTION:: NOTE   : Simulation time : 270000 ps.  Data written: 9, in Reg = 6
# EXECUTION:: Time: 270 ns,  Iteration: 1,  Instance: /testbench/uut/INT_Register_bank,  Process: line__55.
# EXECUTION:: NOTE   : Simulation time : 290000 ps.  Data written: 3, in Reg = 5
# EXECUTION:: Time: 290 ns,  Iteration: 1,  Instance: /testbench/uut/INT_Register_bank,  Process: line__55.
# EXECUTION:: NOTE   : Simulation time : 300000 ps.  Data written: 24, in Reg = 7
# EXECUTION:: Time: 300 ns,  Iteration: 1,  Instance: /testbench/uut/INT_Register_bank,  Process: line__55.
# EXECUTION:: NOTE   : Simulation time : 315000 ps.  Data written: 15, in ADDR = 0
# EXECUTION:: Time: 315 ns,  Iteration: 1,  Instance: /testbench/uut/Mem_D,  Process: line__79.
# EXECUTION:: NOTE   : Simulation time : 330000 ps.  Data written: 1, in Reg = 1
# EXECUTION:: Time: 330 ns,  Iteration: 1,  Instance: /testbench/uut/INT_Register_bank,  Process: line__55.
# EXECUTION:: NOTE   : Simulation time : 340000 ps.  Data written: 3, in Reg = 2
# EXECUTION:: Time: 340 ns,  Iteration: 1,  Instance: /testbench/uut/INT_Register_bank,  Process: line__55.
# EXECUTION:: NOTE   : Simulation time : 350000 ps.  Data written: 0, in Reg = 4
# EXECUTION:: Time: 350 ns,  Iteration: 1,  Instance: /testbench/uut/INT_Register_bank,  Process: line__55.
# EXECUTION:: NOTE   : Simulation time : 360000 ps.  Data written: 10, in Reg = 6
# EXECUTION:: Time: 360 ns,  Iteration: 1,  Instance: /testbench/uut/INT_Register_bank,  Process: line__55.
# EXECUTION:: NOTE   : Simulation time : 380000 ps.  Data written: 4, in Reg = 5
# EXECUTION:: Time: 380 ns,  Iteration: 1,  Instance: /testbench/uut/INT_Register_bank,  Process: line__55.
# KERNEL: stopped at time: 500 ns
acom -O3 -e 100 -work practica3_design -2002  $dsn/src/mips_segmentado_practicas_completar_v2.vhd $dsn/src/bits_shifter.vhd $dsn/src/ram-816106.vhd $dsn/src/alu.vhd $dsn/src/uc_completar.vhd $dsn/src/counter.vhd $dsn/src/register.vhd $dsn/src/ram-i_ejemplo_sin_nops_planificar.vhd $dsn/src/ext_signo.vhd $dsn/src/adder32.vhd $dsn/src/testbench_mips.vhd $dsn/src/mux4_1.vhd $dsn/src/mux2_1.vhd $dsn/src/breg.vhd $dsn/src/mux2_5bits.vhd $dsn/src/banco_wb.vhd $dsn/src/banco_mem.vhd $dsn/src/banco_id.vhd $dsn/src/banco_ex.vhd
# Compile Entity "MIPs_segmentado"
# Compile Architecture "Behavioral" of Entity "MIPs_segmentado"
# Compile Entity "two_bits_shifter"
# Compile Architecture "Behavioral" of Entity "two_bits_shifter"
# Compile Entity "Data_Memory_Subsystem"
# Compile Architecture "Behavioral" of Entity "Data_Memory_Subsystem"
# Compile Entity "ALU"
# Compile Architecture "Behavioral" of Entity "ALU"
# Compile Entity "UC"
# Compile Architecture "Behavioral" of Entity "UC"
# Error: COMP96_0393: uc_completar.vhd : (78, 75): Cannot read output : "MemtoReg".
# Error: COMP96_0617: uc_completar.vhd : (78, 75): Assignment target incompatible with right side. Cannot convert 'BOOLEAN' to 'STD_ULOGIC'.
# Error: COMP96_0280: uc_completar.vhd : (78, 70): Signal assignment cannot make two assignment at the same time.
# Compile Entity "counter"
# Compile Architecture "Behavioral" of Entity "counter"
# Compile Entity "reg"
# Compile Architecture "behavioral" of Entity "REG"
# Compile Entity "memoriaRAM_I"
# Compile Architecture "Behavioral" of Entity "memoriaRAM_I"
# Compile Entity "Ext_signo"
# Compile Architecture "Behavioral" of Entity "Ext_signo"
# Compile Entity "adder32"
# Compile Architecture "Behavioral" of Entity "adder32"
# Compile Entity "testbench"
# Compile Architecture "behavior" of Entity "testbench"
# Compile Entity "mux4_1"
# Compile Architecture "Behavioral" of Entity "mux4_1"
# Compile Entity "mux2_1"
# Compile Architecture "Behavioral" of Entity "mux2_1"
# Compile Entity "BReg"
# Compile Architecture "Behavioral" of Entity "BReg"
# Compile Entity "mux2_5bits"
# Compile Architecture "Behavioral" of Entity "mux2_5bits"
# Compile Entity "Banco_WB"
# Compile Architecture "Behavioral" of Entity "Banco_WB"
# Compile Entity "Banco_MEM"
# Compile Architecture "Behavioral" of Entity "Banco_MEM"
# Compile Entity "Banco_ID"
# Compile Architecture "Behavioral" of Entity "Banco_ID"
# Compile Entity "Banco_EX"
# Compile Architecture "Behavioral" of Entity "Banco_EX"
# Compile failure 3 Errors 0 Warnings  Analysis time :  1.0 [s]
acom -O3 -e 100 -work practica3_design -2002  $dsn/src/mips_segmentado_practicas_completar_v2.vhd $dsn/src/bits_shifter.vhd $dsn/src/ram-816106.vhd $dsn/src/alu.vhd $dsn/src/uc_completar.vhd $dsn/src/counter.vhd $dsn/src/register.vhd $dsn/src/ram-i_ejemplo_sin_nops_planificar.vhd $dsn/src/ext_signo.vhd $dsn/src/adder32.vhd $dsn/src/testbench_mips.vhd $dsn/src/mux4_1.vhd $dsn/src/mux2_1.vhd $dsn/src/breg.vhd $dsn/src/mux2_5bits.vhd $dsn/src/banco_wb.vhd $dsn/src/banco_mem.vhd $dsn/src/banco_id.vhd $dsn/src/banco_ex.vhd
# Compile Entity "MIPs_segmentado"
# Compile Architecture "Behavioral" of Entity "MIPs_segmentado"
# Compile Entity "two_bits_shifter"
# Compile Architecture "Behavioral" of Entity "two_bits_shifter"
# Compile Entity "Data_Memory_Subsystem"
# Compile Architecture "Behavioral" of Entity "Data_Memory_Subsystem"
# Compile Entity "ALU"
# Compile Architecture "Behavioral" of Entity "ALU"
# Compile Entity "UC"
# Compile Architecture "Behavioral" of Entity "UC"
# Compile Entity "counter"
# Compile Architecture "Behavioral" of Entity "counter"
# Compile Entity "reg"
# Compile Architecture "behavioral" of Entity "REG"
# Compile Entity "memoriaRAM_I"
# Compile Architecture "Behavioral" of Entity "memoriaRAM_I"
# Compile Entity "Ext_signo"
# Compile Architecture "Behavioral" of Entity "Ext_signo"
# Compile Entity "adder32"
# Compile Architecture "Behavioral" of Entity "adder32"
# Compile Entity "testbench"
# Compile Architecture "behavior" of Entity "testbench"
# Compile Entity "mux4_1"
# Compile Architecture "Behavioral" of Entity "mux4_1"
# Compile Entity "mux2_1"
# Compile Architecture "Behavioral" of Entity "mux2_1"
# Compile Entity "BReg"
# Compile Architecture "Behavioral" of Entity "BReg"
# Compile Entity "mux2_5bits"
# Compile Architecture "Behavioral" of Entity "mux2_5bits"
# Compile Entity "Banco_WB"
# Compile Architecture "Behavioral" of Entity "Banco_WB"
# Compile Entity "Banco_MEM"
# Compile Architecture "Behavioral" of Entity "Banco_MEM"
# Compile Entity "Banco_ID"
# Compile Architecture "Behavioral" of Entity "Banco_ID"
# Compile Entity "Banco_EX"
# Compile Architecture "Behavioral" of Entity "Banco_EX"
# Compile success 0 Errors 0 Warnings  Analysis time :  2.0 [s]
endsim
# VSIM: Simulation has finished.
asim -O5 +access +r +m+testbench testbench behavior
# ELBREAD: Elaboration process.
# ELBREAD: Elaboration time 0.0 [s].
# VSIM: Stack memory: 32MB
# VSIM: Retval memory: 32MB
# 
# KERNEL: Main thread initiated.
# KERNEL: Kernel process initialization phase.
# ELAB2: Elaboration final pass...
# ELAB2: Create instances ...
# KERNEL: Time resolution set to 1ps.
# ELAB2: Create instances complete.
# SLP: Started
# SLP: Elaboration phase ...
# SLP: Elaboration phase ... skipped, nothing to simulate in SLP mode : 0.0 [s]
# SLP: Finished : 0.0 [s]
# ELAB2: Elaboration final pass complete - time: 0.0 [s].
# KERNEL: Warning: You are using the Active-HDL Student Edition. The performance of simulation is running at a reduced rate.
# KERNEL: Warning: Contact Aldec for available upgrade options - sales@aldec.com.
# KERNEL: Kernel process initialization done.
# Allocation: Simulator allocated 6669 kB (elbread=427 elab2=6099 kernel=142 sdf=0)
# KERNEL: ASDB file was created in location C:\My_Designs\practica3_active\practica3_design\src\wave.asdb
#  20:13, miércoles, 26 de marzo de 2025
#  Simulation has been initialized
# Waveform file 'untitled.awc' connected to 'C:/My_Designs/practica3_active/practica3_design/src/wave.asdb'.
run @500ns
# KERNEL: WARNING: There is an 'U'|'X'|'W'|'Z'|'-' in an arithmetic operand, the result will be 'X'(es).
# KERNEL: Time: 0 ps,  Iteration: 0,  Instance: /testbench/uut/adder_4,  Process: line__42.
# KERNEL: WARNING: CONV_INTEGER: There is an 'U'|'X'|'W'|'Z'|'-' in an arithmetic operand, and it has been converted to 0.
# KERNEL: Time: 0 ps,  Iteration: 0,  Instance: /testbench/uut/Mem_I,  Process: line__83.
# KERNEL: WARNING: CONV_INTEGER: There is an 'U'|'X'|'W'|'Z'|'-' in an arithmetic operand, and it has been converted to 0.
# KERNEL: Time: 0 ps,  Iteration: 0,  Instance: /testbench/uut/INT_Register_bank,  Process: line__74.
# KERNEL: WARNING: CONV_INTEGER: There is an 'U'|'X'|'W'|'Z'|'-' in an arithmetic operand, and it has been converted to 0.
# KERNEL: Time: 0 ps,  Iteration: 0,  Instance: /testbench/uut/INT_Register_bank,  Process: line__76.
# KERNEL: WARNING: There is an 'U'|'X'|'W'|'Z'|'-' in an arithmetic operand, the result will be 'X'(es).
# KERNEL: Time: 0 ps,  Iteration: 0,  Instance: /testbench/uut/adder_dir,  Process: line__42.
# KERNEL: WARNING: There is an 'U'|'X'|'W'|'Z'|'-' in an arithmetic operand, the result will be 'X'(es).
# KERNEL: Time: 0 ps,  Iteration: 0,  Instance: /testbench/uut/ALU_MIPs,  Process: line__43.
# KERNEL: WARNING: There is an 'U'|'X'|'W'|'Z'|'-' in an arithmetic operand, the result will be 'X'(es).
# KERNEL: Time: 0 ps,  Iteration: 0,  Instance: /testbench/uut/ALU_MIPs,  Process: line__43.
# KERNEL: WARNING: There is an 'U'|'X'|'W'|'Z'|'-' in an arithmetic operand, the result will be 'X'(es).
# KERNEL: Time: 0 ps,  Iteration: 0,  Instance: /testbench/uut/ALU_MIPs,  Process: line__43.
# KERNEL: WARNING: There is an 'U'|'X'|'W'|'Z'|'-' in an arithmetic operand, the result will be 'X'(es).
# KERNEL: Time: 0 ps,  Iteration: 0,  Instance: /testbench/uut/ALU_MIPs,  Process: line__43.
# KERNEL: WARNING: There is an 'U'|'X'|'W'|'Z'|'-' in an arithmetic operand, the result will be 'X'(es).
# KERNEL: Time: 0 ps,  Iteration: 1,  Instance: /testbench/uut/adder_dir,  Process: line__42.
# KERNEL: WARNING: CONV_INTEGER: There is an 'U'|'X'|'W'|'Z'|'-' in an arithmetic operand, and it has been converted to 0.
# KERNEL: Time: 0 ps,  Iteration: 2,  Instance: /testbench/uut/INT_Register_bank,  Process: line__74.
# KERNEL: WARNING: CONV_INTEGER: There is an 'U'|'X'|'W'|'Z'|'-' in an arithmetic operand, and it has been converted to 0.
# KERNEL: Time: 0 ps,  Iteration: 2,  Instance: /testbench/uut/INT_Register_bank,  Process: line__76.
# KERNEL: WARNING: There is an 'U'|'X'|'W'|'Z'|'-' in an arithmetic operand, the result will be 'X'(es).
# KERNEL: Time: 0 ps,  Iteration: 2,  Instance: /testbench/uut/adder_dir,  Process: line__42.
# KERNEL: WARNING: There is an 'U'|'X'|'W'|'Z'|'-' in an arithmetic operand, the result will be 'X'(es).
# KERNEL: Time: 5 ns,  Iteration: 2,  Instance: /testbench/uut/ALU_MIPs,  Process: line__43.
# KERNEL: WARNING: There is an 'U'|'X'|'W'|'Z'|'-' in an arithmetic operand, the result will be 'X'(es).
# KERNEL: Time: 5 ns,  Iteration: 2,  Instance: /testbench/uut/adder_dir,  Process: line__42.
# EXECUTION:: NOTE   : Simulation time : 60000 ps.  Data written: 4, in Reg = 1
# EXECUTION:: Time: 60 ns,  Iteration: 1,  Instance: /testbench/uut/INT_Register_bank,  Process: line__55.
# EXECUTION:: NOTE   : Simulation time : 70000 ps.  Data written: 8, in Reg = 2
# EXECUTION:: Time: 70 ns,  Iteration: 1,  Instance: /testbench/uut/INT_Register_bank,  Process: line__55.
# EXECUTION:: NOTE   : Simulation time : 80000 ps.  Data written: 12, in Reg = 3
# EXECUTION:: Time: 80 ns,  Iteration: 1,  Instance: /testbench/uut/INT_Register_bank,  Process: line__55.
# EXECUTION:: NOTE   : Simulation time : 100000 ps.  Data written: 4, in Reg = 5
# EXECUTION:: Time: 100 ns,  Iteration: 1,  Instance: /testbench/uut/INT_Register_bank,  Process: line__55.
# EXECUTION:: NOTE   : Simulation time : 120000 ps.  Data written: 16, in Reg = 1
# EXECUTION:: Time: 120 ns,  Iteration: 1,  Instance: /testbench/uut/INT_Register_bank,  Process: line__55.
# EXECUTION:: NOTE   : Simulation time : 130000 ps.  Data written: 4, in Reg = 6
# EXECUTION:: Time: 130 ns,  Iteration: 1,  Instance: /testbench/uut/INT_Register_bank,  Process: line__55.
# EXECUTION:: NOTE   : Simulation time : 145000 ps.  Data written: 0, in ADDR = 0
# EXECUTION:: Time: 145 ns,  Iteration: 1,  Instance: /testbench/uut/Mem_D,  Process: line__80.
# EXECUTION:: NOTE   : Simulation time : 160000 ps.  Data written: 4, in Reg = 1
# EXECUTION:: Time: 160 ns,  Iteration: 1,  Instance: /testbench/uut/INT_Register_bank,  Process: line__55.
# EXECUTION:: NOTE   : Simulation time : 170000 ps.  Data written: 8, in Reg = 2
# EXECUTION:: Time: 170 ns,  Iteration: 1,  Instance: /testbench/uut/INT_Register_bank,  Process: line__55.
# EXECUTION:: NOTE   : Simulation time : 180000 ps.  Data written: 12, in Reg = 3
# EXECUTION:: Time: 180 ns,  Iteration: 1,  Instance: /testbench/uut/INT_Register_bank,  Process: line__55.
# EXECUTION:: NOTE   : Simulation time : 200000 ps.  Data written: 4, in Reg = 5
# EXECUTION:: Time: 200 ns,  Iteration: 1,  Instance: /testbench/uut/INT_Register_bank,  Process: line__55.
# EXECUTION:: NOTE   : Simulation time : 220000 ps.  Data written: 16, in Reg = 1
# EXECUTION:: Time: 220 ns,  Iteration: 1,  Instance: /testbench/uut/INT_Register_bank,  Process: line__55.
# EXECUTION:: NOTE   : Simulation time : 230000 ps.  Data written: 8, in Reg = 6
# EXECUTION:: Time: 230 ns,  Iteration: 1,  Instance: /testbench/uut/INT_Register_bank,  Process: line__55.
# EXECUTION:: NOTE   : Simulation time : 245000 ps.  Data written: 4, in ADDR = 0
# EXECUTION:: Time: 245 ns,  Iteration: 1,  Instance: /testbench/uut/Mem_D,  Process: line__80.
# EXECUTION:: NOTE   : Simulation time : 260000 ps.  Data written: 4, in Reg = 1
# EXECUTION:: Time: 260 ns,  Iteration: 1,  Instance: /testbench/uut/INT_Register_bank,  Process: line__55.
# EXECUTION:: NOTE   : Simulation time : 270000 ps.  Data written: 8, in Reg = 2
# EXECUTION:: Time: 270 ns,  Iteration: 1,  Instance: /testbench/uut/INT_Register_bank,  Process: line__55.
# EXECUTION:: NOTE   : Simulation time : 280000 ps.  Data written: 12, in Reg = 3
# EXECUTION:: Time: 280 ns,  Iteration: 1,  Instance: /testbench/uut/INT_Register_bank,  Process: line__55.
# EXECUTION:: NOTE   : Simulation time : 300000 ps.  Data written: 4, in Reg = 5
# EXECUTION:: Time: 300 ns,  Iteration: 1,  Instance: /testbench/uut/INT_Register_bank,  Process: line__55.
# EXECUTION:: NOTE   : Simulation time : 320000 ps.  Data written: 16, in Reg = 1
# EXECUTION:: Time: 320 ns,  Iteration: 1,  Instance: /testbench/uut/INT_Register_bank,  Process: line__55.
# EXECUTION:: NOTE   : Simulation time : 330000 ps.  Data written: 12, in Reg = 6
# EXECUTION:: Time: 330 ns,  Iteration: 1,  Instance: /testbench/uut/INT_Register_bank,  Process: line__55.
# EXECUTION:: NOTE   : Simulation time : 345000 ps.  Data written: 8, in ADDR = 0
# EXECUTION:: Time: 345 ns,  Iteration: 1,  Instance: /testbench/uut/Mem_D,  Process: line__80.
# EXECUTION:: NOTE   : Simulation time : 360000 ps.  Data written: 4, in Reg = 1
# EXECUTION:: Time: 360 ns,  Iteration: 1,  Instance: /testbench/uut/INT_Register_bank,  Process: line__55.
# EXECUTION:: NOTE   : Simulation time : 370000 ps.  Data written: 8, in Reg = 2
# EXECUTION:: Time: 370 ns,  Iteration: 1,  Instance: /testbench/uut/INT_Register_bank,  Process: line__55.
# EXECUTION:: NOTE   : Simulation time : 380000 ps.  Data written: 12, in Reg = 3
# EXECUTION:: Time: 380 ns,  Iteration: 1,  Instance: /testbench/uut/INT_Register_bank,  Process: line__55.
# EXECUTION:: NOTE   : Simulation time : 400000 ps.  Data written: 4, in Reg = 5
# EXECUTION:: Time: 400 ns,  Iteration: 1,  Instance: /testbench/uut/INT_Register_bank,  Process: line__55.
# EXECUTION:: NOTE   : Simulation time : 420000 ps.  Data written: 16, in Reg = 1
# EXECUTION:: Time: 420 ns,  Iteration: 1,  Instance: /testbench/uut/INT_Register_bank,  Process: line__55.
# EXECUTION:: NOTE   : Simulation time : 430000 ps.  Data written: 16, in Reg = 6
# EXECUTION:: Time: 430 ns,  Iteration: 1,  Instance: /testbench/uut/INT_Register_bank,  Process: line__55.
# EXECUTION:: NOTE   : Simulation time : 445000 ps.  Data written: 12, in ADDR = 0
# EXECUTION:: Time: 445 ns,  Iteration: 1,  Instance: /testbench/uut/Mem_D,  Process: line__80.
# EXECUTION:: NOTE   : Simulation time : 460000 ps.  Data written: 4, in Reg = 1
# EXECUTION:: Time: 460 ns,  Iteration: 1,  Instance: /testbench/uut/INT_Register_bank,  Process: line__55.
# EXECUTION:: NOTE   : Simulation time : 470000 ps.  Data written: 8, in Reg = 2
# EXECUTION:: Time: 470 ns,  Iteration: 1,  Instance: /testbench/uut/INT_Register_bank,  Process: line__55.
# EXECUTION:: NOTE   : Simulation time : 480000 ps.  Data written: 12, in Reg = 3
# EXECUTION:: Time: 480 ns,  Iteration: 1,  Instance: /testbench/uut/INT_Register_bank,  Process: line__55.
# EXECUTION:: NOTE   : Simulation time : 500000 ps.  Data written: 4, in Reg = 5
# EXECUTION:: Time: 500 ns,  Iteration: 1,  Instance: /testbench/uut/INT_Register_bank,  Process: line__55.
# KERNEL: stopped at time: 500 ns
acom -O3 -e 100 -work practica3_design -2002  $dsn/src/mips_segmentado_practicas_completar_v2.vhd $dsn/src/bits_shifter.vhd $dsn/src/ram-816106.vhd $dsn/src/alu.vhd $dsn/src/uc_completar.vhd $dsn/src/counter.vhd $dsn/src/register.vhd $dsn/src/ram-i_ejemplo_sin_nops_planificar.vhd $dsn/src/ext_signo.vhd $dsn/src/adder32.vhd $dsn/src/testbench_mips.vhd $dsn/src/mux4_1.vhd $dsn/src/mux2_1.vhd $dsn/src/breg.vhd $dsn/src/mux2_5bits.vhd $dsn/src/banco_wb.vhd $dsn/src/banco_mem.vhd $dsn/src/banco_id.vhd $dsn/src/banco_ex.vhd
# Compile Entity "MIPs_segmentado"
# Compile Architecture "Behavioral" of Entity "MIPs_segmentado"
# Compile Entity "two_bits_shifter"
# Compile Architecture "Behavioral" of Entity "two_bits_shifter"
# Compile Entity "Data_Memory_Subsystem"
# Compile Architecture "Behavioral" of Entity "Data_Memory_Subsystem"
# Compile Entity "ALU"
# Compile Architecture "Behavioral" of Entity "ALU"
# Compile Entity "UC"
# Compile Architecture "Behavioral" of Entity "UC"
# Compile Entity "counter"
# Compile Architecture "Behavioral" of Entity "counter"
# Compile Entity "reg"
# Compile Architecture "behavioral" of Entity "REG"
# Compile Entity "memoriaRAM_I"
# Compile Architecture "Behavioral" of Entity "memoriaRAM_I"
# Compile Entity "Ext_signo"
# Compile Architecture "Behavioral" of Entity "Ext_signo"
# Compile Entity "adder32"
# Compile Architecture "Behavioral" of Entity "adder32"
# Compile Entity "testbench"
# Compile Architecture "behavior" of Entity "testbench"
# Compile Entity "mux4_1"
# Compile Architecture "Behavioral" of Entity "mux4_1"
# Compile Entity "mux2_1"
# Compile Architecture "Behavioral" of Entity "mux2_1"
# Compile Entity "BReg"
# Compile Architecture "Behavioral" of Entity "BReg"
# Compile Entity "mux2_5bits"
# Compile Architecture "Behavioral" of Entity "mux2_5bits"
# Compile Entity "Banco_WB"
# Compile Architecture "Behavioral" of Entity "Banco_WB"
# Compile Entity "Banco_MEM"
# Compile Architecture "Behavioral" of Entity "Banco_MEM"
# Compile Entity "Banco_ID"
# Compile Architecture "Behavioral" of Entity "Banco_ID"
# Compile Entity "Banco_EX"
# Compile Architecture "Behavioral" of Entity "Banco_EX"
# Compile success 0 Errors 0 Warnings  Analysis time :  1.0 [s]
endsim
# VSIM: Simulation has finished.
asim -O5 +access +r +m+testbench testbench behavior
# ELBREAD: Elaboration process.
# ELBREAD: Elaboration time 0.0 [s].
# VSIM: Stack memory: 32MB
# VSIM: Retval memory: 32MB
# 
# KERNEL: Main thread initiated.
# KERNEL: Kernel process initialization phase.
# ELAB2: Elaboration final pass...
# ELAB2: Create instances ...
# KERNEL: Time resolution set to 1ps.
# ELAB2: Create instances complete.
# SLP: Started
# SLP: Elaboration phase ...
# SLP: Elaboration phase ... skipped, nothing to simulate in SLP mode : 0.0 [s]
# SLP: Finished : 0.0 [s]
# ELAB2: Elaboration final pass complete - time: 0.0 [s].
# KERNEL: Warning: You are using the Active-HDL Student Edition. The performance of simulation is running at a reduced rate.
# KERNEL: Warning: Contact Aldec for available upgrade options - sales@aldec.com.
# KERNEL: Kernel process initialization done.
# Allocation: Simulator allocated 6669 kB (elbread=427 elab2=6099 kernel=142 sdf=0)
# KERNEL: ASDB file was created in location C:\My_Designs\practica3_active\practica3_design\src\wave.asdb
#  20:17, miércoles, 26 de marzo de 2025
#  Simulation has been initialized
# Waveform file 'untitled.awc' connected to 'C:/My_Designs/practica3_active/practica3_design/src/wave.asdb'.
run @500ns
# KERNEL: WARNING: There is an 'U'|'X'|'W'|'Z'|'-' in an arithmetic operand, the result will be 'X'(es).
# KERNEL: Time: 0 ps,  Iteration: 0,  Instance: /testbench/uut/adder_4,  Process: line__42.
# KERNEL: WARNING: CONV_INTEGER: There is an 'U'|'X'|'W'|'Z'|'-' in an arithmetic operand, and it has been converted to 0.
# KERNEL: Time: 0 ps,  Iteration: 0,  Instance: /testbench/uut/Mem_I,  Process: line__83.
# KERNEL: WARNING: CONV_INTEGER: There is an 'U'|'X'|'W'|'Z'|'-' in an arithmetic operand, and it has been converted to 0.
# KERNEL: Time: 0 ps,  Iteration: 0,  Instance: /testbench/uut/INT_Register_bank,  Process: line__74.
# KERNEL: WARNING: CONV_INTEGER: There is an 'U'|'X'|'W'|'Z'|'-' in an arithmetic operand, and it has been converted to 0.
# KERNEL: Time: 0 ps,  Iteration: 0,  Instance: /testbench/uut/INT_Register_bank,  Process: line__76.
# KERNEL: WARNING: There is an 'U'|'X'|'W'|'Z'|'-' in an arithmetic operand, the result will be 'X'(es).
# KERNEL: Time: 0 ps,  Iteration: 0,  Instance: /testbench/uut/adder_dir,  Process: line__42.
# KERNEL: WARNING: There is an 'U'|'X'|'W'|'Z'|'-' in an arithmetic operand, the result will be 'X'(es).
# KERNEL: Time: 0 ps,  Iteration: 0,  Instance: /testbench/uut/ALU_MIPs,  Process: line__43.
# KERNEL: WARNING: There is an 'U'|'X'|'W'|'Z'|'-' in an arithmetic operand, the result will be 'X'(es).
# KERNEL: Time: 0 ps,  Iteration: 0,  Instance: /testbench/uut/ALU_MIPs,  Process: line__43.
# KERNEL: WARNING: There is an 'U'|'X'|'W'|'Z'|'-' in an arithmetic operand, the result will be 'X'(es).
# KERNEL: Time: 0 ps,  Iteration: 0,  Instance: /testbench/uut/ALU_MIPs,  Process: line__43.
# KERNEL: WARNING: There is an 'U'|'X'|'W'|'Z'|'-' in an arithmetic operand, the result will be 'X'(es).
# KERNEL: Time: 0 ps,  Iteration: 0,  Instance: /testbench/uut/ALU_MIPs,  Process: line__43.
# KERNEL: WARNING: There is an 'U'|'X'|'W'|'Z'|'-' in an arithmetic operand, the result will be 'X'(es).
# KERNEL: Time: 0 ps,  Iteration: 1,  Instance: /testbench/uut/adder_dir,  Process: line__42.
# KERNEL: WARNING: CONV_INTEGER: There is an 'U'|'X'|'W'|'Z'|'-' in an arithmetic operand, and it has been converted to 0.
# KERNEL: Time: 0 ps,  Iteration: 2,  Instance: /testbench/uut/INT_Register_bank,  Process: line__74.
# KERNEL: WARNING: CONV_INTEGER: There is an 'U'|'X'|'W'|'Z'|'-' in an arithmetic operand, and it has been converted to 0.
# KERNEL: Time: 0 ps,  Iteration: 2,  Instance: /testbench/uut/INT_Register_bank,  Process: line__76.
# KERNEL: WARNING: There is an 'U'|'X'|'W'|'Z'|'-' in an arithmetic operand, the result will be 'X'(es).
# KERNEL: Time: 0 ps,  Iteration: 2,  Instance: /testbench/uut/adder_dir,  Process: line__42.
# KERNEL: WARNING: There is an 'U'|'X'|'W'|'Z'|'-' in an arithmetic operand, the result will be 'X'(es).
# KERNEL: Time: 5 ns,  Iteration: 2,  Instance: /testbench/uut/ALU_MIPs,  Process: line__43.
# KERNEL: WARNING: There is an 'U'|'X'|'W'|'Z'|'-' in an arithmetic operand, the result will be 'X'(es).
# KERNEL: Time: 5 ns,  Iteration: 2,  Instance: /testbench/uut/adder_dir,  Process: line__42.
# EXECUTION:: NOTE   : Simulation time : 60000 ps.  Data written: 4, in Reg = 1
# EXECUTION:: Time: 60 ns,  Iteration: 1,  Instance: /testbench/uut/INT_Register_bank,  Process: line__55.
# EXECUTION:: NOTE   : Simulation time : 70000 ps.  Data written: 8, in Reg = 2
# EXECUTION:: Time: 70 ns,  Iteration: 1,  Instance: /testbench/uut/INT_Register_bank,  Process: line__55.
# EXECUTION:: NOTE   : Simulation time : 80000 ps.  Data written: 12, in Reg = 3
# EXECUTION:: Time: 80 ns,  Iteration: 1,  Instance: /testbench/uut/INT_Register_bank,  Process: line__55.
# EXECUTION:: NOTE   : Simulation time : 100000 ps.  Data written: 4, in Reg = 5
# EXECUTION:: Time: 100 ns,  Iteration: 1,  Instance: /testbench/uut/INT_Register_bank,  Process: line__55.
# EXECUTION:: NOTE   : Simulation time : 120000 ps.  Data written: 16, in Reg = 1
# EXECUTION:: Time: 120 ns,  Iteration: 1,  Instance: /testbench/uut/INT_Register_bank,  Process: line__55.
# EXECUTION:: NOTE   : Simulation time : 130000 ps.  Data written: 4, in Reg = 6
# EXECUTION:: Time: 130 ns,  Iteration: 1,  Instance: /testbench/uut/INT_Register_bank,  Process: line__55.
# EXECUTION:: NOTE   : Simulation time : 145000 ps.  Data written: 0, in ADDR = 0
# EXECUTION:: Time: 145 ns,  Iteration: 1,  Instance: /testbench/uut/Mem_D,  Process: line__80.
# EXECUTION:: NOTE   : Simulation time : 160000 ps.  Data written: 4, in Reg = 1
# EXECUTION:: Time: 160 ns,  Iteration: 1,  Instance: /testbench/uut/INT_Register_bank,  Process: line__55.
# EXECUTION:: NOTE   : Simulation time : 170000 ps.  Data written: 8, in Reg = 2
# EXECUTION:: Time: 170 ns,  Iteration: 1,  Instance: /testbench/uut/INT_Register_bank,  Process: line__55.
# EXECUTION:: NOTE   : Simulation time : 180000 ps.  Data written: 12, in Reg = 3
# EXECUTION:: Time: 180 ns,  Iteration: 1,  Instance: /testbench/uut/INT_Register_bank,  Process: line__55.
# EXECUTION:: NOTE   : Simulation time : 200000 ps.  Data written: 4, in Reg = 5
# EXECUTION:: Time: 200 ns,  Iteration: 1,  Instance: /testbench/uut/INT_Register_bank,  Process: line__55.
# EXECUTION:: NOTE   : Simulation time : 220000 ps.  Data written: 16, in Reg = 1
# EXECUTION:: Time: 220 ns,  Iteration: 1,  Instance: /testbench/uut/INT_Register_bank,  Process: line__55.
# EXECUTION:: NOTE   : Simulation time : 230000 ps.  Data written: 8, in Reg = 6
# EXECUTION:: Time: 230 ns,  Iteration: 1,  Instance: /testbench/uut/INT_Register_bank,  Process: line__55.
# EXECUTION:: NOTE   : Simulation time : 245000 ps.  Data written: 4, in ADDR = 0
# EXECUTION:: Time: 245 ns,  Iteration: 1,  Instance: /testbench/uut/Mem_D,  Process: line__80.
# EXECUTION:: NOTE   : Simulation time : 260000 ps.  Data written: 4, in Reg = 1
# EXECUTION:: Time: 260 ns,  Iteration: 1,  Instance: /testbench/uut/INT_Register_bank,  Process: line__55.
# EXECUTION:: NOTE   : Simulation time : 270000 ps.  Data written: 8, in Reg = 2
# EXECUTION:: Time: 270 ns,  Iteration: 1,  Instance: /testbench/uut/INT_Register_bank,  Process: line__55.
# EXECUTION:: NOTE   : Simulation time : 280000 ps.  Data written: 12, in Reg = 3
# EXECUTION:: Time: 280 ns,  Iteration: 1,  Instance: /testbench/uut/INT_Register_bank,  Process: line__55.
# EXECUTION:: NOTE   : Simulation time : 300000 ps.  Data written: 4, in Reg = 5
# EXECUTION:: Time: 300 ns,  Iteration: 1,  Instance: /testbench/uut/INT_Register_bank,  Process: line__55.
# EXECUTION:: NOTE   : Simulation time : 320000 ps.  Data written: 16, in Reg = 1
# EXECUTION:: Time: 320 ns,  Iteration: 1,  Instance: /testbench/uut/INT_Register_bank,  Process: line__55.
# EXECUTION:: NOTE   : Simulation time : 330000 ps.  Data written: 12, in Reg = 6
# EXECUTION:: Time: 330 ns,  Iteration: 1,  Instance: /testbench/uut/INT_Register_bank,  Process: line__55.
# EXECUTION:: NOTE   : Simulation time : 345000 ps.  Data written: 8, in ADDR = 0
# EXECUTION:: Time: 345 ns,  Iteration: 1,  Instance: /testbench/uut/Mem_D,  Process: line__80.
# EXECUTION:: NOTE   : Simulation time : 360000 ps.  Data written: 4, in Reg = 1
# EXECUTION:: Time: 360 ns,  Iteration: 1,  Instance: /testbench/uut/INT_Register_bank,  Process: line__55.
# EXECUTION:: NOTE   : Simulation time : 370000 ps.  Data written: 8, in Reg = 2
# EXECUTION:: Time: 370 ns,  Iteration: 1,  Instance: /testbench/uut/INT_Register_bank,  Process: line__55.
# EXECUTION:: NOTE   : Simulation time : 380000 ps.  Data written: 12, in Reg = 3
# EXECUTION:: Time: 380 ns,  Iteration: 1,  Instance: /testbench/uut/INT_Register_bank,  Process: line__55.
# EXECUTION:: NOTE   : Simulation time : 400000 ps.  Data written: 4, in Reg = 5
# EXECUTION:: Time: 400 ns,  Iteration: 1,  Instance: /testbench/uut/INT_Register_bank,  Process: line__55.
# EXECUTION:: NOTE   : Simulation time : 420000 ps.  Data written: 16, in Reg = 1
# EXECUTION:: Time: 420 ns,  Iteration: 1,  Instance: /testbench/uut/INT_Register_bank,  Process: line__55.
# EXECUTION:: NOTE   : Simulation time : 430000 ps.  Data written: 16, in Reg = 6
# EXECUTION:: Time: 430 ns,  Iteration: 1,  Instance: /testbench/uut/INT_Register_bank,  Process: line__55.
# EXECUTION:: NOTE   : Simulation time : 445000 ps.  Data written: 12, in ADDR = 0
# EXECUTION:: Time: 445 ns,  Iteration: 1,  Instance: /testbench/uut/Mem_D,  Process: line__80.
# EXECUTION:: NOTE   : Simulation time : 460000 ps.  Data written: 4, in Reg = 1
# EXECUTION:: Time: 460 ns,  Iteration: 1,  Instance: /testbench/uut/INT_Register_bank,  Process: line__55.
# EXECUTION:: NOTE   : Simulation time : 470000 ps.  Data written: 8, in Reg = 2
# EXECUTION:: Time: 470 ns,  Iteration: 1,  Instance: /testbench/uut/INT_Register_bank,  Process: line__55.
# EXECUTION:: NOTE   : Simulation time : 480000 ps.  Data written: 12, in Reg = 3
# EXECUTION:: Time: 480 ns,  Iteration: 1,  Instance: /testbench/uut/INT_Register_bank,  Process: line__55.
# EXECUTION:: NOTE   : Simulation time : 500000 ps.  Data written: 4, in Reg = 5
# EXECUTION:: Time: 500 ns,  Iteration: 1,  Instance: /testbench/uut/INT_Register_bank,  Process: line__55.
# KERNEL: stopped at time: 500 ns
acom -O3 -e 100 -work practica3_design -2002  $dsn/src/mips_segmentado_practicas_completar_v2.vhd $dsn/src/bits_shifter.vhd $dsn/src/ram-816106.vhd $dsn/src/alu.vhd $dsn/src/uc_completar.vhd $dsn/src/counter.vhd $dsn/src/register.vhd $dsn/src/ram-i_ejemplo_sin_nops_planificar.vhd $dsn/src/ext_signo.vhd $dsn/src/adder32.vhd $dsn/src/testbench_mips.vhd $dsn/src/mux4_1.vhd $dsn/src/mux2_1.vhd $dsn/src/breg.vhd $dsn/src/mux2_5bits.vhd $dsn/src/banco_wb.vhd $dsn/src/banco_mem.vhd $dsn/src/banco_id.vhd $dsn/src/banco_ex.vhd
# Compile Entity "MIPs_segmentado"
# Compile Architecture "Behavioral" of Entity "MIPs_segmentado"
# Compile Entity "two_bits_shifter"
# Compile Architecture "Behavioral" of Entity "two_bits_shifter"
# Compile Entity "Data_Memory_Subsystem"
# Compile Architecture "Behavioral" of Entity "Data_Memory_Subsystem"
# Compile Entity "ALU"
# Compile Architecture "Behavioral" of Entity "ALU"
# Compile Entity "UC"
# Compile Architecture "Behavioral" of Entity "UC"
# Compile Entity "counter"
# Compile Architecture "Behavioral" of Entity "counter"
# Compile Entity "reg"
# Compile Architecture "behavioral" of Entity "REG"
# Compile Entity "memoriaRAM_I"
# Compile Architecture "Behavioral" of Entity "memoriaRAM_I"
# Compile Entity "Ext_signo"
# Compile Architecture "Behavioral" of Entity "Ext_signo"
# Compile Entity "adder32"
# Compile Architecture "Behavioral" of Entity "adder32"
# Compile Entity "testbench"
# Compile Architecture "behavior" of Entity "testbench"
# Compile Entity "mux4_1"
# Compile Architecture "Behavioral" of Entity "mux4_1"
# Compile Entity "mux2_1"
# Compile Architecture "Behavioral" of Entity "mux2_1"
# Compile Entity "BReg"
# Compile Architecture "Behavioral" of Entity "BReg"
# Compile Entity "mux2_5bits"
# Compile Architecture "Behavioral" of Entity "mux2_5bits"
# Compile Entity "Banco_WB"
# Compile Architecture "Behavioral" of Entity "Banco_WB"
# Compile Entity "Banco_MEM"
# Compile Architecture "Behavioral" of Entity "Banco_MEM"
# Compile Entity "Banco_ID"
# Compile Architecture "Behavioral" of Entity "Banco_ID"
# Compile Entity "Banco_EX"
# Compile Architecture "Behavioral" of Entity "Banco_EX"
# Compile success 0 Errors 0 Warnings  Analysis time :  1.0 [s]
endsim
# VSIM: Simulation has finished.
asim -O5 +access +r +m+testbench testbench behavior
# ELBREAD: Elaboration process.
# ELBREAD: Elaboration time 0.0 [s].
# VSIM: Stack memory: 32MB
# VSIM: Retval memory: 32MB
# 
# KERNEL: Main thread initiated.
# KERNEL: Kernel process initialization phase.
# ELAB2: Elaboration final pass...
# ELAB2: Create instances ...
# KERNEL: Time resolution set to 1ps.
# ELAB2: Create instances complete.
# SLP: Started
# SLP: Elaboration phase ...
# SLP: Elaboration phase ... skipped, nothing to simulate in SLP mode : 0.0 [s]
# SLP: Finished : 0.0 [s]
# ELAB2: Elaboration final pass complete - time: 0.0 [s].
# KERNEL: Warning: You are using the Active-HDL Student Edition. The performance of simulation is running at a reduced rate.
# KERNEL: Warning: Contact Aldec for available upgrade options - sales@aldec.com.
# KERNEL: Kernel process initialization done.
# Allocation: Simulator allocated 6669 kB (elbread=427 elab2=6099 kernel=142 sdf=0)
# KERNEL: ASDB file was created in location C:\My_Designs\practica3_active\practica3_design\src\wave.asdb
#  0:51, jueves, 27 de marzo de 2025
#  Simulation has been initialized
# Waveform file 'untitled.awc' connected to 'C:/My_Designs/practica3_active/practica3_design/src/wave.asdb'.
run @500ns
# KERNEL: WARNING: There is an 'U'|'X'|'W'|'Z'|'-' in an arithmetic operand, the result will be 'X'(es).
# KERNEL: Time: 0 ps,  Iteration: 0,  Instance: /testbench/uut/adder_4,  Process: line__42.
# KERNEL: WARNING: CONV_INTEGER: There is an 'U'|'X'|'W'|'Z'|'-' in an arithmetic operand, and it has been converted to 0.
# KERNEL: Time: 0 ps,  Iteration: 0,  Instance: /testbench/uut/Mem_I,  Process: line__83.
# KERNEL: WARNING: CONV_INTEGER: There is an 'U'|'X'|'W'|'Z'|'-' in an arithmetic operand, and it has been converted to 0.
# KERNEL: Time: 0 ps,  Iteration: 0,  Instance: /testbench/uut/INT_Register_bank,  Process: line__74.
# KERNEL: WARNING: CONV_INTEGER: There is an 'U'|'X'|'W'|'Z'|'-' in an arithmetic operand, and it has been converted to 0.
# KERNEL: Time: 0 ps,  Iteration: 0,  Instance: /testbench/uut/INT_Register_bank,  Process: line__76.
# KERNEL: WARNING: There is an 'U'|'X'|'W'|'Z'|'-' in an arithmetic operand, the result will be 'X'(es).
# KERNEL: Time: 0 ps,  Iteration: 0,  Instance: /testbench/uut/adder_dir,  Process: line__42.
# KERNEL: WARNING: There is an 'U'|'X'|'W'|'Z'|'-' in an arithmetic operand, the result will be 'X'(es).
# KERNEL: Time: 0 ps,  Iteration: 0,  Instance: /testbench/uut/ALU_MIPs,  Process: line__43.
# KERNEL: WARNING: There is an 'U'|'X'|'W'|'Z'|'-' in an arithmetic operand, the result will be 'X'(es).
# KERNEL: Time: 0 ps,  Iteration: 0,  Instance: /testbench/uut/ALU_MIPs,  Process: line__43.
# KERNEL: WARNING: There is an 'U'|'X'|'W'|'Z'|'-' in an arithmetic operand, the result will be 'X'(es).
# KERNEL: Time: 0 ps,  Iteration: 0,  Instance: /testbench/uut/ALU_MIPs,  Process: line__43.
# KERNEL: WARNING: There is an 'U'|'X'|'W'|'Z'|'-' in an arithmetic operand, the result will be 'X'(es).
# KERNEL: Time: 0 ps,  Iteration: 0,  Instance: /testbench/uut/ALU_MIPs,  Process: line__43.
# KERNEL: WARNING: There is an 'U'|'X'|'W'|'Z'|'-' in an arithmetic operand, the result will be 'X'(es).
# KERNEL: Time: 0 ps,  Iteration: 1,  Instance: /testbench/uut/adder_dir,  Process: line__42.
# KERNEL: WARNING: CONV_INTEGER: There is an 'U'|'X'|'W'|'Z'|'-' in an arithmetic operand, and it has been converted to 0.
# KERNEL: Time: 0 ps,  Iteration: 2,  Instance: /testbench/uut/INT_Register_bank,  Process: line__74.
# KERNEL: WARNING: CONV_INTEGER: There is an 'U'|'X'|'W'|'Z'|'-' in an arithmetic operand, and it has been converted to 0.
# KERNEL: Time: 0 ps,  Iteration: 2,  Instance: /testbench/uut/INT_Register_bank,  Process: line__76.
# KERNEL: WARNING: There is an 'U'|'X'|'W'|'Z'|'-' in an arithmetic operand, the result will be 'X'(es).
# KERNEL: Time: 0 ps,  Iteration: 2,  Instance: /testbench/uut/adder_dir,  Process: line__42.
# KERNEL: WARNING: There is an 'U'|'X'|'W'|'Z'|'-' in an arithmetic operand, the result will be 'X'(es).
# KERNEL: Time: 5 ns,  Iteration: 2,  Instance: /testbench/uut/ALU_MIPs,  Process: line__43.
# KERNEL: WARNING: There is an 'U'|'X'|'W'|'Z'|'-' in an arithmetic operand, the result will be 'X'(es).
# KERNEL: Time: 5 ns,  Iteration: 2,  Instance: /testbench/uut/adder_dir,  Process: line__42.
# EXECUTION:: NOTE   : Simulation time : 60000 ps.  Data written: 4, in Reg = 1
# EXECUTION:: Time: 60 ns,  Iteration: 1,  Instance: /testbench/uut/INT_Register_bank,  Process: line__55.
# EXECUTION:: NOTE   : Simulation time : 70000 ps.  Data written: 8, in Reg = 2
# EXECUTION:: Time: 70 ns,  Iteration: 1,  Instance: /testbench/uut/INT_Register_bank,  Process: line__55.
# EXECUTION:: NOTE   : Simulation time : 80000 ps.  Data written: 12, in Reg = 3
# EXECUTION:: Time: 80 ns,  Iteration: 1,  Instance: /testbench/uut/INT_Register_bank,  Process: line__55.
# EXECUTION:: NOTE   : Simulation time : 90000 ps.  Data written: 0, in Reg = 4
# EXECUTION:: Time: 90 ns,  Iteration: 1,  Instance: /testbench/uut/INT_Register_bank,  Process: line__55.
# EXECUTION:: NOTE   : Simulation time : 100000 ps.  Data written: 4, in Reg = 5
# EXECUTION:: Time: 100 ns,  Iteration: 1,  Instance: /testbench/uut/INT_Register_bank,  Process: line__55.
# EXECUTION:: NOTE   : Simulation time : 120000 ps.  Data written: 16, in Reg = 1
# EXECUTION:: Time: 120 ns,  Iteration: 1,  Instance: /testbench/uut/INT_Register_bank,  Process: line__55.
# EXECUTION:: NOTE   : Simulation time : 130000 ps.  Data written: 4, in Reg = 6
# EXECUTION:: Time: 130 ns,  Iteration: 1,  Instance: /testbench/uut/INT_Register_bank,  Process: line__55.
# EXECUTION:: NOTE   : Simulation time : 145000 ps.  Data written: 0, in ADDR = 0
# EXECUTION:: Time: 145 ns,  Iteration: 1,  Instance: /testbench/uut/Mem_D,  Process: line__80.
# EXECUTION:: NOTE   : Simulation time : 160000 ps.  Data written: 4, in Reg = 1
# EXECUTION:: Time: 160 ns,  Iteration: 1,  Instance: /testbench/uut/INT_Register_bank,  Process: line__55.
# EXECUTION:: NOTE   : Simulation time : 170000 ps.  Data written: 8, in Reg = 2
# EXECUTION:: Time: 170 ns,  Iteration: 1,  Instance: /testbench/uut/INT_Register_bank,  Process: line__55.
# EXECUTION:: NOTE   : Simulation time : 180000 ps.  Data written: 12, in Reg = 3
# EXECUTION:: Time: 180 ns,  Iteration: 1,  Instance: /testbench/uut/INT_Register_bank,  Process: line__55.
# EXECUTION:: NOTE   : Simulation time : 190000 ps.  Data written: 0, in Reg = 4
# EXECUTION:: Time: 190 ns,  Iteration: 1,  Instance: /testbench/uut/INT_Register_bank,  Process: line__55.
# EXECUTION:: NOTE   : Simulation time : 200000 ps.  Data written: 4, in Reg = 5
# EXECUTION:: Time: 200 ns,  Iteration: 1,  Instance: /testbench/uut/INT_Register_bank,  Process: line__55.
# EXECUTION:: NOTE   : Simulation time : 220000 ps.  Data written: 16, in Reg = 1
# EXECUTION:: Time: 220 ns,  Iteration: 1,  Instance: /testbench/uut/INT_Register_bank,  Process: line__55.
# EXECUTION:: NOTE   : Simulation time : 230000 ps.  Data written: 8, in Reg = 6
# EXECUTION:: Time: 230 ns,  Iteration: 1,  Instance: /testbench/uut/INT_Register_bank,  Process: line__55.
# EXECUTION:: NOTE   : Simulation time : 245000 ps.  Data written: 4, in ADDR = 0
# EXECUTION:: Time: 245 ns,  Iteration: 1,  Instance: /testbench/uut/Mem_D,  Process: line__80.
# EXECUTION:: NOTE   : Simulation time : 260000 ps.  Data written: 4, in Reg = 1
# EXECUTION:: Time: 260 ns,  Iteration: 1,  Instance: /testbench/uut/INT_Register_bank,  Process: line__55.
# EXECUTION:: NOTE   : Simulation time : 270000 ps.  Data written: 8, in Reg = 2
# EXECUTION:: Time: 270 ns,  Iteration: 1,  Instance: /testbench/uut/INT_Register_bank,  Process: line__55.
# EXECUTION:: NOTE   : Simulation time : 280000 ps.  Data written: 12, in Reg = 3
# EXECUTION:: Time: 280 ns,  Iteration: 1,  Instance: /testbench/uut/INT_Register_bank,  Process: line__55.
# EXECUTION:: NOTE   : Simulation time : 290000 ps.  Data written: 0, in Reg = 4
# EXECUTION:: Time: 290 ns,  Iteration: 1,  Instance: /testbench/uut/INT_Register_bank,  Process: line__55.
# EXECUTION:: NOTE   : Simulation time : 300000 ps.  Data written: 4, in Reg = 5
# EXECUTION:: Time: 300 ns,  Iteration: 1,  Instance: /testbench/uut/INT_Register_bank,  Process: line__55.
# EXECUTION:: NOTE   : Simulation time : 320000 ps.  Data written: 16, in Reg = 1
# EXECUTION:: Time: 320 ns,  Iteration: 1,  Instance: /testbench/uut/INT_Register_bank,  Process: line__55.
# EXECUTION:: NOTE   : Simulation time : 330000 ps.  Data written: 12, in Reg = 6
# EXECUTION:: Time: 330 ns,  Iteration: 1,  Instance: /testbench/uut/INT_Register_bank,  Process: line__55.
# EXECUTION:: NOTE   : Simulation time : 345000 ps.  Data written: 8, in ADDR = 0
# EXECUTION:: Time: 345 ns,  Iteration: 1,  Instance: /testbench/uut/Mem_D,  Process: line__80.
# EXECUTION:: NOTE   : Simulation time : 360000 ps.  Data written: 4, in Reg = 1
# EXECUTION:: Time: 360 ns,  Iteration: 1,  Instance: /testbench/uut/INT_Register_bank,  Process: line__55.
# EXECUTION:: NOTE   : Simulation time : 370000 ps.  Data written: 8, in Reg = 2
# EXECUTION:: Time: 370 ns,  Iteration: 1,  Instance: /testbench/uut/INT_Register_bank,  Process: line__55.
# EXECUTION:: NOTE   : Simulation time : 380000 ps.  Data written: 12, in Reg = 3
# EXECUTION:: Time: 380 ns,  Iteration: 1,  Instance: /testbench/uut/INT_Register_bank,  Process: line__55.
# EXECUTION:: NOTE   : Simulation time : 390000 ps.  Data written: 0, in Reg = 4
# EXECUTION:: Time: 390 ns,  Iteration: 1,  Instance: /testbench/uut/INT_Register_bank,  Process: line__55.
# EXECUTION:: NOTE   : Simulation time : 400000 ps.  Data written: 4, in Reg = 5
# EXECUTION:: Time: 400 ns,  Iteration: 1,  Instance: /testbench/uut/INT_Register_bank,  Process: line__55.
# EXECUTION:: NOTE   : Simulation time : 420000 ps.  Data written: 16, in Reg = 1
# EXECUTION:: Time: 420 ns,  Iteration: 1,  Instance: /testbench/uut/INT_Register_bank,  Process: line__55.
# EXECUTION:: NOTE   : Simulation time : 430000 ps.  Data written: 16, in Reg = 6
# EXECUTION:: Time: 430 ns,  Iteration: 1,  Instance: /testbench/uut/INT_Register_bank,  Process: line__55.
# EXECUTION:: NOTE   : Simulation time : 445000 ps.  Data written: 12, in ADDR = 0
# EXECUTION:: Time: 445 ns,  Iteration: 1,  Instance: /testbench/uut/Mem_D,  Process: line__80.
# EXECUTION:: NOTE   : Simulation time : 460000 ps.  Data written: 4, in Reg = 1
# EXECUTION:: Time: 460 ns,  Iteration: 1,  Instance: /testbench/uut/INT_Register_bank,  Process: line__55.
# EXECUTION:: NOTE   : Simulation time : 470000 ps.  Data written: 8, in Reg = 2
# EXECUTION:: Time: 470 ns,  Iteration: 1,  Instance: /testbench/uut/INT_Register_bank,  Process: line__55.
# EXECUTION:: NOTE   : Simulation time : 480000 ps.  Data written: 12, in Reg = 3
# EXECUTION:: Time: 480 ns,  Iteration: 1,  Instance: /testbench/uut/INT_Register_bank,  Process: line__55.
# EXECUTION:: NOTE   : Simulation time : 490000 ps.  Data written: 0, in Reg = 4
# EXECUTION:: Time: 490 ns,  Iteration: 1,  Instance: /testbench/uut/INT_Register_bank,  Process: line__55.
# EXECUTION:: NOTE   : Simulation time : 500000 ps.  Data written: 4, in Reg = 5
# EXECUTION:: Time: 500 ns,  Iteration: 1,  Instance: /testbench/uut/INT_Register_bank,  Process: line__55.
# KERNEL: stopped at time: 500 ns
# VSIM: 1 object(s) traced.
endsim
# VSIM: Simulation has finished.
asim -O5 +access +r +m+testbench testbench behavior
# ELBREAD: Elaboration process.
# ELBREAD: Elaboration time 0.0 [s].
# VSIM: Stack memory: 32MB
# VSIM: Retval memory: 32MB
# 
# KERNEL: Main thread initiated.
# KERNEL: Kernel process initialization phase.
# ELAB2: Elaboration final pass...
# ELAB2: Create instances ...
# KERNEL: Time resolution set to 1ps.
# ELAB2: Create instances complete.
# SLP: Started
# SLP: Elaboration phase ...
# SLP: Elaboration phase ... skipped, nothing to simulate in SLP mode : 0.0 [s]
# SLP: Finished : 0.0 [s]
# ELAB2: Elaboration final pass complete - time: 0.0 [s].
# KERNEL: Warning: You are using the Active-HDL Student Edition. The performance of simulation is running at a reduced rate.
# KERNEL: Warning: Contact Aldec for available upgrade options - sales@aldec.com.
# KERNEL: Kernel process initialization done.
# Allocation: Simulator allocated 6669 kB (elbread=427 elab2=6099 kernel=142 sdf=0)
# KERNEL: ASDB file was created in location C:\My_Designs\practica3_active\practica3_design\src\wave.asdb
#  0:53, jueves, 27 de marzo de 2025
#  Simulation has been initialized
# Waveform file 'untitled.awc' connected to 'C:/My_Designs/practica3_active/practica3_design/src/wave.asdb'.
run @500ns
# KERNEL: WARNING: There is an 'U'|'X'|'W'|'Z'|'-' in an arithmetic operand, the result will be 'X'(es).
# KERNEL: Time: 0 ps,  Iteration: 0,  Instance: /testbench/uut/adder_4,  Process: line__42.
# KERNEL: WARNING: CONV_INTEGER: There is an 'U'|'X'|'W'|'Z'|'-' in an arithmetic operand, and it has been converted to 0.
# KERNEL: Time: 0 ps,  Iteration: 0,  Instance: /testbench/uut/Mem_I,  Process: line__83.
# KERNEL: WARNING: CONV_INTEGER: There is an 'U'|'X'|'W'|'Z'|'-' in an arithmetic operand, and it has been converted to 0.
# KERNEL: Time: 0 ps,  Iteration: 0,  Instance: /testbench/uut/INT_Register_bank,  Process: line__74.
# KERNEL: WARNING: CONV_INTEGER: There is an 'U'|'X'|'W'|'Z'|'-' in an arithmetic operand, and it has been converted to 0.
# KERNEL: Time: 0 ps,  Iteration: 0,  Instance: /testbench/uut/INT_Register_bank,  Process: line__76.
# KERNEL: WARNING: There is an 'U'|'X'|'W'|'Z'|'-' in an arithmetic operand, the result will be 'X'(es).
# KERNEL: Time: 0 ps,  Iteration: 0,  Instance: /testbench/uut/adder_dir,  Process: line__42.
# KERNEL: WARNING: There is an 'U'|'X'|'W'|'Z'|'-' in an arithmetic operand, the result will be 'X'(es).
# KERNEL: Time: 0 ps,  Iteration: 0,  Instance: /testbench/uut/ALU_MIPs,  Process: line__43.
# KERNEL: WARNING: There is an 'U'|'X'|'W'|'Z'|'-' in an arithmetic operand, the result will be 'X'(es).
# KERNEL: Time: 0 ps,  Iteration: 0,  Instance: /testbench/uut/ALU_MIPs,  Process: line__43.
# KERNEL: WARNING: There is an 'U'|'X'|'W'|'Z'|'-' in an arithmetic operand, the result will be 'X'(es).
# KERNEL: Time: 0 ps,  Iteration: 0,  Instance: /testbench/uut/ALU_MIPs,  Process: line__43.
# KERNEL: WARNING: There is an 'U'|'X'|'W'|'Z'|'-' in an arithmetic operand, the result will be 'X'(es).
# KERNEL: Time: 0 ps,  Iteration: 0,  Instance: /testbench/uut/ALU_MIPs,  Process: line__43.
# KERNEL: WARNING: There is an 'U'|'X'|'W'|'Z'|'-' in an arithmetic operand, the result will be 'X'(es).
# KERNEL: Time: 0 ps,  Iteration: 1,  Instance: /testbench/uut/adder_dir,  Process: line__42.
# KERNEL: WARNING: CONV_INTEGER: There is an 'U'|'X'|'W'|'Z'|'-' in an arithmetic operand, and it has been converted to 0.
# KERNEL: Time: 0 ps,  Iteration: 2,  Instance: /testbench/uut/INT_Register_bank,  Process: line__74.
# KERNEL: WARNING: CONV_INTEGER: There is an 'U'|'X'|'W'|'Z'|'-' in an arithmetic operand, and it has been converted to 0.
# KERNEL: Time: 0 ps,  Iteration: 2,  Instance: /testbench/uut/INT_Register_bank,  Process: line__76.
# KERNEL: WARNING: There is an 'U'|'X'|'W'|'Z'|'-' in an arithmetic operand, the result will be 'X'(es).
# KERNEL: Time: 0 ps,  Iteration: 2,  Instance: /testbench/uut/adder_dir,  Process: line__42.
# KERNEL: WARNING: There is an 'U'|'X'|'W'|'Z'|'-' in an arithmetic operand, the result will be 'X'(es).
# KERNEL: Time: 5 ns,  Iteration: 2,  Instance: /testbench/uut/ALU_MIPs,  Process: line__43.
# KERNEL: WARNING: There is an 'U'|'X'|'W'|'Z'|'-' in an arithmetic operand, the result will be 'X'(es).
# KERNEL: Time: 5 ns,  Iteration: 2,  Instance: /testbench/uut/adder_dir,  Process: line__42.
# EXECUTION:: NOTE   : Simulation time : 60000 ps.  Data written: 4, in Reg = 1
# EXECUTION:: Time: 60 ns,  Iteration: 1,  Instance: /testbench/uut/INT_Register_bank,  Process: line__55.
# EXECUTION:: NOTE   : Simulation time : 70000 ps.  Data written: 8, in Reg = 2
# EXECUTION:: Time: 70 ns,  Iteration: 1,  Instance: /testbench/uut/INT_Register_bank,  Process: line__55.
# EXECUTION:: NOTE   : Simulation time : 80000 ps.  Data written: 12, in Reg = 3
# EXECUTION:: Time: 80 ns,  Iteration: 1,  Instance: /testbench/uut/INT_Register_bank,  Process: line__55.
# EXECUTION:: NOTE   : Simulation time : 90000 ps.  Data written: 0, in Reg = 4
# EXECUTION:: Time: 90 ns,  Iteration: 1,  Instance: /testbench/uut/INT_Register_bank,  Process: line__55.
# EXECUTION:: NOTE   : Simulation time : 100000 ps.  Data written: 4, in Reg = 5
# EXECUTION:: Time: 100 ns,  Iteration: 1,  Instance: /testbench/uut/INT_Register_bank,  Process: line__55.
# EXECUTION:: NOTE   : Simulation time : 120000 ps.  Data written: 16, in Reg = 1
# EXECUTION:: Time: 120 ns,  Iteration: 1,  Instance: /testbench/uut/INT_Register_bank,  Process: line__55.
# EXECUTION:: NOTE   : Simulation time : 130000 ps.  Data written: 4, in Reg = 6
# EXECUTION:: Time: 130 ns,  Iteration: 1,  Instance: /testbench/uut/INT_Register_bank,  Process: line__55.
# EXECUTION:: NOTE   : Simulation time : 145000 ps.  Data written: 0, in ADDR = 0
# EXECUTION:: Time: 145 ns,  Iteration: 1,  Instance: /testbench/uut/Mem_D,  Process: line__80.
# EXECUTION:: NOTE   : Simulation time : 160000 ps.  Data written: 4, in Reg = 1
# EXECUTION:: Time: 160 ns,  Iteration: 1,  Instance: /testbench/uut/INT_Register_bank,  Process: line__55.
# EXECUTION:: NOTE   : Simulation time : 170000 ps.  Data written: 8, in Reg = 2
# EXECUTION:: Time: 170 ns,  Iteration: 1,  Instance: /testbench/uut/INT_Register_bank,  Process: line__55.
# EXECUTION:: NOTE   : Simulation time : 180000 ps.  Data written: 12, in Reg = 3
# EXECUTION:: Time: 180 ns,  Iteration: 1,  Instance: /testbench/uut/INT_Register_bank,  Process: line__55.
# EXECUTION:: NOTE   : Simulation time : 190000 ps.  Data written: 0, in Reg = 4
# EXECUTION:: Time: 190 ns,  Iteration: 1,  Instance: /testbench/uut/INT_Register_bank,  Process: line__55.
# EXECUTION:: NOTE   : Simulation time : 200000 ps.  Data written: 4, in Reg = 5
# EXECUTION:: Time: 200 ns,  Iteration: 1,  Instance: /testbench/uut/INT_Register_bank,  Process: line__55.
# EXECUTION:: NOTE   : Simulation time : 220000 ps.  Data written: 16, in Reg = 1
# EXECUTION:: Time: 220 ns,  Iteration: 1,  Instance: /testbench/uut/INT_Register_bank,  Process: line__55.
# EXECUTION:: NOTE   : Simulation time : 230000 ps.  Data written: 8, in Reg = 6
# EXECUTION:: Time: 230 ns,  Iteration: 1,  Instance: /testbench/uut/INT_Register_bank,  Process: line__55.
# EXECUTION:: NOTE   : Simulation time : 245000 ps.  Data written: 4, in ADDR = 0
# EXECUTION:: Time: 245 ns,  Iteration: 1,  Instance: /testbench/uut/Mem_D,  Process: line__80.
# EXECUTION:: NOTE   : Simulation time : 260000 ps.  Data written: 4, in Reg = 1
# EXECUTION:: Time: 260 ns,  Iteration: 1,  Instance: /testbench/uut/INT_Register_bank,  Process: line__55.
# EXECUTION:: NOTE   : Simulation time : 270000 ps.  Data written: 8, in Reg = 2
# EXECUTION:: Time: 270 ns,  Iteration: 1,  Instance: /testbench/uut/INT_Register_bank,  Process: line__55.
# EXECUTION:: NOTE   : Simulation time : 280000 ps.  Data written: 12, in Reg = 3
# EXECUTION:: Time: 280 ns,  Iteration: 1,  Instance: /testbench/uut/INT_Register_bank,  Process: line__55.
# EXECUTION:: NOTE   : Simulation time : 290000 ps.  Data written: 0, in Reg = 4
# EXECUTION:: Time: 290 ns,  Iteration: 1,  Instance: /testbench/uut/INT_Register_bank,  Process: line__55.
# EXECUTION:: NOTE   : Simulation time : 300000 ps.  Data written: 4, in Reg = 5
# EXECUTION:: Time: 300 ns,  Iteration: 1,  Instance: /testbench/uut/INT_Register_bank,  Process: line__55.
# EXECUTION:: NOTE   : Simulation time : 320000 ps.  Data written: 16, in Reg = 1
# EXECUTION:: Time: 320 ns,  Iteration: 1,  Instance: /testbench/uut/INT_Register_bank,  Process: line__55.
# EXECUTION:: NOTE   : Simulation time : 330000 ps.  Data written: 12, in Reg = 6
# EXECUTION:: Time: 330 ns,  Iteration: 1,  Instance: /testbench/uut/INT_Register_bank,  Process: line__55.
# EXECUTION:: NOTE   : Simulation time : 345000 ps.  Data written: 8, in ADDR = 0
# EXECUTION:: Time: 345 ns,  Iteration: 1,  Instance: /testbench/uut/Mem_D,  Process: line__80.
# EXECUTION:: NOTE   : Simulation time : 360000 ps.  Data written: 4, in Reg = 1
# EXECUTION:: Time: 360 ns,  Iteration: 1,  Instance: /testbench/uut/INT_Register_bank,  Process: line__55.
# EXECUTION:: NOTE   : Simulation time : 370000 ps.  Data written: 8, in Reg = 2
# EXECUTION:: Time: 370 ns,  Iteration: 1,  Instance: /testbench/uut/INT_Register_bank,  Process: line__55.
# EXECUTION:: NOTE   : Simulation time : 380000 ps.  Data written: 12, in Reg = 3
# EXECUTION:: Time: 380 ns,  Iteration: 1,  Instance: /testbench/uut/INT_Register_bank,  Process: line__55.
# EXECUTION:: NOTE   : Simulation time : 390000 ps.  Data written: 0, in Reg = 4
# EXECUTION:: Time: 390 ns,  Iteration: 1,  Instance: /testbench/uut/INT_Register_bank,  Process: line__55.
# EXECUTION:: NOTE   : Simulation time : 400000 ps.  Data written: 4, in Reg = 5
# EXECUTION:: Time: 400 ns,  Iteration: 1,  Instance: /testbench/uut/INT_Register_bank,  Process: line__55.
# EXECUTION:: NOTE   : Simulation time : 420000 ps.  Data written: 16, in Reg = 1
# EXECUTION:: Time: 420 ns,  Iteration: 1,  Instance: /testbench/uut/INT_Register_bank,  Process: line__55.
# EXECUTION:: NOTE   : Simulation time : 430000 ps.  Data written: 16, in Reg = 6
# EXECUTION:: Time: 430 ns,  Iteration: 1,  Instance: /testbench/uut/INT_Register_bank,  Process: line__55.
# EXECUTION:: NOTE   : Simulation time : 445000 ps.  Data written: 12, in ADDR = 0
# EXECUTION:: Time: 445 ns,  Iteration: 1,  Instance: /testbench/uut/Mem_D,  Process: line__80.
# EXECUTION:: NOTE   : Simulation time : 460000 ps.  Data written: 4, in Reg = 1
# EXECUTION:: Time: 460 ns,  Iteration: 1,  Instance: /testbench/uut/INT_Register_bank,  Process: line__55.
# EXECUTION:: NOTE   : Simulation time : 470000 ps.  Data written: 8, in Reg = 2
# EXECUTION:: Time: 470 ns,  Iteration: 1,  Instance: /testbench/uut/INT_Register_bank,  Process: line__55.
# EXECUTION:: NOTE   : Simulation time : 480000 ps.  Data written: 12, in Reg = 3
# EXECUTION:: Time: 480 ns,  Iteration: 1,  Instance: /testbench/uut/INT_Register_bank,  Process: line__55.
# EXECUTION:: NOTE   : Simulation time : 490000 ps.  Data written: 0, in Reg = 4
# EXECUTION:: Time: 490 ns,  Iteration: 1,  Instance: /testbench/uut/INT_Register_bank,  Process: line__55.
# EXECUTION:: NOTE   : Simulation time : 500000 ps.  Data written: 4, in Reg = 5
# EXECUTION:: Time: 500 ns,  Iteration: 1,  Instance: /testbench/uut/INT_Register_bank,  Process: line__55.
# KERNEL: stopped at time: 500 ns
acom -O3 -e 100 -work practica3_design -2002  $dsn/src/mips_segmentado_practicas_completar_v2.vhd $dsn/src/bits_shifter.vhd $dsn/src/ram-816106.vhd $dsn/src/alu.vhd $dsn/src/uc_completar.vhd $dsn/src/counter.vhd $dsn/src/register.vhd $dsn/src/ram-i_ejemplo_sin_nops_planificar.vhd $dsn/src/ext_signo.vhd $dsn/src/adder32.vhd $dsn/src/testbench_mips.vhd $dsn/src/mux4_1.vhd $dsn/src/mux2_1.vhd $dsn/src/breg.vhd $dsn/src/mux2_5bits.vhd $dsn/src/banco_wb.vhd $dsn/src/banco_mem.vhd $dsn/src/banco_id.vhd $dsn/src/banco_ex.vhd
# Compile Entity "MIPs_segmentado"
# Compile Architecture "Behavioral" of Entity "MIPs_segmentado"
# Compile Entity "two_bits_shifter"
# Compile Architecture "Behavioral" of Entity "two_bits_shifter"
# Compile Entity "Data_Memory_Subsystem"
# Compile Architecture "Behavioral" of Entity "Data_Memory_Subsystem"
# Compile Entity "ALU"
# Compile Architecture "Behavioral" of Entity "ALU"
# Compile Entity "UC"
# Compile Architecture "Behavioral" of Entity "UC"
# Compile Entity "counter"
# Compile Architecture "Behavioral" of Entity "counter"
# Compile Entity "reg"
# Compile Architecture "behavioral" of Entity "REG"
# Compile Entity "memoriaRAM_I"
# Compile Architecture "Behavioral" of Entity "memoriaRAM_I"
# Compile Entity "Ext_signo"
# Compile Architecture "Behavioral" of Entity "Ext_signo"
# Compile Entity "adder32"
# Compile Architecture "Behavioral" of Entity "adder32"
# Compile Entity "testbench"
# Compile Architecture "behavior" of Entity "testbench"
# Compile Entity "mux4_1"
# Compile Architecture "Behavioral" of Entity "mux4_1"
# Compile Entity "mux2_1"
# Compile Architecture "Behavioral" of Entity "mux2_1"
# Compile Entity "BReg"
# Compile Architecture "Behavioral" of Entity "BReg"
# Compile Entity "mux2_5bits"
# Compile Architecture "Behavioral" of Entity "mux2_5bits"
# Compile Entity "Banco_WB"
# Compile Architecture "Behavioral" of Entity "Banco_WB"
# Compile Entity "Banco_MEM"
# Compile Architecture "Behavioral" of Entity "Banco_MEM"
# Compile Entity "Banco_ID"
# Compile Architecture "Behavioral" of Entity "Banco_ID"
# Compile Entity "Banco_EX"
# Compile Architecture "Behavioral" of Entity "Banco_EX"
# Compile success 0 Errors 0 Warnings  Analysis time :  1.0 [s]
endsim
# VSIM: Simulation has finished.
asim -O5 +access +r +m+testbench testbench behavior
# ELBREAD: Elaboration process.
# ELBREAD: Elaboration time 0.0 [s].
# VSIM: Stack memory: 32MB
# VSIM: Retval memory: 32MB
# 
# KERNEL: Main thread initiated.
# KERNEL: Kernel process initialization phase.
# ELAB2: Elaboration final pass...
# ELAB2: Create instances ...
# KERNEL: Time resolution set to 1ps.
# ELAB2: Create instances complete.
# SLP: Started
# SLP: Elaboration phase ...
# SLP: Elaboration phase ... skipped, nothing to simulate in SLP mode : 0.0 [s]
# SLP: Finished : 0.0 [s]
# ELAB2: Elaboration final pass complete - time: 0.0 [s].
# KERNEL: Warning: You are using the Active-HDL Student Edition. The performance of simulation is running at a reduced rate.
# KERNEL: Warning: Contact Aldec for available upgrade options - sales@aldec.com.
# KERNEL: Kernel process initialization done.
# Allocation: Simulator allocated 6669 kB (elbread=427 elab2=6099 kernel=142 sdf=0)
# KERNEL: ASDB file was created in location C:\My_Designs\practica3_active\practica3_design\src\wave.asdb
#  0:55, jueves, 27 de marzo de 2025
#  Simulation has been initialized
# Waveform file 'untitled.awc' connected to 'C:/My_Designs/practica3_active/practica3_design/src/wave.asdb'.
run @500ns
# KERNEL: WARNING: There is an 'U'|'X'|'W'|'Z'|'-' in an arithmetic operand, the result will be 'X'(es).
# KERNEL: Time: 0 ps,  Iteration: 0,  Instance: /testbench/uut/adder_4,  Process: line__42.
# KERNEL: WARNING: CONV_INTEGER: There is an 'U'|'X'|'W'|'Z'|'-' in an arithmetic operand, and it has been converted to 0.
# KERNEL: Time: 0 ps,  Iteration: 0,  Instance: /testbench/uut/Mem_I,  Process: line__83.
# KERNEL: WARNING: CONV_INTEGER: There is an 'U'|'X'|'W'|'Z'|'-' in an arithmetic operand, and it has been converted to 0.
# KERNEL: Time: 0 ps,  Iteration: 0,  Instance: /testbench/uut/INT_Register_bank,  Process: line__74.
# KERNEL: WARNING: CONV_INTEGER: There is an 'U'|'X'|'W'|'Z'|'-' in an arithmetic operand, and it has been converted to 0.
# KERNEL: Time: 0 ps,  Iteration: 0,  Instance: /testbench/uut/INT_Register_bank,  Process: line__76.
# KERNEL: WARNING: There is an 'U'|'X'|'W'|'Z'|'-' in an arithmetic operand, the result will be 'X'(es).
# KERNEL: Time: 0 ps,  Iteration: 0,  Instance: /testbench/uut/adder_dir,  Process: line__42.
# KERNEL: WARNING: There is an 'U'|'X'|'W'|'Z'|'-' in an arithmetic operand, the result will be 'X'(es).
# KERNEL: Time: 0 ps,  Iteration: 0,  Instance: /testbench/uut/ALU_MIPs,  Process: line__43.
# KERNEL: WARNING: There is an 'U'|'X'|'W'|'Z'|'-' in an arithmetic operand, the result will be 'X'(es).
# KERNEL: Time: 0 ps,  Iteration: 0,  Instance: /testbench/uut/ALU_MIPs,  Process: line__43.
# KERNEL: WARNING: There is an 'U'|'X'|'W'|'Z'|'-' in an arithmetic operand, the result will be 'X'(es).
# KERNEL: Time: 0 ps,  Iteration: 0,  Instance: /testbench/uut/ALU_MIPs,  Process: line__43.
# KERNEL: WARNING: There is an 'U'|'X'|'W'|'Z'|'-' in an arithmetic operand, the result will be 'X'(es).
# KERNEL: Time: 0 ps,  Iteration: 0,  Instance: /testbench/uut/ALU_MIPs,  Process: line__43.
# KERNEL: WARNING: There is an 'U'|'X'|'W'|'Z'|'-' in an arithmetic operand, the result will be 'X'(es).
# KERNEL: Time: 0 ps,  Iteration: 1,  Instance: /testbench/uut/adder_dir,  Process: line__42.
# KERNEL: WARNING: CONV_INTEGER: There is an 'U'|'X'|'W'|'Z'|'-' in an arithmetic operand, and it has been converted to 0.
# KERNEL: Time: 0 ps,  Iteration: 2,  Instance: /testbench/uut/INT_Register_bank,  Process: line__74.
# KERNEL: WARNING: CONV_INTEGER: There is an 'U'|'X'|'W'|'Z'|'-' in an arithmetic operand, and it has been converted to 0.
# KERNEL: Time: 0 ps,  Iteration: 2,  Instance: /testbench/uut/INT_Register_bank,  Process: line__76.
# KERNEL: WARNING: There is an 'U'|'X'|'W'|'Z'|'-' in an arithmetic operand, the result will be 'X'(es).
# KERNEL: Time: 0 ps,  Iteration: 2,  Instance: /testbench/uut/adder_dir,  Process: line__42.
# KERNEL: WARNING: There is an 'U'|'X'|'W'|'Z'|'-' in an arithmetic operand, the result will be 'X'(es).
# KERNEL: Time: 5 ns,  Iteration: 2,  Instance: /testbench/uut/ALU_MIPs,  Process: line__43.
# KERNEL: WARNING: There is an 'U'|'X'|'W'|'Z'|'-' in an arithmetic operand, the result will be 'X'(es).
# KERNEL: Time: 5 ns,  Iteration: 2,  Instance: /testbench/uut/adder_dir,  Process: line__42.
# EXECUTION:: NOTE   : Simulation time : 60000 ps.  Data written: 4, in Reg = 1
# EXECUTION:: Time: 60 ns,  Iteration: 1,  Instance: /testbench/uut/INT_Register_bank,  Process: line__55.
# EXECUTION:: NOTE   : Simulation time : 70000 ps.  Data written: 8, in Reg = 2
# EXECUTION:: Time: 70 ns,  Iteration: 1,  Instance: /testbench/uut/INT_Register_bank,  Process: line__55.
# EXECUTION:: NOTE   : Simulation time : 80000 ps.  Data written: 12, in Reg = 3
# EXECUTION:: Time: 80 ns,  Iteration: 1,  Instance: /testbench/uut/INT_Register_bank,  Process: line__55.
# EXECUTION:: NOTE   : Simulation time : 90000 ps.  Data written: 0, in Reg = 4
# EXECUTION:: Time: 90 ns,  Iteration: 1,  Instance: /testbench/uut/INT_Register_bank,  Process: line__55.
# EXECUTION:: NOTE   : Simulation time : 100000 ps.  Data written: 4, in Reg = 5
# EXECUTION:: Time: 100 ns,  Iteration: 1,  Instance: /testbench/uut/INT_Register_bank,  Process: line__55.
# EXECUTION:: NOTE   : Simulation time : 120000 ps.  Data written: 16, in Reg = 1
# EXECUTION:: Time: 120 ns,  Iteration: 1,  Instance: /testbench/uut/INT_Register_bank,  Process: line__55.
# EXECUTION:: NOTE   : Simulation time : 130000 ps.  Data written: 4, in Reg = 6
# EXECUTION:: Time: 130 ns,  Iteration: 1,  Instance: /testbench/uut/INT_Register_bank,  Process: line__55.
# EXECUTION:: NOTE   : Simulation time : 145000 ps.  Data written: 0, in ADDR = 0
# EXECUTION:: Time: 145 ns,  Iteration: 1,  Instance: /testbench/uut/Mem_D,  Process: line__80.
# EXECUTION:: NOTE   : Simulation time : 160000 ps.  Data written: 4, in Reg = 1
# EXECUTION:: Time: 160 ns,  Iteration: 1,  Instance: /testbench/uut/INT_Register_bank,  Process: line__55.
# EXECUTION:: NOTE   : Simulation time : 170000 ps.  Data written: 8, in Reg = 2
# EXECUTION:: Time: 170 ns,  Iteration: 1,  Instance: /testbench/uut/INT_Register_bank,  Process: line__55.
# EXECUTION:: NOTE   : Simulation time : 180000 ps.  Data written: 12, in Reg = 3
# EXECUTION:: Time: 180 ns,  Iteration: 1,  Instance: /testbench/uut/INT_Register_bank,  Process: line__55.
# EXECUTION:: NOTE   : Simulation time : 190000 ps.  Data written: 0, in Reg = 4
# EXECUTION:: Time: 190 ns,  Iteration: 1,  Instance: /testbench/uut/INT_Register_bank,  Process: line__55.
# EXECUTION:: NOTE   : Simulation time : 200000 ps.  Data written: 4, in Reg = 5
# EXECUTION:: Time: 200 ns,  Iteration: 1,  Instance: /testbench/uut/INT_Register_bank,  Process: line__55.
# EXECUTION:: NOTE   : Simulation time : 220000 ps.  Data written: 16, in Reg = 1
# EXECUTION:: Time: 220 ns,  Iteration: 1,  Instance: /testbench/uut/INT_Register_bank,  Process: line__55.
# EXECUTION:: NOTE   : Simulation time : 230000 ps.  Data written: 8, in Reg = 6
# EXECUTION:: Time: 230 ns,  Iteration: 1,  Instance: /testbench/uut/INT_Register_bank,  Process: line__55.
# EXECUTION:: NOTE   : Simulation time : 245000 ps.  Data written: 4, in ADDR = 0
# EXECUTION:: Time: 245 ns,  Iteration: 1,  Instance: /testbench/uut/Mem_D,  Process: line__80.
# EXECUTION:: NOTE   : Simulation time : 260000 ps.  Data written: 4, in Reg = 1
# EXECUTION:: Time: 260 ns,  Iteration: 1,  Instance: /testbench/uut/INT_Register_bank,  Process: line__55.
# EXECUTION:: NOTE   : Simulation time : 270000 ps.  Data written: 8, in Reg = 2
# EXECUTION:: Time: 270 ns,  Iteration: 1,  Instance: /testbench/uut/INT_Register_bank,  Process: line__55.
# EXECUTION:: NOTE   : Simulation time : 280000 ps.  Data written: 12, in Reg = 3
# EXECUTION:: Time: 280 ns,  Iteration: 1,  Instance: /testbench/uut/INT_Register_bank,  Process: line__55.
# EXECUTION:: NOTE   : Simulation time : 290000 ps.  Data written: 0, in Reg = 4
# EXECUTION:: Time: 290 ns,  Iteration: 1,  Instance: /testbench/uut/INT_Register_bank,  Process: line__55.
# EXECUTION:: NOTE   : Simulation time : 300000 ps.  Data written: 4, in Reg = 5
# EXECUTION:: Time: 300 ns,  Iteration: 1,  Instance: /testbench/uut/INT_Register_bank,  Process: line__55.
# EXECUTION:: NOTE   : Simulation time : 320000 ps.  Data written: 16, in Reg = 1
# EXECUTION:: Time: 320 ns,  Iteration: 1,  Instance: /testbench/uut/INT_Register_bank,  Process: line__55.
# EXECUTION:: NOTE   : Simulation time : 330000 ps.  Data written: 12, in Reg = 6
# EXECUTION:: Time: 330 ns,  Iteration: 1,  Instance: /testbench/uut/INT_Register_bank,  Process: line__55.
# EXECUTION:: NOTE   : Simulation time : 345000 ps.  Data written: 8, in ADDR = 0
# EXECUTION:: Time: 345 ns,  Iteration: 1,  Instance: /testbench/uut/Mem_D,  Process: line__80.
# EXECUTION:: NOTE   : Simulation time : 360000 ps.  Data written: 4, in Reg = 1
# EXECUTION:: Time: 360 ns,  Iteration: 1,  Instance: /testbench/uut/INT_Register_bank,  Process: line__55.
# EXECUTION:: NOTE   : Simulation time : 370000 ps.  Data written: 8, in Reg = 2
# EXECUTION:: Time: 370 ns,  Iteration: 1,  Instance: /testbench/uut/INT_Register_bank,  Process: line__55.
# EXECUTION:: NOTE   : Simulation time : 380000 ps.  Data written: 12, in Reg = 3
# EXECUTION:: Time: 380 ns,  Iteration: 1,  Instance: /testbench/uut/INT_Register_bank,  Process: line__55.
# EXECUTION:: NOTE   : Simulation time : 390000 ps.  Data written: 0, in Reg = 4
# EXECUTION:: Time: 390 ns,  Iteration: 1,  Instance: /testbench/uut/INT_Register_bank,  Process: line__55.
# EXECUTION:: NOTE   : Simulation time : 400000 ps.  Data written: 4, in Reg = 5
# EXECUTION:: Time: 400 ns,  Iteration: 1,  Instance: /testbench/uut/INT_Register_bank,  Process: line__55.
# EXECUTION:: NOTE   : Simulation time : 420000 ps.  Data written: 16, in Reg = 1
# EXECUTION:: Time: 420 ns,  Iteration: 1,  Instance: /testbench/uut/INT_Register_bank,  Process: line__55.
# EXECUTION:: NOTE   : Simulation time : 430000 ps.  Data written: 16, in Reg = 6
# EXECUTION:: Time: 430 ns,  Iteration: 1,  Instance: /testbench/uut/INT_Register_bank,  Process: line__55.
# EXECUTION:: NOTE   : Simulation time : 445000 ps.  Data written: 12, in ADDR = 0
# EXECUTION:: Time: 445 ns,  Iteration: 1,  Instance: /testbench/uut/Mem_D,  Process: line__80.
# EXECUTION:: NOTE   : Simulation time : 460000 ps.  Data written: 4, in Reg = 1
# EXECUTION:: Time: 460 ns,  Iteration: 1,  Instance: /testbench/uut/INT_Register_bank,  Process: line__55.
# EXECUTION:: NOTE   : Simulation time : 470000 ps.  Data written: 8, in Reg = 2
# EXECUTION:: Time: 470 ns,  Iteration: 1,  Instance: /testbench/uut/INT_Register_bank,  Process: line__55.
# EXECUTION:: NOTE   : Simulation time : 480000 ps.  Data written: 12, in Reg = 3
# EXECUTION:: Time: 480 ns,  Iteration: 1,  Instance: /testbench/uut/INT_Register_bank,  Process: line__55.
# EXECUTION:: NOTE   : Simulation time : 490000 ps.  Data written: 0, in Reg = 4
# EXECUTION:: Time: 490 ns,  Iteration: 1,  Instance: /testbench/uut/INT_Register_bank,  Process: line__55.
# EXECUTION:: NOTE   : Simulation time : 500000 ps.  Data written: 4, in Reg = 5
# EXECUTION:: Time: 500 ns,  Iteration: 1,  Instance: /testbench/uut/INT_Register_bank,  Process: line__55.
# KERNEL: stopped at time: 500 ns
# VSIM: 1 object(s) traced.
endsim
# VSIM: Simulation has finished.
asim -O5 +access +r +m+testbench testbench behavior
# ELBREAD: Elaboration process.
# ELBREAD: Elaboration time 0.0 [s].
# VSIM: Stack memory: 32MB
# VSIM: Retval memory: 32MB
# 
# KERNEL: Main thread initiated.
# KERNEL: Kernel process initialization phase.
# ELAB2: Elaboration final pass...
# ELAB2: Create instances ...
# KERNEL: Time resolution set to 1ps.
# ELAB2: Create instances complete.
# SLP: Started
# SLP: Elaboration phase ...
# SLP: Elaboration phase ... skipped, nothing to simulate in SLP mode : 0.0 [s]
# SLP: Finished : 0.0 [s]
# ELAB2: Elaboration final pass complete - time: 0.0 [s].
# KERNEL: Warning: You are using the Active-HDL Student Edition. The performance of simulation is running at a reduced rate.
# KERNEL: Warning: Contact Aldec for available upgrade options - sales@aldec.com.
# KERNEL: Kernel process initialization done.
# Allocation: Simulator allocated 6669 kB (elbread=427 elab2=6099 kernel=142 sdf=0)
# KERNEL: ASDB file was created in location C:\My_Designs\practica3_active\practica3_design\src\wave.asdb
#  0:58, jueves, 27 de marzo de 2025
#  Simulation has been initialized
# Waveform file 'untitled.awc' connected to 'C:/My_Designs/practica3_active/practica3_design/src/wave.asdb'.
run 500 ns
# KERNEL: WARNING: There is an 'U'|'X'|'W'|'Z'|'-' in an arithmetic operand, the result will be 'X'(es).
# KERNEL: Time: 0 ps,  Iteration: 0,  Instance: /testbench/uut/adder_4,  Process: line__42.
# KERNEL: WARNING: CONV_INTEGER: There is an 'U'|'X'|'W'|'Z'|'-' in an arithmetic operand, and it has been converted to 0.
# KERNEL: Time: 0 ps,  Iteration: 0,  Instance: /testbench/uut/Mem_I,  Process: line__83.
# KERNEL: WARNING: CONV_INTEGER: There is an 'U'|'X'|'W'|'Z'|'-' in an arithmetic operand, and it has been converted to 0.
# KERNEL: Time: 0 ps,  Iteration: 0,  Instance: /testbench/uut/INT_Register_bank,  Process: line__74.
# KERNEL: WARNING: CONV_INTEGER: There is an 'U'|'X'|'W'|'Z'|'-' in an arithmetic operand, and it has been converted to 0.
# KERNEL: Time: 0 ps,  Iteration: 0,  Instance: /testbench/uut/INT_Register_bank,  Process: line__76.
# KERNEL: WARNING: There is an 'U'|'X'|'W'|'Z'|'-' in an arithmetic operand, the result will be 'X'(es).
# KERNEL: Time: 0 ps,  Iteration: 0,  Instance: /testbench/uut/adder_dir,  Process: line__42.
# KERNEL: WARNING: There is an 'U'|'X'|'W'|'Z'|'-' in an arithmetic operand, the result will be 'X'(es).
# KERNEL: Time: 0 ps,  Iteration: 0,  Instance: /testbench/uut/ALU_MIPs,  Process: line__43.
# KERNEL: WARNING: There is an 'U'|'X'|'W'|'Z'|'-' in an arithmetic operand, the result will be 'X'(es).
# KERNEL: Time: 0 ps,  Iteration: 0,  Instance: /testbench/uut/ALU_MIPs,  Process: line__43.
# KERNEL: WARNING: There is an 'U'|'X'|'W'|'Z'|'-' in an arithmetic operand, the result will be 'X'(es).
# KERNEL: Time: 0 ps,  Iteration: 0,  Instance: /testbench/uut/ALU_MIPs,  Process: line__43.
# KERNEL: WARNING: There is an 'U'|'X'|'W'|'Z'|'-' in an arithmetic operand, the result will be 'X'(es).
# KERNEL: Time: 0 ps,  Iteration: 0,  Instance: /testbench/uut/ALU_MIPs,  Process: line__43.
# KERNEL: WARNING: There is an 'U'|'X'|'W'|'Z'|'-' in an arithmetic operand, the result will be 'X'(es).
# KERNEL: Time: 0 ps,  Iteration: 1,  Instance: /testbench/uut/adder_dir,  Process: line__42.
# KERNEL: WARNING: CONV_INTEGER: There is an 'U'|'X'|'W'|'Z'|'-' in an arithmetic operand, and it has been converted to 0.
# KERNEL: Time: 0 ps,  Iteration: 2,  Instance: /testbench/uut/INT_Register_bank,  Process: line__74.
# KERNEL: WARNING: CONV_INTEGER: There is an 'U'|'X'|'W'|'Z'|'-' in an arithmetic operand, and it has been converted to 0.
# KERNEL: Time: 0 ps,  Iteration: 2,  Instance: /testbench/uut/INT_Register_bank,  Process: line__76.
# KERNEL: WARNING: There is an 'U'|'X'|'W'|'Z'|'-' in an arithmetic operand, the result will be 'X'(es).
# KERNEL: Time: 0 ps,  Iteration: 2,  Instance: /testbench/uut/adder_dir,  Process: line__42.
# KERNEL: WARNING: There is an 'U'|'X'|'W'|'Z'|'-' in an arithmetic operand, the result will be 'X'(es).
# KERNEL: Time: 5 ns,  Iteration: 2,  Instance: /testbench/uut/ALU_MIPs,  Process: line__43.
# KERNEL: WARNING: There is an 'U'|'X'|'W'|'Z'|'-' in an arithmetic operand, the result will be 'X'(es).
# KERNEL: Time: 5 ns,  Iteration: 2,  Instance: /testbench/uut/adder_dir,  Process: line__42.
# EXECUTION:: NOTE   : Simulation time : 60000 ps.  Data written: 4, in Reg = 1
# EXECUTION:: Time: 60 ns,  Iteration: 1,  Instance: /testbench/uut/INT_Register_bank,  Process: line__55.
# EXECUTION:: NOTE   : Simulation time : 70000 ps.  Data written: 8, in Reg = 2
# EXECUTION:: Time: 70 ns,  Iteration: 1,  Instance: /testbench/uut/INT_Register_bank,  Process: line__55.
# EXECUTION:: NOTE   : Simulation time : 80000 ps.  Data written: 12, in Reg = 3
# EXECUTION:: Time: 80 ns,  Iteration: 1,  Instance: /testbench/uut/INT_Register_bank,  Process: line__55.
# EXECUTION:: NOTE   : Simulation time : 90000 ps.  Data written: 0, in Reg = 4
# EXECUTION:: Time: 90 ns,  Iteration: 1,  Instance: /testbench/uut/INT_Register_bank,  Process: line__55.
# EXECUTION:: NOTE   : Simulation time : 100000 ps.  Data written: 4, in Reg = 5
# EXECUTION:: Time: 100 ns,  Iteration: 1,  Instance: /testbench/uut/INT_Register_bank,  Process: line__55.
# EXECUTION:: NOTE   : Simulation time : 120000 ps.  Data written: 16, in Reg = 1
# EXECUTION:: Time: 120 ns,  Iteration: 1,  Instance: /testbench/uut/INT_Register_bank,  Process: line__55.
# EXECUTION:: NOTE   : Simulation time : 130000 ps.  Data written: 4, in Reg = 6
# EXECUTION:: Time: 130 ns,  Iteration: 1,  Instance: /testbench/uut/INT_Register_bank,  Process: line__55.
# EXECUTION:: NOTE   : Simulation time : 145000 ps.  Data written: 0, in ADDR = 0
# EXECUTION:: Time: 145 ns,  Iteration: 1,  Instance: /testbench/uut/Mem_D,  Process: line__80.
# EXECUTION:: NOTE   : Simulation time : 160000 ps.  Data written: 4, in Reg = 1
# EXECUTION:: Time: 160 ns,  Iteration: 1,  Instance: /testbench/uut/INT_Register_bank,  Process: line__55.
# EXECUTION:: NOTE   : Simulation time : 170000 ps.  Data written: 8, in Reg = 2
# EXECUTION:: Time: 170 ns,  Iteration: 1,  Instance: /testbench/uut/INT_Register_bank,  Process: line__55.
# EXECUTION:: NOTE   : Simulation time : 180000 ps.  Data written: 12, in Reg = 3
# EXECUTION:: Time: 180 ns,  Iteration: 1,  Instance: /testbench/uut/INT_Register_bank,  Process: line__55.
# EXECUTION:: NOTE   : Simulation time : 190000 ps.  Data written: 0, in Reg = 4
# EXECUTION:: Time: 190 ns,  Iteration: 1,  Instance: /testbench/uut/INT_Register_bank,  Process: line__55.
# EXECUTION:: NOTE   : Simulation time : 200000 ps.  Data written: 4, in Reg = 5
# EXECUTION:: Time: 200 ns,  Iteration: 1,  Instance: /testbench/uut/INT_Register_bank,  Process: line__55.
# EXECUTION:: NOTE   : Simulation time : 220000 ps.  Data written: 16, in Reg = 1
# EXECUTION:: Time: 220 ns,  Iteration: 1,  Instance: /testbench/uut/INT_Register_bank,  Process: line__55.
# EXECUTION:: NOTE   : Simulation time : 230000 ps.  Data written: 8, in Reg = 6
# EXECUTION:: Time: 230 ns,  Iteration: 1,  Instance: /testbench/uut/INT_Register_bank,  Process: line__55.
# EXECUTION:: NOTE   : Simulation time : 245000 ps.  Data written: 4, in ADDR = 0
# EXECUTION:: Time: 245 ns,  Iteration: 1,  Instance: /testbench/uut/Mem_D,  Process: line__80.
# EXECUTION:: NOTE   : Simulation time : 260000 ps.  Data written: 4, in Reg = 1
# EXECUTION:: Time: 260 ns,  Iteration: 1,  Instance: /testbench/uut/INT_Register_bank,  Process: line__55.
# EXECUTION:: NOTE   : Simulation time : 270000 ps.  Data written: 8, in Reg = 2
# EXECUTION:: Time: 270 ns,  Iteration: 1,  Instance: /testbench/uut/INT_Register_bank,  Process: line__55.
# EXECUTION:: NOTE   : Simulation time : 280000 ps.  Data written: 12, in Reg = 3
# EXECUTION:: Time: 280 ns,  Iteration: 1,  Instance: /testbench/uut/INT_Register_bank,  Process: line__55.
# EXECUTION:: NOTE   : Simulation time : 290000 ps.  Data written: 0, in Reg = 4
# EXECUTION:: Time: 290 ns,  Iteration: 1,  Instance: /testbench/uut/INT_Register_bank,  Process: line__55.
# EXECUTION:: NOTE   : Simulation time : 300000 ps.  Data written: 4, in Reg = 5
# EXECUTION:: Time: 300 ns,  Iteration: 1,  Instance: /testbench/uut/INT_Register_bank,  Process: line__55.
# EXECUTION:: NOTE   : Simulation time : 320000 ps.  Data written: 16, in Reg = 1
# EXECUTION:: Time: 320 ns,  Iteration: 1,  Instance: /testbench/uut/INT_Register_bank,  Process: line__55.
# EXECUTION:: NOTE   : Simulation time : 330000 ps.  Data written: 12, in Reg = 6
# EXECUTION:: Time: 330 ns,  Iteration: 1,  Instance: /testbench/uut/INT_Register_bank,  Process: line__55.
# EXECUTION:: NOTE   : Simulation time : 345000 ps.  Data written: 8, in ADDR = 0
# EXECUTION:: Time: 345 ns,  Iteration: 1,  Instance: /testbench/uut/Mem_D,  Process: line__80.
# EXECUTION:: NOTE   : Simulation time : 360000 ps.  Data written: 4, in Reg = 1
# EXECUTION:: Time: 360 ns,  Iteration: 1,  Instance: /testbench/uut/INT_Register_bank,  Process: line__55.
# EXECUTION:: NOTE   : Simulation time : 370000 ps.  Data written: 8, in Reg = 2
# EXECUTION:: Time: 370 ns,  Iteration: 1,  Instance: /testbench/uut/INT_Register_bank,  Process: line__55.
# EXECUTION:: NOTE   : Simulation time : 380000 ps.  Data written: 12, in Reg = 3
# EXECUTION:: Time: 380 ns,  Iteration: 1,  Instance: /testbench/uut/INT_Register_bank,  Process: line__55.
# EXECUTION:: NOTE   : Simulation time : 390000 ps.  Data written: 0, in Reg = 4
# EXECUTION:: Time: 390 ns,  Iteration: 1,  Instance: /testbench/uut/INT_Register_bank,  Process: line__55.
# EXECUTION:: NOTE   : Simulation time : 400000 ps.  Data written: 4, in Reg = 5
# EXECUTION:: Time: 400 ns,  Iteration: 1,  Instance: /testbench/uut/INT_Register_bank,  Process: line__55.
# EXECUTION:: NOTE   : Simulation time : 420000 ps.  Data written: 16, in Reg = 1
# EXECUTION:: Time: 420 ns,  Iteration: 1,  Instance: /testbench/uut/INT_Register_bank,  Process: line__55.
# EXECUTION:: NOTE   : Simulation time : 430000 ps.  Data written: 16, in Reg = 6
# EXECUTION:: Time: 430 ns,  Iteration: 1,  Instance: /testbench/uut/INT_Register_bank,  Process: line__55.
# EXECUTION:: NOTE   : Simulation time : 445000 ps.  Data written: 12, in ADDR = 0
# EXECUTION:: Time: 445 ns,  Iteration: 1,  Instance: /testbench/uut/Mem_D,  Process: line__80.
# EXECUTION:: NOTE   : Simulation time : 460000 ps.  Data written: 4, in Reg = 1
# EXECUTION:: Time: 460 ns,  Iteration: 1,  Instance: /testbench/uut/INT_Register_bank,  Process: line__55.
# EXECUTION:: NOTE   : Simulation time : 470000 ps.  Data written: 8, in Reg = 2
# EXECUTION:: Time: 470 ns,  Iteration: 1,  Instance: /testbench/uut/INT_Register_bank,  Process: line__55.
# EXECUTION:: NOTE   : Simulation time : 480000 ps.  Data written: 12, in Reg = 3
# EXECUTION:: Time: 480 ns,  Iteration: 1,  Instance: /testbench/uut/INT_Register_bank,  Process: line__55.
# EXECUTION:: NOTE   : Simulation time : 490000 ps.  Data written: 0, in Reg = 4
# EXECUTION:: Time: 490 ns,  Iteration: 1,  Instance: /testbench/uut/INT_Register_bank,  Process: line__55.
# EXECUTION:: NOTE   : Simulation time : 500000 ps.  Data written: 4, in Reg = 5
# EXECUTION:: Time: 500 ns,  Iteration: 1,  Instance: /testbench/uut/INT_Register_bank,  Process: line__55.
# KERNEL: stopped at time: 500 ns
endsim
# VSIM: Simulation has finished.
acom -O3 -e 100 -work practica3_design -2002  $dsn/src/ram-i_ejemplo_sin_nops_planificar.vhd
# Compile Entity "memoriaRAM_I"
# Compile Architecture "Behavioral" of Entity "memoriaRAM_I"
# Error: COMP96_0367: ram-i_ejemplo_sin_nops_planificar.vhd : (45, 29): Improper array length (28). Expected length is 32.
# Compile failure 1 Errors 0 Warnings  Analysis time :  16.0 [ms]
acom -O3 -e 100 -work practica3_design -2002  $dsn/src/ram-i_ejemplo_sin_nops_planificar.vhd
# Compile Entity "memoriaRAM_I"
# Compile Architecture "Behavioral" of Entity "memoriaRAM_I"
# Compile success 0 Errors 0 Warnings  Analysis time :  62.0 [ms]
asim -O5 +access +r +m+testbench testbench behavior
# ELBREAD: Elaboration process.
# ELBREAD: Elaboration time 0.0 [s].
# VSIM: Stack memory: 32MB
# VSIM: Retval memory: 32MB
# 
# KERNEL: Main thread initiated.
# KERNEL: Kernel process initialization phase.
# ELAB2: Elaboration final pass...
# ELAB2: Create instances ...
# KERNEL: Time resolution set to 1ps.
# ELAB2: Create instances complete.
# SLP: Started
# SLP: Elaboration phase ...
# SLP: Elaboration phase ... skipped, nothing to simulate in SLP mode : 0.0 [s]
# SLP: Finished : 0.0 [s]
# ELAB2: Elaboration final pass complete - time: 0.0 [s].
# KERNEL: Warning: You are using the Active-HDL Student Edition. The performance of simulation is running at a reduced rate.
# KERNEL: Warning: Contact Aldec for available upgrade options - sales@aldec.com.
# KERNEL: Kernel process initialization done.
# Allocation: Simulator allocated 6669 kB (elbread=427 elab2=6099 kernel=142 sdf=0)
# KERNEL: ASDB file was created in location C:\My_Designs\practica3_active\practica3_design\src\wave.asdb
#  1:03, jueves, 27 de marzo de 2025
#  Simulation has been initialized
# Waveform file 'untitled.awc' connected to 'C:/My_Designs/practica3_active/practica3_design/src/wave.asdb'.
run 500 ns
# KERNEL: WARNING: There is an 'U'|'X'|'W'|'Z'|'-' in an arithmetic operand, the result will be 'X'(es).
# KERNEL: Time: 0 ps,  Iteration: 0,  Instance: /testbench/uut/adder_4,  Process: line__42.
# KERNEL: WARNING: CONV_INTEGER: There is an 'U'|'X'|'W'|'Z'|'-' in an arithmetic operand, and it has been converted to 0.
# KERNEL: Time: 0 ps,  Iteration: 0,  Instance: /testbench/uut/Mem_I,  Process: line__93.
# KERNEL: WARNING: CONV_INTEGER: There is an 'U'|'X'|'W'|'Z'|'-' in an arithmetic operand, and it has been converted to 0.
# KERNEL: Time: 0 ps,  Iteration: 0,  Instance: /testbench/uut/INT_Register_bank,  Process: line__74.
# KERNEL: WARNING: CONV_INTEGER: There is an 'U'|'X'|'W'|'Z'|'-' in an arithmetic operand, and it has been converted to 0.
# KERNEL: Time: 0 ps,  Iteration: 0,  Instance: /testbench/uut/INT_Register_bank,  Process: line__76.
# KERNEL: WARNING: There is an 'U'|'X'|'W'|'Z'|'-' in an arithmetic operand, the result will be 'X'(es).
# KERNEL: Time: 0 ps,  Iteration: 0,  Instance: /testbench/uut/adder_dir,  Process: line__42.
# KERNEL: WARNING: There is an 'U'|'X'|'W'|'Z'|'-' in an arithmetic operand, the result will be 'X'(es).
# KERNEL: Time: 0 ps,  Iteration: 0,  Instance: /testbench/uut/ALU_MIPs,  Process: line__43.
# KERNEL: WARNING: There is an 'U'|'X'|'W'|'Z'|'-' in an arithmetic operand, the result will be 'X'(es).
# KERNEL: Time: 0 ps,  Iteration: 0,  Instance: /testbench/uut/ALU_MIPs,  Process: line__43.
# KERNEL: WARNING: There is an 'U'|'X'|'W'|'Z'|'-' in an arithmetic operand, the result will be 'X'(es).
# KERNEL: Time: 0 ps,  Iteration: 0,  Instance: /testbench/uut/ALU_MIPs,  Process: line__43.
# KERNEL: WARNING: There is an 'U'|'X'|'W'|'Z'|'-' in an arithmetic operand, the result will be 'X'(es).
# KERNEL: Time: 0 ps,  Iteration: 0,  Instance: /testbench/uut/ALU_MIPs,  Process: line__43.
# KERNEL: WARNING: There is an 'U'|'X'|'W'|'Z'|'-' in an arithmetic operand, the result will be 'X'(es).
# KERNEL: Time: 0 ps,  Iteration: 1,  Instance: /testbench/uut/adder_dir,  Process: line__42.
# KERNEL: WARNING: CONV_INTEGER: There is an 'U'|'X'|'W'|'Z'|'-' in an arithmetic operand, and it has been converted to 0.
# KERNEL: Time: 0 ps,  Iteration: 2,  Instance: /testbench/uut/INT_Register_bank,  Process: line__74.
# KERNEL: WARNING: CONV_INTEGER: There is an 'U'|'X'|'W'|'Z'|'-' in an arithmetic operand, and it has been converted to 0.
# KERNEL: Time: 0 ps,  Iteration: 2,  Instance: /testbench/uut/INT_Register_bank,  Process: line__76.
# KERNEL: WARNING: There is an 'U'|'X'|'W'|'Z'|'-' in an arithmetic operand, the result will be 'X'(es).
# KERNEL: Time: 0 ps,  Iteration: 2,  Instance: /testbench/uut/adder_dir,  Process: line__42.
# KERNEL: WARNING: There is an 'U'|'X'|'W'|'Z'|'-' in an arithmetic operand, the result will be 'X'(es).
# KERNEL: Time: 5 ns,  Iteration: 2,  Instance: /testbench/uut/ALU_MIPs,  Process: line__43.
# KERNEL: WARNING: There is an 'U'|'X'|'W'|'Z'|'-' in an arithmetic operand, the result will be 'X'(es).
# KERNEL: Time: 5 ns,  Iteration: 2,  Instance: /testbench/uut/adder_dir,  Process: line__42.
# EXECUTION:: NOTE   : Simulation time : 60000 ps.  Data written: 0, in Reg = 4
# EXECUTION:: Time: 60 ns,  Iteration: 1,  Instance: /testbench/uut/INT_Register_bank,  Process: line__55.
# KERNEL: stopped at time: 500 ns
# VSIM: 1 object(s) traced.
# VSIM: 1 object(s) traced.
# VSIM: 1 object(s) traced.
# VSIM: 1 object(s) traced.
endsim
# VSIM: Simulation has finished.
asim -O5 +access +r +m+testbench testbench behavior
# ELBREAD: Elaboration process.
# ELBREAD: Elaboration time 0.0 [s].
# VSIM: Stack memory: 32MB
# VSIM: Retval memory: 32MB
# 
# KERNEL: Main thread initiated.
# KERNEL: Kernel process initialization phase.
# ELAB2: Elaboration final pass...
# ELAB2: Create instances ...
# KERNEL: Time resolution set to 1ps.
# ELAB2: Create instances complete.
# SLP: Started
# SLP: Elaboration phase ...
# SLP: Elaboration phase ... skipped, nothing to simulate in SLP mode : 0.0 [s]
# SLP: Finished : 0.0 [s]
# ELAB2: Elaboration final pass complete - time: 0.0 [s].
# KERNEL: Warning: You are using the Active-HDL Student Edition. The performance of simulation is running at a reduced rate.
# KERNEL: Warning: Contact Aldec for available upgrade options - sales@aldec.com.
# KERNEL: Kernel process initialization done.
# Allocation: Simulator allocated 6669 kB (elbread=427 elab2=6099 kernel=142 sdf=0)
# KERNEL: ASDB file was created in location C:\My_Designs\practica3_active\practica3_design\src\wave.asdb
#  1:04, jueves, 27 de marzo de 2025
#  Simulation has been initialized
# Waveform file 'untitled.awc' connected to 'C:/My_Designs/practica3_active/practica3_design/src/wave.asdb'.
run 500 ns
# KERNEL: WARNING: There is an 'U'|'X'|'W'|'Z'|'-' in an arithmetic operand, the result will be 'X'(es).
# KERNEL: Time: 0 ps,  Iteration: 0,  Instance: /testbench/uut/adder_4,  Process: line__42.
# KERNEL: WARNING: CONV_INTEGER: There is an 'U'|'X'|'W'|'Z'|'-' in an arithmetic operand, and it has been converted to 0.
# KERNEL: Time: 0 ps,  Iteration: 0,  Instance: /testbench/uut/Mem_I,  Process: line__93.
# KERNEL: WARNING: CONV_INTEGER: There is an 'U'|'X'|'W'|'Z'|'-' in an arithmetic operand, and it has been converted to 0.
# KERNEL: Time: 0 ps,  Iteration: 0,  Instance: /testbench/uut/INT_Register_bank,  Process: line__74.
# KERNEL: WARNING: CONV_INTEGER: There is an 'U'|'X'|'W'|'Z'|'-' in an arithmetic operand, and it has been converted to 0.
# KERNEL: Time: 0 ps,  Iteration: 0,  Instance: /testbench/uut/INT_Register_bank,  Process: line__76.
# KERNEL: WARNING: There is an 'U'|'X'|'W'|'Z'|'-' in an arithmetic operand, the result will be 'X'(es).
# KERNEL: Time: 0 ps,  Iteration: 0,  Instance: /testbench/uut/adder_dir,  Process: line__42.
# KERNEL: WARNING: There is an 'U'|'X'|'W'|'Z'|'-' in an arithmetic operand, the result will be 'X'(es).
# KERNEL: Time: 0 ps,  Iteration: 0,  Instance: /testbench/uut/ALU_MIPs,  Process: line__43.
# KERNEL: WARNING: There is an 'U'|'X'|'W'|'Z'|'-' in an arithmetic operand, the result will be 'X'(es).
# KERNEL: Time: 0 ps,  Iteration: 0,  Instance: /testbench/uut/ALU_MIPs,  Process: line__43.
# KERNEL: WARNING: There is an 'U'|'X'|'W'|'Z'|'-' in an arithmetic operand, the result will be 'X'(es).
# KERNEL: Time: 0 ps,  Iteration: 0,  Instance: /testbench/uut/ALU_MIPs,  Process: line__43.
# KERNEL: WARNING: There is an 'U'|'X'|'W'|'Z'|'-' in an arithmetic operand, the result will be 'X'(es).
# KERNEL: Time: 0 ps,  Iteration: 0,  Instance: /testbench/uut/ALU_MIPs,  Process: line__43.
# KERNEL: WARNING: There is an 'U'|'X'|'W'|'Z'|'-' in an arithmetic operand, the result will be 'X'(es).
# KERNEL: Time: 0 ps,  Iteration: 1,  Instance: /testbench/uut/adder_dir,  Process: line__42.
# KERNEL: WARNING: CONV_INTEGER: There is an 'U'|'X'|'W'|'Z'|'-' in an arithmetic operand, and it has been converted to 0.
# KERNEL: Time: 0 ps,  Iteration: 2,  Instance: /testbench/uut/INT_Register_bank,  Process: line__74.
# KERNEL: WARNING: CONV_INTEGER: There is an 'U'|'X'|'W'|'Z'|'-' in an arithmetic operand, and it has been converted to 0.
# KERNEL: Time: 0 ps,  Iteration: 2,  Instance: /testbench/uut/INT_Register_bank,  Process: line__76.
# KERNEL: WARNING: There is an 'U'|'X'|'W'|'Z'|'-' in an arithmetic operand, the result will be 'X'(es).
# KERNEL: Time: 0 ps,  Iteration: 2,  Instance: /testbench/uut/adder_dir,  Process: line__42.
# KERNEL: WARNING: There is an 'U'|'X'|'W'|'Z'|'-' in an arithmetic operand, the result will be 'X'(es).
# KERNEL: Time: 5 ns,  Iteration: 2,  Instance: /testbench/uut/ALU_MIPs,  Process: line__43.
# KERNEL: WARNING: There is an 'U'|'X'|'W'|'Z'|'-' in an arithmetic operand, the result will be 'X'(es).
# KERNEL: Time: 5 ns,  Iteration: 2,  Instance: /testbench/uut/adder_dir,  Process: line__42.
# EXECUTION:: NOTE   : Simulation time : 60000 ps.  Data written: 0, in Reg = 4
# EXECUTION:: Time: 60 ns,  Iteration: 1,  Instance: /testbench/uut/INT_Register_bank,  Process: line__55.
# KERNEL: stopped at time: 500 ns
# KERNEL: Warning: KERNEL_0291 Object "/testbench/uut/INT_Register_bank/reg_file" has already been traced.
# KERNEL: Warning: KERNEL_0291 Object "/testbench/uut/INT_Register_bank/RA" has already been traced.
# KERNEL: Warning: KERNEL_0291 Object "/testbench/uut/INT_Register_bank/RB" has already been traced.
# KERNEL: Warning: KERNEL_0291 Object "/testbench/uut/INT_Register_bank/BusA" has already been traced.
# KERNEL: Warning: KERNEL_0291 Object "/testbench/uut/INT_Register_bank/BusB" has already been traced.
# VSIM: 5 object(s) traced.
endsim
# VSIM: Simulation has finished.
asim -O5 +access +r +m+testbench testbench behavior
# ELBREAD: Elaboration process.
# ELBREAD: Elaboration time 0.0 [s].
# VSIM: Stack memory: 32MB
# VSIM: Retval memory: 32MB
# 
# KERNEL: Main thread initiated.
# KERNEL: Kernel process initialization phase.
# ELAB2: Elaboration final pass...
# ELAB2: Create instances ...
# KERNEL: Time resolution set to 1ps.
# ELAB2: Create instances complete.
# SLP: Started
# SLP: Elaboration phase ...
# SLP: Elaboration phase ... skipped, nothing to simulate in SLP mode : 0.0 [s]
# SLP: Finished : 0.0 [s]
# ELAB2: Elaboration final pass complete - time: 0.0 [s].
# KERNEL: Warning: You are using the Active-HDL Student Edition. The performance of simulation is running at a reduced rate.
# KERNEL: Warning: Contact Aldec for available upgrade options - sales@aldec.com.
# KERNEL: Kernel process initialization done.
# Allocation: Simulator allocated 6669 kB (elbread=427 elab2=6099 kernel=142 sdf=0)
# KERNEL: ASDB file was created in location C:\My_Designs\practica3_active\practica3_design\src\wave.asdb
#  1:08, jueves, 27 de marzo de 2025
#  Simulation has been initialized
# Waveform file 'untitled.awc' connected to 'C:/My_Designs/practica3_active/practica3_design/src/wave.asdb'.
# KERNEL: Warning: KERNEL_0291 Object "/testbench/uut/INT_Register_bank/reg_file" has already been traced.
run 500 ns
# KERNEL: WARNING: There is an 'U'|'X'|'W'|'Z'|'-' in an arithmetic operand, the result will be 'X'(es).
# KERNEL: Time: 0 ps,  Iteration: 0,  Instance: /testbench/uut/adder_4,  Process: line__42.
# KERNEL: WARNING: CONV_INTEGER: There is an 'U'|'X'|'W'|'Z'|'-' in an arithmetic operand, and it has been converted to 0.
# KERNEL: Time: 0 ps,  Iteration: 0,  Instance: /testbench/uut/Mem_I,  Process: line__93.
# KERNEL: WARNING: CONV_INTEGER: There is an 'U'|'X'|'W'|'Z'|'-' in an arithmetic operand, and it has been converted to 0.
# KERNEL: Time: 0 ps,  Iteration: 0,  Instance: /testbench/uut/INT_Register_bank,  Process: line__74.
# KERNEL: WARNING: CONV_INTEGER: There is an 'U'|'X'|'W'|'Z'|'-' in an arithmetic operand, and it has been converted to 0.
# KERNEL: Time: 0 ps,  Iteration: 0,  Instance: /testbench/uut/INT_Register_bank,  Process: line__76.
# KERNEL: WARNING: There is an 'U'|'X'|'W'|'Z'|'-' in an arithmetic operand, the result will be 'X'(es).
# KERNEL: Time: 0 ps,  Iteration: 0,  Instance: /testbench/uut/adder_dir,  Process: line__42.
# KERNEL: WARNING: There is an 'U'|'X'|'W'|'Z'|'-' in an arithmetic operand, the result will be 'X'(es).
# KERNEL: Time: 0 ps,  Iteration: 0,  Instance: /testbench/uut/ALU_MIPs,  Process: line__43.
# KERNEL: WARNING: There is an 'U'|'X'|'W'|'Z'|'-' in an arithmetic operand, the result will be 'X'(es).
# KERNEL: Time: 0 ps,  Iteration: 0,  Instance: /testbench/uut/ALU_MIPs,  Process: line__43.
# KERNEL: WARNING: There is an 'U'|'X'|'W'|'Z'|'-' in an arithmetic operand, the result will be 'X'(es).
# KERNEL: Time: 0 ps,  Iteration: 0,  Instance: /testbench/uut/ALU_MIPs,  Process: line__43.
# KERNEL: WARNING: There is an 'U'|'X'|'W'|'Z'|'-' in an arithmetic operand, the result will be 'X'(es).
# KERNEL: Time: 0 ps,  Iteration: 0,  Instance: /testbench/uut/ALU_MIPs,  Process: line__43.
# KERNEL: WARNING: There is an 'U'|'X'|'W'|'Z'|'-' in an arithmetic operand, the result will be 'X'(es).
# KERNEL: Time: 0 ps,  Iteration: 1,  Instance: /testbench/uut/adder_dir,  Process: line__42.
# KERNEL: WARNING: CONV_INTEGER: There is an 'U'|'X'|'W'|'Z'|'-' in an arithmetic operand, and it has been converted to 0.
# KERNEL: Time: 0 ps,  Iteration: 2,  Instance: /testbench/uut/INT_Register_bank,  Process: line__74.
# KERNEL: WARNING: CONV_INTEGER: There is an 'U'|'X'|'W'|'Z'|'-' in an arithmetic operand, and it has been converted to 0.
# KERNEL: Time: 0 ps,  Iteration: 2,  Instance: /testbench/uut/INT_Register_bank,  Process: line__76.
# KERNEL: WARNING: There is an 'U'|'X'|'W'|'Z'|'-' in an arithmetic operand, the result will be 'X'(es).
# KERNEL: Time: 0 ps,  Iteration: 2,  Instance: /testbench/uut/adder_dir,  Process: line__42.
# KERNEL: WARNING: There is an 'U'|'X'|'W'|'Z'|'-' in an arithmetic operand, the result will be 'X'(es).
# KERNEL: Time: 5 ns,  Iteration: 2,  Instance: /testbench/uut/ALU_MIPs,  Process: line__43.
# KERNEL: WARNING: There is an 'U'|'X'|'W'|'Z'|'-' in an arithmetic operand, the result will be 'X'(es).
# KERNEL: Time: 5 ns,  Iteration: 2,  Instance: /testbench/uut/adder_dir,  Process: line__42.
# EXECUTION:: NOTE   : Simulation time : 60000 ps.  Data written: 0, in Reg = 4
# EXECUTION:: Time: 60 ns,  Iteration: 1,  Instance: /testbench/uut/INT_Register_bank,  Process: line__55.
# KERNEL: stopped at time: 500 ns
acom -O3 -e 100 -work practica3_design -2002  $dsn/src/mips_segmentado_practicas_completar_v2.vhd
# Compile Entity "MIPs_segmentado"
# Compile Architecture "Behavioral" of Entity "MIPs_segmentado"
# Compile success 0 Errors 0 Warnings  Analysis time :  78.0 [ms]
endsim
# VSIM: Simulation has finished.
asim -O5 +access +r +m+testbench testbench behavior
# ELBREAD: Elaboration process.
# ELBREAD: Elaboration time 0.0 [s].
# VSIM: Stack memory: 32MB
# VSIM: Retval memory: 32MB
# 
# KERNEL: Main thread initiated.
# KERNEL: Kernel process initialization phase.
# ELAB2: Elaboration final pass...
# ELAB2: Create instances ...
# KERNEL: Time resolution set to 1ps.
# ELAB2: Create instances complete.
# SLP: Started
# SLP: Elaboration phase ...
# SLP: Elaboration phase ... skipped, nothing to simulate in SLP mode : 0.0 [s]
# SLP: Finished : 0.0 [s]
# ELAB2: Elaboration final pass complete - time: 0.0 [s].
# KERNEL: Warning: You are using the Active-HDL Student Edition. The performance of simulation is running at a reduced rate.
# KERNEL: Warning: Contact Aldec for available upgrade options - sales@aldec.com.
# KERNEL: Kernel process initialization done.
# Allocation: Simulator allocated 6669 kB (elbread=427 elab2=6099 kernel=142 sdf=0)
# KERNEL: ASDB file was created in location C:\My_Designs\practica3_active\practica3_design\src\wave.asdb
#  1:12, jueves, 27 de marzo de 2025
#  Simulation has been initialized
# Waveform file 'untitled.awc' connected to 'C:/My_Designs/practica3_active/practica3_design/src/wave.asdb'.
# KERNEL: Warning: KERNEL_0291 Object "/testbench/uut/INT_Register_bank/reg_file" has already been traced.
run 500 ns
# KERNEL: WARNING: There is an 'U'|'X'|'W'|'Z'|'-' in an arithmetic operand, the result will be 'X'(es).
# KERNEL: Time: 0 ps,  Iteration: 0,  Instance: /testbench/uut/adder_4,  Process: line__42.
# KERNEL: WARNING: CONV_INTEGER: There is an 'U'|'X'|'W'|'Z'|'-' in an arithmetic operand, and it has been converted to 0.
# KERNEL: Time: 0 ps,  Iteration: 0,  Instance: /testbench/uut/Mem_I,  Process: line__93.
# KERNEL: WARNING: CONV_INTEGER: There is an 'U'|'X'|'W'|'Z'|'-' in an arithmetic operand, and it has been converted to 0.
# KERNEL: Time: 0 ps,  Iteration: 0,  Instance: /testbench/uut/INT_Register_bank,  Process: line__74.
# KERNEL: WARNING: CONV_INTEGER: There is an 'U'|'X'|'W'|'Z'|'-' in an arithmetic operand, and it has been converted to 0.
# KERNEL: Time: 0 ps,  Iteration: 0,  Instance: /testbench/uut/INT_Register_bank,  Process: line__76.
# KERNEL: WARNING: There is an 'U'|'X'|'W'|'Z'|'-' in an arithmetic operand, the result will be 'X'(es).
# KERNEL: Time: 0 ps,  Iteration: 0,  Instance: /testbench/uut/adder_dir,  Process: line__42.
# KERNEL: WARNING: There is an 'U'|'X'|'W'|'Z'|'-' in an arithmetic operand, the result will be 'X'(es).
# KERNEL: Time: 0 ps,  Iteration: 0,  Instance: /testbench/uut/ALU_MIPs,  Process: line__43.
# KERNEL: WARNING: There is an 'U'|'X'|'W'|'Z'|'-' in an arithmetic operand, the result will be 'X'(es).
# KERNEL: Time: 0 ps,  Iteration: 0,  Instance: /testbench/uut/ALU_MIPs,  Process: line__43.
# KERNEL: WARNING: There is an 'U'|'X'|'W'|'Z'|'-' in an arithmetic operand, the result will be 'X'(es).
# KERNEL: Time: 0 ps,  Iteration: 0,  Instance: /testbench/uut/ALU_MIPs,  Process: line__43.
# KERNEL: WARNING: There is an 'U'|'X'|'W'|'Z'|'-' in an arithmetic operand, the result will be 'X'(es).
# KERNEL: Time: 0 ps,  Iteration: 0,  Instance: /testbench/uut/ALU_MIPs,  Process: line__43.
# KERNEL: WARNING: There is an 'U'|'X'|'W'|'Z'|'-' in an arithmetic operand, the result will be 'X'(es).
# KERNEL: Time: 0 ps,  Iteration: 1,  Instance: /testbench/uut/adder_dir,  Process: line__42.
# KERNEL: WARNING: CONV_INTEGER: There is an 'U'|'X'|'W'|'Z'|'-' in an arithmetic operand, and it has been converted to 0.
# KERNEL: Time: 0 ps,  Iteration: 2,  Instance: /testbench/uut/INT_Register_bank,  Process: line__74.
# KERNEL: WARNING: CONV_INTEGER: There is an 'U'|'X'|'W'|'Z'|'-' in an arithmetic operand, and it has been converted to 0.
# KERNEL: Time: 0 ps,  Iteration: 2,  Instance: /testbench/uut/INT_Register_bank,  Process: line__76.
# KERNEL: WARNING: There is an 'U'|'X'|'W'|'Z'|'-' in an arithmetic operand, the result will be 'X'(es).
# KERNEL: Time: 0 ps,  Iteration: 2,  Instance: /testbench/uut/adder_dir,  Process: line__42.
# KERNEL: WARNING: There is an 'U'|'X'|'W'|'Z'|'-' in an arithmetic operand, the result will be 'X'(es).
# KERNEL: Time: 5 ns,  Iteration: 2,  Instance: /testbench/uut/ALU_MIPs,  Process: line__43.
# KERNEL: WARNING: There is an 'U'|'X'|'W'|'Z'|'-' in an arithmetic operand, the result will be 'X'(es).
# KERNEL: Time: 5 ns,  Iteration: 2,  Instance: /testbench/uut/adder_dir,  Process: line__42.
# EXECUTION:: NOTE   : Simulation time : 60000 ps.  Data written: 4, in Reg = 4
# EXECUTION:: Time: 60 ns,  Iteration: 1,  Instance: /testbench/uut/INT_Register_bank,  Process: line__55.
# KERNEL: stopped at time: 500 ns
endsim
# VSIM: Simulation has finished.
acom -O3 -e 100 -work practica3_design -2002  $dsn/src/ram-i_ejemplo_sin_nops_planificar.vhd
# Compile Entity "memoriaRAM_I"
# Compile Architecture "Behavioral" of Entity "memoriaRAM_I"
# Compile success 0 Errors 0 Warnings  Analysis time :  62.0 [ms]
asim -O5 +access +r +m+testbench testbench behavior
# ELBREAD: Elaboration process.
# ELBREAD: Elaboration time 0.0 [s].
# VSIM: Stack memory: 32MB
# VSIM: Retval memory: 32MB
# 
# KERNEL: Main thread initiated.
# KERNEL: Kernel process initialization phase.
# ELAB2: Elaboration final pass...
# ELAB2: Create instances ...
# KERNEL: Time resolution set to 1ps.
# ELAB2: Create instances complete.
# SLP: Started
# SLP: Elaboration phase ...
# SLP: Elaboration phase ... skipped, nothing to simulate in SLP mode : 0.0 [s]
# SLP: Finished : 0.0 [s]
# ELAB2: Elaboration final pass complete - time: 0.0 [s].
# KERNEL: Warning: You are using the Active-HDL Student Edition. The performance of simulation is running at a reduced rate.
# KERNEL: Warning: Contact Aldec for available upgrade options - sales@aldec.com.
# KERNEL: Kernel process initialization done.
# Allocation: Simulator allocated 6669 kB (elbread=427 elab2=6099 kernel=142 sdf=0)
# KERNEL: ASDB file was created in location C:\My_Designs\practica3_active\practica3_design\src\wave.asdb
#  1:13, jueves, 27 de marzo de 2025
#  Simulation has been initialized
# Waveform file 'untitled.awc' connected to 'C:/My_Designs/practica3_active/practica3_design/src/wave.asdb'.
# KERNEL: Warning: KERNEL_0291 Object "/testbench/uut/INT_Register_bank/reg_file" has already been traced.
run 500 ns
# KERNEL: WARNING: There is an 'U'|'X'|'W'|'Z'|'-' in an arithmetic operand, the result will be 'X'(es).
# KERNEL: Time: 0 ps,  Iteration: 0,  Instance: /testbench/uut/adder_4,  Process: line__42.
# KERNEL: WARNING: CONV_INTEGER: There is an 'U'|'X'|'W'|'Z'|'-' in an arithmetic operand, and it has been converted to 0.
# KERNEL: Time: 0 ps,  Iteration: 0,  Instance: /testbench/uut/Mem_I,  Process: line__83.
# KERNEL: WARNING: CONV_INTEGER: There is an 'U'|'X'|'W'|'Z'|'-' in an arithmetic operand, and it has been converted to 0.
# KERNEL: Time: 0 ps,  Iteration: 0,  Instance: /testbench/uut/INT_Register_bank,  Process: line__74.
# KERNEL: WARNING: CONV_INTEGER: There is an 'U'|'X'|'W'|'Z'|'-' in an arithmetic operand, and it has been converted to 0.
# KERNEL: Time: 0 ps,  Iteration: 0,  Instance: /testbench/uut/INT_Register_bank,  Process: line__76.
# KERNEL: WARNING: There is an 'U'|'X'|'W'|'Z'|'-' in an arithmetic operand, the result will be 'X'(es).
# KERNEL: Time: 0 ps,  Iteration: 0,  Instance: /testbench/uut/adder_dir,  Process: line__42.
# KERNEL: WARNING: There is an 'U'|'X'|'W'|'Z'|'-' in an arithmetic operand, the result will be 'X'(es).
# KERNEL: Time: 0 ps,  Iteration: 0,  Instance: /testbench/uut/ALU_MIPs,  Process: line__43.
# KERNEL: WARNING: There is an 'U'|'X'|'W'|'Z'|'-' in an arithmetic operand, the result will be 'X'(es).
# KERNEL: Time: 0 ps,  Iteration: 0,  Instance: /testbench/uut/ALU_MIPs,  Process: line__43.
# KERNEL: WARNING: There is an 'U'|'X'|'W'|'Z'|'-' in an arithmetic operand, the result will be 'X'(es).
# KERNEL: Time: 0 ps,  Iteration: 0,  Instance: /testbench/uut/ALU_MIPs,  Process: line__43.
# KERNEL: WARNING: There is an 'U'|'X'|'W'|'Z'|'-' in an arithmetic operand, the result will be 'X'(es).
# KERNEL: Time: 0 ps,  Iteration: 0,  Instance: /testbench/uut/ALU_MIPs,  Process: line__43.
# KERNEL: WARNING: There is an 'U'|'X'|'W'|'Z'|'-' in an arithmetic operand, the result will be 'X'(es).
# KERNEL: Time: 0 ps,  Iteration: 1,  Instance: /testbench/uut/adder_dir,  Process: line__42.
# KERNEL: WARNING: CONV_INTEGER: There is an 'U'|'X'|'W'|'Z'|'-' in an arithmetic operand, and it has been converted to 0.
# KERNEL: Time: 0 ps,  Iteration: 2,  Instance: /testbench/uut/INT_Register_bank,  Process: line__74.
# KERNEL: WARNING: CONV_INTEGER: There is an 'U'|'X'|'W'|'Z'|'-' in an arithmetic operand, and it has been converted to 0.
# KERNEL: Time: 0 ps,  Iteration: 2,  Instance: /testbench/uut/INT_Register_bank,  Process: line__76.
# KERNEL: WARNING: There is an 'U'|'X'|'W'|'Z'|'-' in an arithmetic operand, the result will be 'X'(es).
# KERNEL: Time: 0 ps,  Iteration: 2,  Instance: /testbench/uut/adder_dir,  Process: line__42.
# KERNEL: WARNING: There is an 'U'|'X'|'W'|'Z'|'-' in an arithmetic operand, the result will be 'X'(es).
# KERNEL: Time: 5 ns,  Iteration: 2,  Instance: /testbench/uut/ALU_MIPs,  Process: line__43.
# KERNEL: WARNING: There is an 'U'|'X'|'W'|'Z'|'-' in an arithmetic operand, the result will be 'X'(es).
# KERNEL: Time: 5 ns,  Iteration: 2,  Instance: /testbench/uut/adder_dir,  Process: line__42.
# EXECUTION:: NOTE   : Simulation time : 60000 ps.  Data written: 28, in Reg = 1
# EXECUTION:: Time: 60 ns,  Iteration: 1,  Instance: /testbench/uut/INT_Register_bank,  Process: line__55.
# EXECUTION:: NOTE   : Simulation time : 70000 ps.  Data written: 48, in Reg = 2
# EXECUTION:: Time: 70 ns,  Iteration: 1,  Instance: /testbench/uut/INT_Register_bank,  Process: line__55.
# EXECUTION:: NOTE   : Simulation time : 80000 ps.  Data written: 4, in Reg = 3
# EXECUTION:: Time: 80 ns,  Iteration: 1,  Instance: /testbench/uut/INT_Register_bank,  Process: line__55.
# EXECUTION:: NOTE   : Simulation time : 100000 ps.  Data written: 805696, in Reg = 5
# EXECUTION:: Time: 100 ns,  Iteration: 1,  Instance: /testbench/uut/INT_Register_bank,  Process: line__55.
# EXECUTION:: NOTE   : Simulation time : 120000 ps.  Data written: 32, in Reg = 1
# EXECUTION:: Time: 120 ns,  Iteration: 1,  Instance: /testbench/uut/INT_Register_bank,  Process: line__55.
# EXECUTION:: NOTE   : Simulation time : 130000 ps.  Data written: 805696, in Reg = 6
# EXECUTION:: Time: 130 ns,  Iteration: 1,  Instance: /testbench/uut/INT_Register_bank,  Process: line__55.
# EXECUTION:: NOTE   : Simulation time : 145000 ps.  Data written: 0, in ADDR = 0
# EXECUTION:: Time: 145 ns,  Iteration: 1,  Instance: /testbench/uut/Mem_D,  Process: line__80.
# EXECUTION:: NOTE   : Simulation time : 160000 ps.  Data written: 28, in Reg = 1
# EXECUTION:: Time: 160 ns,  Iteration: 1,  Instance: /testbench/uut/INT_Register_bank,  Process: line__55.
# EXECUTION:: NOTE   : Simulation time : 170000 ps.  Data written: 48, in Reg = 2
# EXECUTION:: Time: 170 ns,  Iteration: 1,  Instance: /testbench/uut/INT_Register_bank,  Process: line__55.
# EXECUTION:: NOTE   : Simulation time : 180000 ps.  Data written: 4, in Reg = 3
# EXECUTION:: Time: 180 ns,  Iteration: 1,  Instance: /testbench/uut/INT_Register_bank,  Process: line__55.
# EXECUTION:: NOTE   : Simulation time : 200000 ps.  Data written: 805696, in Reg = 5
# EXECUTION:: Time: 200 ns,  Iteration: 1,  Instance: /testbench/uut/INT_Register_bank,  Process: line__55.
# EXECUTION:: NOTE   : Simulation time : 220000 ps.  Data written: 32, in Reg = 1
# EXECUTION:: Time: 220 ns,  Iteration: 1,  Instance: /testbench/uut/INT_Register_bank,  Process: line__55.
# EXECUTION:: NOTE   : Simulation time : 230000 ps.  Data written: 1611392, in Reg = 6
# EXECUTION:: Time: 230 ns,  Iteration: 1,  Instance: /testbench/uut/INT_Register_bank,  Process: line__55.
# EXECUTION:: NOTE   : Simulation time : 245000 ps.  Data written: 805696, in ADDR = 0
# EXECUTION:: Time: 245 ns,  Iteration: 1,  Instance: /testbench/uut/Mem_D,  Process: line__80.
# EXECUTION:: NOTE   : Simulation time : 260000 ps.  Data written: 28, in Reg = 1
# EXECUTION:: Time: 260 ns,  Iteration: 1,  Instance: /testbench/uut/INT_Register_bank,  Process: line__55.
# EXECUTION:: NOTE   : Simulation time : 270000 ps.  Data written: 48, in Reg = 2
# EXECUTION:: Time: 270 ns,  Iteration: 1,  Instance: /testbench/uut/INT_Register_bank,  Process: line__55.
# EXECUTION:: NOTE   : Simulation time : 280000 ps.  Data written: 4, in Reg = 3
# EXECUTION:: Time: 280 ns,  Iteration: 1,  Instance: /testbench/uut/INT_Register_bank,  Process: line__55.
# EXECUTION:: NOTE   : Simulation time : 300000 ps.  Data written: 805696, in Reg = 5
# EXECUTION:: Time: 300 ns,  Iteration: 1,  Instance: /testbench/uut/INT_Register_bank,  Process: line__55.
# EXECUTION:: NOTE   : Simulation time : 320000 ps.  Data written: 32, in Reg = 1
# EXECUTION:: Time: 320 ns,  Iteration: 1,  Instance: /testbench/uut/INT_Register_bank,  Process: line__55.
# EXECUTION:: NOTE   : Simulation time : 330000 ps.  Data written: 2417088, in Reg = 6
# EXECUTION:: Time: 330 ns,  Iteration: 1,  Instance: /testbench/uut/INT_Register_bank,  Process: line__55.
# EXECUTION:: NOTE   : Simulation time : 345000 ps.  Data written: 1611392, in ADDR = 0
# EXECUTION:: Time: 345 ns,  Iteration: 1,  Instance: /testbench/uut/Mem_D,  Process: line__80.
# EXECUTION:: NOTE   : Simulation time : 360000 ps.  Data written: 28, in Reg = 1
# EXECUTION:: Time: 360 ns,  Iteration: 1,  Instance: /testbench/uut/INT_Register_bank,  Process: line__55.
# EXECUTION:: NOTE   : Simulation time : 370000 ps.  Data written: 48, in Reg = 2
# EXECUTION:: Time: 370 ns,  Iteration: 1,  Instance: /testbench/uut/INT_Register_bank,  Process: line__55.
# EXECUTION:: NOTE   : Simulation time : 380000 ps.  Data written: 4, in Reg = 3
# EXECUTION:: Time: 380 ns,  Iteration: 1,  Instance: /testbench/uut/INT_Register_bank,  Process: line__55.
# EXECUTION:: NOTE   : Simulation time : 400000 ps.  Data written: 805696, in Reg = 5
# EXECUTION:: Time: 400 ns,  Iteration: 1,  Instance: /testbench/uut/INT_Register_bank,  Process: line__55.
# EXECUTION:: NOTE   : Simulation time : 420000 ps.  Data written: 32, in Reg = 1
# EXECUTION:: Time: 420 ns,  Iteration: 1,  Instance: /testbench/uut/INT_Register_bank,  Process: line__55.
# EXECUTION:: NOTE   : Simulation time : 430000 ps.  Data written: 3222784, in Reg = 6
# EXECUTION:: Time: 430 ns,  Iteration: 1,  Instance: /testbench/uut/INT_Register_bank,  Process: line__55.
# EXECUTION:: NOTE   : Simulation time : 445000 ps.  Data written: 2417088, in ADDR = 0
# EXECUTION:: Time: 445 ns,  Iteration: 1,  Instance: /testbench/uut/Mem_D,  Process: line__80.
# EXECUTION:: NOTE   : Simulation time : 460000 ps.  Data written: 28, in Reg = 1
# EXECUTION:: Time: 460 ns,  Iteration: 1,  Instance: /testbench/uut/INT_Register_bank,  Process: line__55.
# EXECUTION:: NOTE   : Simulation time : 470000 ps.  Data written: 48, in Reg = 2
# EXECUTION:: Time: 470 ns,  Iteration: 1,  Instance: /testbench/uut/INT_Register_bank,  Process: line__55.
# EXECUTION:: NOTE   : Simulation time : 480000 ps.  Data written: 4, in Reg = 3
# EXECUTION:: Time: 480 ns,  Iteration: 1,  Instance: /testbench/uut/INT_Register_bank,  Process: line__55.
# EXECUTION:: NOTE   : Simulation time : 500000 ps.  Data written: 805696, in Reg = 5
# EXECUTION:: Time: 500 ns,  Iteration: 1,  Instance: /testbench/uut/INT_Register_bank,  Process: line__55.
# KERNEL: stopped at time: 500 ns
acom -O3 -e 100 -work practica3_design -2002  $dsn/src/ram-i_ejemplo_sin_nops_planificar.vhd
# Compile Entity "memoriaRAM_I"
# Compile Architecture "Behavioral" of Entity "memoriaRAM_I"
# Compile success 0 Errors 0 Warnings  Analysis time :  47.0 [ms]
endsim
# VSIM: Simulation has finished.
asim -O5 +access +r +m+testbench testbench behavior
# ELBREAD: Elaboration process.
# ELBREAD: Elaboration time 0.0 [s].
# VSIM: Stack memory: 32MB
# VSIM: Retval memory: 32MB
# 
# KERNEL: Main thread initiated.
# KERNEL: Kernel process initialization phase.
# ELAB2: Elaboration final pass...
# ELAB2: Create instances ...
# KERNEL: Time resolution set to 1ps.
# ELAB2: Create instances complete.
# SLP: Started
# SLP: Elaboration phase ...
# SLP: Elaboration phase ... skipped, nothing to simulate in SLP mode : 0.0 [s]
# SLP: Finished : 0.0 [s]
# ELAB2: Elaboration final pass complete - time: 0.0 [s].
# KERNEL: Warning: You are using the Active-HDL Student Edition. The performance of simulation is running at a reduced rate.
# KERNEL: Warning: Contact Aldec for available upgrade options - sales@aldec.com.
# KERNEL: Kernel process initialization done.
# Allocation: Simulator allocated 6669 kB (elbread=427 elab2=6099 kernel=142 sdf=0)
# KERNEL: ASDB file was created in location C:\My_Designs\practica3_active\practica3_design\src\wave.asdb
#  1:15, jueves, 27 de marzo de 2025
#  Simulation has been initialized
# Waveform file 'untitled.awc' connected to 'C:/My_Designs/practica3_active/practica3_design/src/wave.asdb'.
# KERNEL: Warning: KERNEL_0291 Object "/testbench/uut/INT_Register_bank/reg_file" has already been traced.
run 500 ns
# KERNEL: WARNING: There is an 'U'|'X'|'W'|'Z'|'-' in an arithmetic operand, the result will be 'X'(es).
# KERNEL: Time: 0 ps,  Iteration: 0,  Instance: /testbench/uut/adder_4,  Process: line__42.
# KERNEL: WARNING: CONV_INTEGER: There is an 'U'|'X'|'W'|'Z'|'-' in an arithmetic operand, and it has been converted to 0.
# KERNEL: Time: 0 ps,  Iteration: 0,  Instance: /testbench/uut/Mem_I,  Process: line__83.
# KERNEL: WARNING: CONV_INTEGER: There is an 'U'|'X'|'W'|'Z'|'-' in an arithmetic operand, and it has been converted to 0.
# KERNEL: Time: 0 ps,  Iteration: 0,  Instance: /testbench/uut/INT_Register_bank,  Process: line__74.
# KERNEL: WARNING: CONV_INTEGER: There is an 'U'|'X'|'W'|'Z'|'-' in an arithmetic operand, and it has been converted to 0.
# KERNEL: Time: 0 ps,  Iteration: 0,  Instance: /testbench/uut/INT_Register_bank,  Process: line__76.
# KERNEL: WARNING: There is an 'U'|'X'|'W'|'Z'|'-' in an arithmetic operand, the result will be 'X'(es).
# KERNEL: Time: 0 ps,  Iteration: 0,  Instance: /testbench/uut/adder_dir,  Process: line__42.
# KERNEL: WARNING: There is an 'U'|'X'|'W'|'Z'|'-' in an arithmetic operand, the result will be 'X'(es).
# KERNEL: Time: 0 ps,  Iteration: 0,  Instance: /testbench/uut/ALU_MIPs,  Process: line__43.
# KERNEL: WARNING: There is an 'U'|'X'|'W'|'Z'|'-' in an arithmetic operand, the result will be 'X'(es).
# KERNEL: Time: 0 ps,  Iteration: 0,  Instance: /testbench/uut/ALU_MIPs,  Process: line__43.
# KERNEL: WARNING: There is an 'U'|'X'|'W'|'Z'|'-' in an arithmetic operand, the result will be 'X'(es).
# KERNEL: Time: 0 ps,  Iteration: 0,  Instance: /testbench/uut/ALU_MIPs,  Process: line__43.
# KERNEL: WARNING: There is an 'U'|'X'|'W'|'Z'|'-' in an arithmetic operand, the result will be 'X'(es).
# KERNEL: Time: 0 ps,  Iteration: 0,  Instance: /testbench/uut/ALU_MIPs,  Process: line__43.
# KERNEL: WARNING: There is an 'U'|'X'|'W'|'Z'|'-' in an arithmetic operand, the result will be 'X'(es).
# KERNEL: Time: 0 ps,  Iteration: 1,  Instance: /testbench/uut/adder_dir,  Process: line__42.
# KERNEL: WARNING: CONV_INTEGER: There is an 'U'|'X'|'W'|'Z'|'-' in an arithmetic operand, and it has been converted to 0.
# KERNEL: Time: 0 ps,  Iteration: 2,  Instance: /testbench/uut/INT_Register_bank,  Process: line__74.
# KERNEL: WARNING: CONV_INTEGER: There is an 'U'|'X'|'W'|'Z'|'-' in an arithmetic operand, and it has been converted to 0.
# KERNEL: Time: 0 ps,  Iteration: 2,  Instance: /testbench/uut/INT_Register_bank,  Process: line__76.
# KERNEL: WARNING: There is an 'U'|'X'|'W'|'Z'|'-' in an arithmetic operand, the result will be 'X'(es).
# KERNEL: Time: 0 ps,  Iteration: 2,  Instance: /testbench/uut/adder_dir,  Process: line__42.
# KERNEL: WARNING: There is an 'U'|'X'|'W'|'Z'|'-' in an arithmetic operand, the result will be 'X'(es).
# KERNEL: Time: 5 ns,  Iteration: 2,  Instance: /testbench/uut/ALU_MIPs,  Process: line__43.
# KERNEL: WARNING: There is an 'U'|'X'|'W'|'Z'|'-' in an arithmetic operand, the result will be 'X'(es).
# KERNEL: Time: 5 ns,  Iteration: 2,  Instance: /testbench/uut/adder_dir,  Process: line__42.
# EXECUTION:: NOTE   : Simulation time : 60000 ps.  Data written: 28, in Reg = 1
# EXECUTION:: Time: 60 ns,  Iteration: 1,  Instance: /testbench/uut/INT_Register_bank,  Process: line__55.
# EXECUTION:: NOTE   : Simulation time : 70000 ps.  Data written: 48, in Reg = 2
# EXECUTION:: Time: 70 ns,  Iteration: 1,  Instance: /testbench/uut/INT_Register_bank,  Process: line__55.
# EXECUTION:: NOTE   : Simulation time : 80000 ps.  Data written: 4, in Reg = 3
# EXECUTION:: Time: 80 ns,  Iteration: 1,  Instance: /testbench/uut/INT_Register_bank,  Process: line__55.
# EXECUTION:: NOTE   : Simulation time : 90000 ps.  Data written: 16, in Reg = 4
# EXECUTION:: Time: 90 ns,  Iteration: 1,  Instance: /testbench/uut/INT_Register_bank,  Process: line__55.
# EXECUTION:: NOTE   : Simulation time : 100000 ps.  Data written: 805696, in Reg = 5
# EXECUTION:: Time: 100 ns,  Iteration: 1,  Instance: /testbench/uut/INT_Register_bank,  Process: line__55.
# EXECUTION:: NOTE   : Simulation time : 120000 ps.  Data written: 32, in Reg = 1
# EXECUTION:: Time: 120 ns,  Iteration: 1,  Instance: /testbench/uut/INT_Register_bank,  Process: line__55.
# EXECUTION:: NOTE   : Simulation time : 130000 ps.  Data written: 805696, in Reg = 6
# EXECUTION:: Time: 130 ns,  Iteration: 1,  Instance: /testbench/uut/INT_Register_bank,  Process: line__55.
# EXECUTION:: NOTE   : Simulation time : 145000 ps.  Data written: 0, in ADDR = 0
# EXECUTION:: Time: 145 ns,  Iteration: 1,  Instance: /testbench/uut/Mem_D,  Process: line__80.
# EXECUTION:: NOTE   : Simulation time : 160000 ps.  Data written: 100000, in Reg = 5
# EXECUTION:: Time: 160 ns,  Iteration: 1,  Instance: /testbench/uut/INT_Register_bank,  Process: line__55.
# EXECUTION:: NOTE   : Simulation time : 180000 ps.  Data written: 36, in Reg = 1
# EXECUTION:: Time: 180 ns,  Iteration: 1,  Instance: /testbench/uut/INT_Register_bank,  Process: line__55.
# EXECUTION:: NOTE   : Simulation time : 190000 ps.  Data written: 905696, in Reg = 6
# EXECUTION:: Time: 190 ns,  Iteration: 1,  Instance: /testbench/uut/INT_Register_bank,  Process: line__55.
# EXECUTION:: NOTE   : Simulation time : 205000 ps.  Data written: 805696, in ADDR = 0
# EXECUTION:: Time: 205 ns,  Iteration: 1,  Instance: /testbench/uut/Mem_D,  Process: line__80.
# EXECUTION:: NOTE   : Simulation time : 220000 ps.  Data written: 6000, in Reg = 5
# EXECUTION:: Time: 220 ns,  Iteration: 1,  Instance: /testbench/uut/INT_Register_bank,  Process: line__55.
# EXECUTION:: NOTE   : Simulation time : 240000 ps.  Data written: 40, in Reg = 1
# EXECUTION:: Time: 240 ns,  Iteration: 1,  Instance: /testbench/uut/INT_Register_bank,  Process: line__55.
# EXECUTION:: NOTE   : Simulation time : 250000 ps.  Data written: 911696, in Reg = 6
# EXECUTION:: Time: 250 ns,  Iteration: 1,  Instance: /testbench/uut/INT_Register_bank,  Process: line__55.
# EXECUTION:: NOTE   : Simulation time : 265000 ps.  Data written: 905696, in ADDR = 0
# EXECUTION:: Time: 265 ns,  Iteration: 1,  Instance: /testbench/uut/Mem_D,  Process: line__80.
# EXECUTION:: NOTE   : Simulation time : 280000 ps.  Data written: 100, in Reg = 5
# EXECUTION:: Time: 280 ns,  Iteration: 1,  Instance: /testbench/uut/INT_Register_bank,  Process: line__55.
# EXECUTION:: NOTE   : Simulation time : 300000 ps.  Data written: 44, in Reg = 1
# EXECUTION:: Time: 300 ns,  Iteration: 1,  Instance: /testbench/uut/INT_Register_bank,  Process: line__55.
# EXECUTION:: NOTE   : Simulation time : 310000 ps.  Data written: 911796, in Reg = 6
# EXECUTION:: Time: 310 ns,  Iteration: 1,  Instance: /testbench/uut/INT_Register_bank,  Process: line__55.
# EXECUTION:: NOTE   : Simulation time : 325000 ps.  Data written: 911696, in ADDR = 0
# EXECUTION:: Time: 325 ns,  Iteration: 1,  Instance: /testbench/uut/Mem_D,  Process: line__80.
# EXECUTION:: NOTE   : Simulation time : 340000 ps.  Data written: 0, in Reg = 5
# EXECUTION:: Time: 340 ns,  Iteration: 1,  Instance: /testbench/uut/INT_Register_bank,  Process: line__55.
# EXECUTION:: NOTE   : Simulation time : 360000 ps.  Data written: 48, in Reg = 1
# EXECUTION:: Time: 360 ns,  Iteration: 1,  Instance: /testbench/uut/INT_Register_bank,  Process: line__55.
# EXECUTION:: NOTE   : Simulation time : 370000 ps.  Data written: 911796, in Reg = 6
# EXECUTION:: Time: 370 ns,  Iteration: 1,  Instance: /testbench/uut/INT_Register_bank,  Process: line__55.
# EXECUTION:: NOTE   : Simulation time : 385000 ps.  Data written: 911796, in ADDR = 0
# EXECUTION:: Time: 385 ns,  Iteration: 1,  Instance: /testbench/uut/Mem_D,  Process: line__80.
# EXECUTION:: NOTE   : Simulation time : 400000 ps.  Data written: 6, in Reg = 5
# EXECUTION:: Time: 400 ns,  Iteration: 1,  Instance: /testbench/uut/INT_Register_bank,  Process: line__55.
# EXECUTION:: NOTE   : Simulation time : 420000 ps.  Data written: 52, in Reg = 1
# EXECUTION:: Time: 420 ns,  Iteration: 1,  Instance: /testbench/uut/INT_Register_bank,  Process: line__55.
# KERNEL: stopped at time: 500 ns
acom -O3 -e 100 -work practica3_design -2002  $dsn/src/ram-i_ejemplo_sin_nops_planificar.vhd
# Compile Entity "memoriaRAM_I"
# Compile Architecture "Behavioral" of Entity "memoriaRAM_I"
# Error: COMP96_0127: ram-i_ejemplo_sin_nops_planificar.vhd : (44, 25): Improper aggregate length. Expected length is 128.
# Compile failure 1 Errors 0 Warnings  Analysis time :  16.0 [ms]
endsim
# VSIM: Simulation has finished.
asim -O5 +access +r +m+testbench testbench behavior
# ELBREAD: Elaboration process.
# ELBREAD: Elaboration time 0.0 [s].
# VSIM: Stack memory: 32MB
# VSIM: Retval memory: 32MB
# 
# KERNEL: Main thread initiated.
# KERNEL: Kernel process initialization phase.
# ELAB2: Elaboration final pass...
# ELAB2: Create instances ...
# KERNEL: Time resolution set to 1ps.
# ELAB2: Create instances complete.
# SLP: Started
# SLP: Elaboration phase ...
# SLP: Elaboration phase ... skipped, nothing to simulate in SLP mode : 0.0 [s]
# SLP: Finished : 0.0 [s]
# ELAB2: Elaboration final pass complete - time: 0.0 [s].
# KERNEL: Warning: You are using the Active-HDL Student Edition. The performance of simulation is running at a reduced rate.
# KERNEL: Warning: Contact Aldec for available upgrade options - sales@aldec.com.
# KERNEL: Kernel process initialization done.
# Allocation: Simulator allocated 6669 kB (elbread=427 elab2=6099 kernel=142 sdf=0)
# KERNEL: ASDB file was created in location C:\My_Designs\practica3_active\practica3_design\src\wave.asdb
#  1:18, jueves, 27 de marzo de 2025
#  Simulation has been initialized
# Waveform file 'untitled.awc' connected to 'C:/My_Designs/practica3_active/practica3_design/src/wave.asdb'.
# KERNEL: Warning: KERNEL_0291 Object "/testbench/uut/INT_Register_bank/reg_file" has already been traced.
run 500 ns
# KERNEL: WARNING: There is an 'U'|'X'|'W'|'Z'|'-' in an arithmetic operand, the result will be 'X'(es).
# KERNEL: Time: 0 ps,  Iteration: 0,  Instance: /testbench/uut/adder_4,  Process: line__42.
# KERNEL: WARNING: CONV_INTEGER: There is an 'U'|'X'|'W'|'Z'|'-' in an arithmetic operand, and it has been converted to 0.
# KERNEL: Time: 0 ps,  Iteration: 0,  Instance: /testbench/uut/Mem_I,  Process: line__83.
# KERNEL: WARNING: CONV_INTEGER: There is an 'U'|'X'|'W'|'Z'|'-' in an arithmetic operand, and it has been converted to 0.
# KERNEL: Time: 0 ps,  Iteration: 0,  Instance: /testbench/uut/INT_Register_bank,  Process: line__74.
# KERNEL: WARNING: CONV_INTEGER: There is an 'U'|'X'|'W'|'Z'|'-' in an arithmetic operand, and it has been converted to 0.
# KERNEL: Time: 0 ps,  Iteration: 0,  Instance: /testbench/uut/INT_Register_bank,  Process: line__76.
# KERNEL: WARNING: There is an 'U'|'X'|'W'|'Z'|'-' in an arithmetic operand, the result will be 'X'(es).
# KERNEL: Time: 0 ps,  Iteration: 0,  Instance: /testbench/uut/adder_dir,  Process: line__42.
# KERNEL: WARNING: There is an 'U'|'X'|'W'|'Z'|'-' in an arithmetic operand, the result will be 'X'(es).
# KERNEL: Time: 0 ps,  Iteration: 0,  Instance: /testbench/uut/ALU_MIPs,  Process: line__43.
# KERNEL: WARNING: There is an 'U'|'X'|'W'|'Z'|'-' in an arithmetic operand, the result will be 'X'(es).
# KERNEL: Time: 0 ps,  Iteration: 0,  Instance: /testbench/uut/ALU_MIPs,  Process: line__43.
# KERNEL: WARNING: There is an 'U'|'X'|'W'|'Z'|'-' in an arithmetic operand, the result will be 'X'(es).
# KERNEL: Time: 0 ps,  Iteration: 0,  Instance: /testbench/uut/ALU_MIPs,  Process: line__43.
# KERNEL: WARNING: There is an 'U'|'X'|'W'|'Z'|'-' in an arithmetic operand, the result will be 'X'(es).
# KERNEL: Time: 0 ps,  Iteration: 0,  Instance: /testbench/uut/ALU_MIPs,  Process: line__43.
# KERNEL: WARNING: There is an 'U'|'X'|'W'|'Z'|'-' in an arithmetic operand, the result will be 'X'(es).
# KERNEL: Time: 0 ps,  Iteration: 1,  Instance: /testbench/uut/adder_dir,  Process: line__42.
# KERNEL: WARNING: CONV_INTEGER: There is an 'U'|'X'|'W'|'Z'|'-' in an arithmetic operand, and it has been converted to 0.
# KERNEL: Time: 0 ps,  Iteration: 2,  Instance: /testbench/uut/INT_Register_bank,  Process: line__74.
# KERNEL: WARNING: CONV_INTEGER: There is an 'U'|'X'|'W'|'Z'|'-' in an arithmetic operand, and it has been converted to 0.
# KERNEL: Time: 0 ps,  Iteration: 2,  Instance: /testbench/uut/INT_Register_bank,  Process: line__76.
# KERNEL: WARNING: There is an 'U'|'X'|'W'|'Z'|'-' in an arithmetic operand, the result will be 'X'(es).
# KERNEL: Time: 0 ps,  Iteration: 2,  Instance: /testbench/uut/adder_dir,  Process: line__42.
# KERNEL: WARNING: There is an 'U'|'X'|'W'|'Z'|'-' in an arithmetic operand, the result will be 'X'(es).
# KERNEL: Time: 5 ns,  Iteration: 2,  Instance: /testbench/uut/ALU_MIPs,  Process: line__43.
# KERNEL: WARNING: There is an 'U'|'X'|'W'|'Z'|'-' in an arithmetic operand, the result will be 'X'(es).
# KERNEL: Time: 5 ns,  Iteration: 2,  Instance: /testbench/uut/adder_dir,  Process: line__42.
# EXECUTION:: NOTE   : Simulation time : 60000 ps.  Data written: 28, in Reg = 1
# EXECUTION:: Time: 60 ns,  Iteration: 1,  Instance: /testbench/uut/INT_Register_bank,  Process: line__55.
# EXECUTION:: NOTE   : Simulation time : 70000 ps.  Data written: 48, in Reg = 2
# EXECUTION:: Time: 70 ns,  Iteration: 1,  Instance: /testbench/uut/INT_Register_bank,  Process: line__55.
# EXECUTION:: NOTE   : Simulation time : 80000 ps.  Data written: 4, in Reg = 3
# EXECUTION:: Time: 80 ns,  Iteration: 1,  Instance: /testbench/uut/INT_Register_bank,  Process: line__55.
# EXECUTION:: NOTE   : Simulation time : 90000 ps.  Data written: 16, in Reg = 4
# EXECUTION:: Time: 90 ns,  Iteration: 1,  Instance: /testbench/uut/INT_Register_bank,  Process: line__55.
# EXECUTION:: NOTE   : Simulation time : 100000 ps.  Data written: 805696, in Reg = 5
# EXECUTION:: Time: 100 ns,  Iteration: 1,  Instance: /testbench/uut/INT_Register_bank,  Process: line__55.
# EXECUTION:: NOTE   : Simulation time : 120000 ps.  Data written: 32, in Reg = 1
# EXECUTION:: Time: 120 ns,  Iteration: 1,  Instance: /testbench/uut/INT_Register_bank,  Process: line__55.
# EXECUTION:: NOTE   : Simulation time : 130000 ps.  Data written: 805696, in Reg = 6
# EXECUTION:: Time: 130 ns,  Iteration: 1,  Instance: /testbench/uut/INT_Register_bank,  Process: line__55.
# EXECUTION:: NOTE   : Simulation time : 145000 ps.  Data written: 0, in ADDR = 0
# EXECUTION:: Time: 145 ns,  Iteration: 1,  Instance: /testbench/uut/Mem_D,  Process: line__80.
# EXECUTION:: NOTE   : Simulation time : 160000 ps.  Data written: 100000, in Reg = 5
# EXECUTION:: Time: 160 ns,  Iteration: 1,  Instance: /testbench/uut/INT_Register_bank,  Process: line__55.
# EXECUTION:: NOTE   : Simulation time : 180000 ps.  Data written: 36, in Reg = 1
# EXECUTION:: Time: 180 ns,  Iteration: 1,  Instance: /testbench/uut/INT_Register_bank,  Process: line__55.
# EXECUTION:: NOTE   : Simulation time : 190000 ps.  Data written: 905696, in Reg = 6
# EXECUTION:: Time: 190 ns,  Iteration: 1,  Instance: /testbench/uut/INT_Register_bank,  Process: line__55.
# EXECUTION:: NOTE   : Simulation time : 205000 ps.  Data written: 805696, in ADDR = 0
# EXECUTION:: Time: 205 ns,  Iteration: 1,  Instance: /testbench/uut/Mem_D,  Process: line__80.
# EXECUTION:: NOTE   : Simulation time : 220000 ps.  Data written: 6000, in Reg = 5
# EXECUTION:: Time: 220 ns,  Iteration: 1,  Instance: /testbench/uut/INT_Register_bank,  Process: line__55.
# EXECUTION:: NOTE   : Simulation time : 240000 ps.  Data written: 40, in Reg = 1
# EXECUTION:: Time: 240 ns,  Iteration: 1,  Instance: /testbench/uut/INT_Register_bank,  Process: line__55.
# EXECUTION:: NOTE   : Simulation time : 250000 ps.  Data written: 911696, in Reg = 6
# EXECUTION:: Time: 250 ns,  Iteration: 1,  Instance: /testbench/uut/INT_Register_bank,  Process: line__55.
# EXECUTION:: NOTE   : Simulation time : 265000 ps.  Data written: 905696, in ADDR = 0
# EXECUTION:: Time: 265 ns,  Iteration: 1,  Instance: /testbench/uut/Mem_D,  Process: line__80.
# EXECUTION:: NOTE   : Simulation time : 280000 ps.  Data written: 100, in Reg = 5
# EXECUTION:: Time: 280 ns,  Iteration: 1,  Instance: /testbench/uut/INT_Register_bank,  Process: line__55.
# EXECUTION:: NOTE   : Simulation time : 300000 ps.  Data written: 44, in Reg = 1
# EXECUTION:: Time: 300 ns,  Iteration: 1,  Instance: /testbench/uut/INT_Register_bank,  Process: line__55.
# EXECUTION:: NOTE   : Simulation time : 310000 ps.  Data written: 911796, in Reg = 6
# EXECUTION:: Time: 310 ns,  Iteration: 1,  Instance: /testbench/uut/INT_Register_bank,  Process: line__55.
# EXECUTION:: NOTE   : Simulation time : 325000 ps.  Data written: 911696, in ADDR = 0
# EXECUTION:: Time: 325 ns,  Iteration: 1,  Instance: /testbench/uut/Mem_D,  Process: line__80.
# EXECUTION:: NOTE   : Simulation time : 340000 ps.  Data written: 0, in Reg = 5
# EXECUTION:: Time: 340 ns,  Iteration: 1,  Instance: /testbench/uut/INT_Register_bank,  Process: line__55.
# EXECUTION:: NOTE   : Simulation time : 360000 ps.  Data written: 48, in Reg = 1
# EXECUTION:: Time: 360 ns,  Iteration: 1,  Instance: /testbench/uut/INT_Register_bank,  Process: line__55.
# EXECUTION:: NOTE   : Simulation time : 370000 ps.  Data written: 911796, in Reg = 6
# EXECUTION:: Time: 370 ns,  Iteration: 1,  Instance: /testbench/uut/INT_Register_bank,  Process: line__55.
# EXECUTION:: NOTE   : Simulation time : 385000 ps.  Data written: 911796, in ADDR = 0
# EXECUTION:: Time: 385 ns,  Iteration: 1,  Instance: /testbench/uut/Mem_D,  Process: line__80.
# EXECUTION:: NOTE   : Simulation time : 400000 ps.  Data written: 6, in Reg = 5
# EXECUTION:: Time: 400 ns,  Iteration: 1,  Instance: /testbench/uut/INT_Register_bank,  Process: line__55.
# EXECUTION:: NOTE   : Simulation time : 420000 ps.  Data written: 52, in Reg = 1
# EXECUTION:: Time: 420 ns,  Iteration: 1,  Instance: /testbench/uut/INT_Register_bank,  Process: line__55.
# KERNEL: stopped at time: 500 ns
endsim
# VSIM: Simulation has finished.
asim -O5 +access +r +m+testbench testbench behavior
# ELBREAD: Elaboration process.
# ELBREAD: Elaboration time 0.0 [s].
# VSIM: Stack memory: 32MB
# VSIM: Retval memory: 32MB
# 
# KERNEL: Main thread initiated.
# KERNEL: Kernel process initialization phase.
# ELAB2: Elaboration final pass...
# ELAB2: Create instances ...
# KERNEL: Time resolution set to 1ps.
# ELAB2: Create instances complete.
# SLP: Started
# SLP: Elaboration phase ...
# SLP: Elaboration phase ... skipped, nothing to simulate in SLP mode : 0.0 [s]
# SLP: Finished : 0.0 [s]
# ELAB2: Elaboration final pass complete - time: 0.0 [s].
# KERNEL: Warning: You are using the Active-HDL Student Edition. The performance of simulation is running at a reduced rate.
# KERNEL: Warning: Contact Aldec for available upgrade options - sales@aldec.com.
# KERNEL: Kernel process initialization done.
# Allocation: Simulator allocated 6669 kB (elbread=427 elab2=6099 kernel=142 sdf=0)
# KERNEL: ASDB file was created in location C:\My_Designs\practica3_active\practica3_design\src\wave.asdb
#  1:18, jueves, 27 de marzo de 2025
#  Simulation has been initialized
# Waveform file 'untitled.awc' connected to 'C:/My_Designs/practica3_active/practica3_design/src/wave.asdb'.
# KERNEL: Warning: KERNEL_0291 Object "/testbench/uut/INT_Register_bank/reg_file" has already been traced.
run 500 ns
# KERNEL: WARNING: There is an 'U'|'X'|'W'|'Z'|'-' in an arithmetic operand, the result will be 'X'(es).
# KERNEL: Time: 0 ps,  Iteration: 0,  Instance: /testbench/uut/adder_4,  Process: line__42.
# KERNEL: WARNING: CONV_INTEGER: There is an 'U'|'X'|'W'|'Z'|'-' in an arithmetic operand, and it has been converted to 0.
# KERNEL: Time: 0 ps,  Iteration: 0,  Instance: /testbench/uut/Mem_I,  Process: line__83.
# KERNEL: WARNING: CONV_INTEGER: There is an 'U'|'X'|'W'|'Z'|'-' in an arithmetic operand, and it has been converted to 0.
# KERNEL: Time: 0 ps,  Iteration: 0,  Instance: /testbench/uut/INT_Register_bank,  Process: line__74.
# KERNEL: WARNING: CONV_INTEGER: There is an 'U'|'X'|'W'|'Z'|'-' in an arithmetic operand, and it has been converted to 0.
# KERNEL: Time: 0 ps,  Iteration: 0,  Instance: /testbench/uut/INT_Register_bank,  Process: line__76.
# KERNEL: WARNING: There is an 'U'|'X'|'W'|'Z'|'-' in an arithmetic operand, the result will be 'X'(es).
# KERNEL: Time: 0 ps,  Iteration: 0,  Instance: /testbench/uut/adder_dir,  Process: line__42.
# KERNEL: WARNING: There is an 'U'|'X'|'W'|'Z'|'-' in an arithmetic operand, the result will be 'X'(es).
# KERNEL: Time: 0 ps,  Iteration: 0,  Instance: /testbench/uut/ALU_MIPs,  Process: line__43.
# KERNEL: WARNING: There is an 'U'|'X'|'W'|'Z'|'-' in an arithmetic operand, the result will be 'X'(es).
# KERNEL: Time: 0 ps,  Iteration: 0,  Instance: /testbench/uut/ALU_MIPs,  Process: line__43.
# KERNEL: WARNING: There is an 'U'|'X'|'W'|'Z'|'-' in an arithmetic operand, the result will be 'X'(es).
# KERNEL: Time: 0 ps,  Iteration: 0,  Instance: /testbench/uut/ALU_MIPs,  Process: line__43.
# KERNEL: WARNING: There is an 'U'|'X'|'W'|'Z'|'-' in an arithmetic operand, the result will be 'X'(es).
# KERNEL: Time: 0 ps,  Iteration: 0,  Instance: /testbench/uut/ALU_MIPs,  Process: line__43.
# KERNEL: WARNING: There is an 'U'|'X'|'W'|'Z'|'-' in an arithmetic operand, the result will be 'X'(es).
# KERNEL: Time: 0 ps,  Iteration: 1,  Instance: /testbench/uut/adder_dir,  Process: line__42.
# KERNEL: WARNING: CONV_INTEGER: There is an 'U'|'X'|'W'|'Z'|'-' in an arithmetic operand, and it has been converted to 0.
# KERNEL: Time: 0 ps,  Iteration: 2,  Instance: /testbench/uut/INT_Register_bank,  Process: line__74.
# KERNEL: WARNING: CONV_INTEGER: There is an 'U'|'X'|'W'|'Z'|'-' in an arithmetic operand, and it has been converted to 0.
# KERNEL: Time: 0 ps,  Iteration: 2,  Instance: /testbench/uut/INT_Register_bank,  Process: line__76.
# KERNEL: WARNING: There is an 'U'|'X'|'W'|'Z'|'-' in an arithmetic operand, the result will be 'X'(es).
# KERNEL: Time: 0 ps,  Iteration: 2,  Instance: /testbench/uut/adder_dir,  Process: line__42.
# KERNEL: WARNING: There is an 'U'|'X'|'W'|'Z'|'-' in an arithmetic operand, the result will be 'X'(es).
# KERNEL: Time: 5 ns,  Iteration: 2,  Instance: /testbench/uut/ALU_MIPs,  Process: line__43.
# KERNEL: WARNING: There is an 'U'|'X'|'W'|'Z'|'-' in an arithmetic operand, the result will be 'X'(es).
# KERNEL: Time: 5 ns,  Iteration: 2,  Instance: /testbench/uut/adder_dir,  Process: line__42.
# EXECUTION:: NOTE   : Simulation time : 60000 ps.  Data written: 28, in Reg = 1
# EXECUTION:: Time: 60 ns,  Iteration: 1,  Instance: /testbench/uut/INT_Register_bank,  Process: line__55.
# EXECUTION:: NOTE   : Simulation time : 70000 ps.  Data written: 48, in Reg = 2
# EXECUTION:: Time: 70 ns,  Iteration: 1,  Instance: /testbench/uut/INT_Register_bank,  Process: line__55.
# EXECUTION:: NOTE   : Simulation time : 80000 ps.  Data written: 4, in Reg = 3
# EXECUTION:: Time: 80 ns,  Iteration: 1,  Instance: /testbench/uut/INT_Register_bank,  Process: line__55.
# EXECUTION:: NOTE   : Simulation time : 90000 ps.  Data written: 16, in Reg = 4
# EXECUTION:: Time: 90 ns,  Iteration: 1,  Instance: /testbench/uut/INT_Register_bank,  Process: line__55.
# EXECUTION:: NOTE   : Simulation time : 100000 ps.  Data written: 805696, in Reg = 5
# EXECUTION:: Time: 100 ns,  Iteration: 1,  Instance: /testbench/uut/INT_Register_bank,  Process: line__55.
# EXECUTION:: NOTE   : Simulation time : 120000 ps.  Data written: 32, in Reg = 1
# EXECUTION:: Time: 120 ns,  Iteration: 1,  Instance: /testbench/uut/INT_Register_bank,  Process: line__55.
# EXECUTION:: NOTE   : Simulation time : 130000 ps.  Data written: 805696, in Reg = 6
# EXECUTION:: Time: 130 ns,  Iteration: 1,  Instance: /testbench/uut/INT_Register_bank,  Process: line__55.
# EXECUTION:: NOTE   : Simulation time : 145000 ps.  Data written: 0, in ADDR = 0
# EXECUTION:: Time: 145 ns,  Iteration: 1,  Instance: /testbench/uut/Mem_D,  Process: line__80.
# EXECUTION:: NOTE   : Simulation time : 160000 ps.  Data written: 100000, in Reg = 5
# EXECUTION:: Time: 160 ns,  Iteration: 1,  Instance: /testbench/uut/INT_Register_bank,  Process: line__55.
# EXECUTION:: NOTE   : Simulation time : 180000 ps.  Data written: 36, in Reg = 1
# EXECUTION:: Time: 180 ns,  Iteration: 1,  Instance: /testbench/uut/INT_Register_bank,  Process: line__55.
# EXECUTION:: NOTE   : Simulation time : 190000 ps.  Data written: 905696, in Reg = 6
# EXECUTION:: Time: 190 ns,  Iteration: 1,  Instance: /testbench/uut/INT_Register_bank,  Process: line__55.
# EXECUTION:: NOTE   : Simulation time : 205000 ps.  Data written: 805696, in ADDR = 0
# EXECUTION:: Time: 205 ns,  Iteration: 1,  Instance: /testbench/uut/Mem_D,  Process: line__80.
# EXECUTION:: NOTE   : Simulation time : 220000 ps.  Data written: 6000, in Reg = 5
# EXECUTION:: Time: 220 ns,  Iteration: 1,  Instance: /testbench/uut/INT_Register_bank,  Process: line__55.
# EXECUTION:: NOTE   : Simulation time : 240000 ps.  Data written: 40, in Reg = 1
# EXECUTION:: Time: 240 ns,  Iteration: 1,  Instance: /testbench/uut/INT_Register_bank,  Process: line__55.
# EXECUTION:: NOTE   : Simulation time : 250000 ps.  Data written: 911696, in Reg = 6
# EXECUTION:: Time: 250 ns,  Iteration: 1,  Instance: /testbench/uut/INT_Register_bank,  Process: line__55.
# EXECUTION:: NOTE   : Simulation time : 265000 ps.  Data written: 905696, in ADDR = 0
# EXECUTION:: Time: 265 ns,  Iteration: 1,  Instance: /testbench/uut/Mem_D,  Process: line__80.
# EXECUTION:: NOTE   : Simulation time : 280000 ps.  Data written: 100, in Reg = 5
# EXECUTION:: Time: 280 ns,  Iteration: 1,  Instance: /testbench/uut/INT_Register_bank,  Process: line__55.
# EXECUTION:: NOTE   : Simulation time : 300000 ps.  Data written: 44, in Reg = 1
# EXECUTION:: Time: 300 ns,  Iteration: 1,  Instance: /testbench/uut/INT_Register_bank,  Process: line__55.
# EXECUTION:: NOTE   : Simulation time : 310000 ps.  Data written: 911796, in Reg = 6
# EXECUTION:: Time: 310 ns,  Iteration: 1,  Instance: /testbench/uut/INT_Register_bank,  Process: line__55.
# EXECUTION:: NOTE   : Simulation time : 325000 ps.  Data written: 911696, in ADDR = 0
# EXECUTION:: Time: 325 ns,  Iteration: 1,  Instance: /testbench/uut/Mem_D,  Process: line__80.
# EXECUTION:: NOTE   : Simulation time : 340000 ps.  Data written: 0, in Reg = 5
# EXECUTION:: Time: 340 ns,  Iteration: 1,  Instance: /testbench/uut/INT_Register_bank,  Process: line__55.
# EXECUTION:: NOTE   : Simulation time : 360000 ps.  Data written: 48, in Reg = 1
# EXECUTION:: Time: 360 ns,  Iteration: 1,  Instance: /testbench/uut/INT_Register_bank,  Process: line__55.
# EXECUTION:: NOTE   : Simulation time : 370000 ps.  Data written: 911796, in Reg = 6
# EXECUTION:: Time: 370 ns,  Iteration: 1,  Instance: /testbench/uut/INT_Register_bank,  Process: line__55.
# EXECUTION:: NOTE   : Simulation time : 385000 ps.  Data written: 911796, in ADDR = 0
# EXECUTION:: Time: 385 ns,  Iteration: 1,  Instance: /testbench/uut/Mem_D,  Process: line__80.
# EXECUTION:: NOTE   : Simulation time : 400000 ps.  Data written: 6, in Reg = 5
# EXECUTION:: Time: 400 ns,  Iteration: 1,  Instance: /testbench/uut/INT_Register_bank,  Process: line__55.
# EXECUTION:: NOTE   : Simulation time : 420000 ps.  Data written: 52, in Reg = 1
# EXECUTION:: Time: 420 ns,  Iteration: 1,  Instance: /testbench/uut/INT_Register_bank,  Process: line__55.
# KERNEL: stopped at time: 500 ns
endsim
# VSIM: Simulation has finished.
acom -O3 -e 100 -work practica3_design -2002  $dsn/src/ram-i_ejemplo_sin_nops_planificar.vhd
# Compile Entity "memoriaRAM_I"
# Compile Architecture "Behavioral" of Entity "memoriaRAM_I"
# Compile success 0 Errors 0 Warnings  Analysis time :  78.0 [ms]
asim -O5 +access +r +m+testbench testbench behavior
# ELBREAD: Elaboration process.
# ELBREAD: Elaboration time 0.0 [s].
# VSIM: Stack memory: 32MB
# VSIM: Retval memory: 32MB
# 
# KERNEL: Main thread initiated.
# KERNEL: Kernel process initialization phase.
# ELAB2: Elaboration final pass...
# ELAB2: Create instances ...
# KERNEL: Time resolution set to 1ps.
# ELAB2: Create instances complete.
# SLP: Started
# SLP: Elaboration phase ...
# SLP: Elaboration phase ... skipped, nothing to simulate in SLP mode : 0.0 [s]
# SLP: Finished : 0.0 [s]
# ELAB2: Elaboration final pass complete - time: 0.0 [s].
# KERNEL: Warning: You are using the Active-HDL Student Edition. The performance of simulation is running at a reduced rate.
# KERNEL: Warning: Contact Aldec for available upgrade options - sales@aldec.com.
# KERNEL: Kernel process initialization done.
# Allocation: Simulator allocated 6669 kB (elbread=427 elab2=6099 kernel=142 sdf=0)
# KERNEL: ASDB file was created in location C:\My_Designs\practica3_active\practica3_design\src\wave.asdb
#  1:19, jueves, 27 de marzo de 2025
#  Simulation has been initialized
# Waveform file 'untitled.awc' connected to 'C:/My_Designs/practica3_active/practica3_design/src/wave.asdb'.
# KERNEL: Warning: KERNEL_0291 Object "/testbench/uut/INT_Register_bank/reg_file" has already been traced.
run 500 ns
# KERNEL: WARNING: There is an 'U'|'X'|'W'|'Z'|'-' in an arithmetic operand, the result will be 'X'(es).
# KERNEL: Time: 0 ps,  Iteration: 0,  Instance: /testbench/uut/adder_4,  Process: line__42.
# KERNEL: WARNING: CONV_INTEGER: There is an 'U'|'X'|'W'|'Z'|'-' in an arithmetic operand, and it has been converted to 0.
# KERNEL: Time: 0 ps,  Iteration: 0,  Instance: /testbench/uut/Mem_I,  Process: line__86.
# KERNEL: WARNING: CONV_INTEGER: There is an 'U'|'X'|'W'|'Z'|'-' in an arithmetic operand, and it has been converted to 0.
# KERNEL: Time: 0 ps,  Iteration: 0,  Instance: /testbench/uut/INT_Register_bank,  Process: line__74.
# KERNEL: WARNING: CONV_INTEGER: There is an 'U'|'X'|'W'|'Z'|'-' in an arithmetic operand, and it has been converted to 0.
# KERNEL: Time: 0 ps,  Iteration: 0,  Instance: /testbench/uut/INT_Register_bank,  Process: line__76.
# KERNEL: WARNING: There is an 'U'|'X'|'W'|'Z'|'-' in an arithmetic operand, the result will be 'X'(es).
# KERNEL: Time: 0 ps,  Iteration: 0,  Instance: /testbench/uut/adder_dir,  Process: line__42.
# KERNEL: WARNING: There is an 'U'|'X'|'W'|'Z'|'-' in an arithmetic operand, the result will be 'X'(es).
# KERNEL: Time: 0 ps,  Iteration: 0,  Instance: /testbench/uut/ALU_MIPs,  Process: line__43.
# KERNEL: WARNING: There is an 'U'|'X'|'W'|'Z'|'-' in an arithmetic operand, the result will be 'X'(es).
# KERNEL: Time: 0 ps,  Iteration: 0,  Instance: /testbench/uut/ALU_MIPs,  Process: line__43.
# KERNEL: WARNING: There is an 'U'|'X'|'W'|'Z'|'-' in an arithmetic operand, the result will be 'X'(es).
# KERNEL: Time: 0 ps,  Iteration: 0,  Instance: /testbench/uut/ALU_MIPs,  Process: line__43.
# KERNEL: WARNING: There is an 'U'|'X'|'W'|'Z'|'-' in an arithmetic operand, the result will be 'X'(es).
# KERNEL: Time: 0 ps,  Iteration: 0,  Instance: /testbench/uut/ALU_MIPs,  Process: line__43.
# KERNEL: WARNING: There is an 'U'|'X'|'W'|'Z'|'-' in an arithmetic operand, the result will be 'X'(es).
# KERNEL: Time: 0 ps,  Iteration: 1,  Instance: /testbench/uut/adder_dir,  Process: line__42.
# KERNEL: WARNING: CONV_INTEGER: There is an 'U'|'X'|'W'|'Z'|'-' in an arithmetic operand, and it has been converted to 0.
# KERNEL: Time: 0 ps,  Iteration: 2,  Instance: /testbench/uut/INT_Register_bank,  Process: line__74.
# KERNEL: WARNING: CONV_INTEGER: There is an 'U'|'X'|'W'|'Z'|'-' in an arithmetic operand, and it has been converted to 0.
# KERNEL: Time: 0 ps,  Iteration: 2,  Instance: /testbench/uut/INT_Register_bank,  Process: line__76.
# KERNEL: WARNING: There is an 'U'|'X'|'W'|'Z'|'-' in an arithmetic operand, the result will be 'X'(es).
# KERNEL: Time: 0 ps,  Iteration: 2,  Instance: /testbench/uut/adder_dir,  Process: line__42.
# KERNEL: WARNING: There is an 'U'|'X'|'W'|'Z'|'-' in an arithmetic operand, the result will be 'X'(es).
# KERNEL: Time: 5 ns,  Iteration: 2,  Instance: /testbench/uut/ALU_MIPs,  Process: line__43.
# KERNEL: WARNING: There is an 'U'|'X'|'W'|'Z'|'-' in an arithmetic operand, the result will be 'X'(es).
# KERNEL: Time: 5 ns,  Iteration: 2,  Instance: /testbench/uut/adder_dir,  Process: line__42.
# EXECUTION:: NOTE   : Simulation time : 60000 ps.  Data written: 28, in Reg = 1
# EXECUTION:: Time: 60 ns,  Iteration: 1,  Instance: /testbench/uut/INT_Register_bank,  Process: line__55.
# EXECUTION:: NOTE   : Simulation time : 70000 ps.  Data written: 48, in Reg = 2
# EXECUTION:: Time: 70 ns,  Iteration: 1,  Instance: /testbench/uut/INT_Register_bank,  Process: line__55.
# EXECUTION:: NOTE   : Simulation time : 80000 ps.  Data written: 4, in Reg = 3
# EXECUTION:: Time: 80 ns,  Iteration: 1,  Instance: /testbench/uut/INT_Register_bank,  Process: line__55.
# EXECUTION:: NOTE   : Simulation time : 90000 ps.  Data written: 16, in Reg = 4
# EXECUTION:: Time: 90 ns,  Iteration: 1,  Instance: /testbench/uut/INT_Register_bank,  Process: line__55.
# EXECUTION:: NOTE   : Simulation time : 110000 ps.  Data written: 805696, in Reg = 5
# EXECUTION:: Time: 110 ns,  Iteration: 1,  Instance: /testbench/uut/INT_Register_bank,  Process: line__55.
# EXECUTION:: NOTE   : Simulation time : 140000 ps.  Data written: 32, in Reg = 1
# EXECUTION:: Time: 140 ns,  Iteration: 1,  Instance: /testbench/uut/INT_Register_bank,  Process: line__55.
# EXECUTION:: NOTE   : Simulation time : 150000 ps.  Data written: 805696, in Reg = 6
# EXECUTION:: Time: 150 ns,  Iteration: 1,  Instance: /testbench/uut/INT_Register_bank,  Process: line__55.
# EXECUTION:: NOTE   : Simulation time : 190000 ps.  Data written: 100000, in Reg = 5
# EXECUTION:: Time: 190 ns,  Iteration: 1,  Instance: /testbench/uut/INT_Register_bank,  Process: line__55.
# EXECUTION:: NOTE   : Simulation time : 220000 ps.  Data written: 36, in Reg = 1
# EXECUTION:: Time: 220 ns,  Iteration: 1,  Instance: /testbench/uut/INT_Register_bank,  Process: line__55.
# EXECUTION:: NOTE   : Simulation time : 230000 ps.  Data written: 905696, in Reg = 6
# EXECUTION:: Time: 230 ns,  Iteration: 1,  Instance: /testbench/uut/INT_Register_bank,  Process: line__55.
# EXECUTION:: NOTE   : Simulation time : 270000 ps.  Data written: 6000, in Reg = 5
# EXECUTION:: Time: 270 ns,  Iteration: 1,  Instance: /testbench/uut/INT_Register_bank,  Process: line__55.
# EXECUTION:: NOTE   : Simulation time : 300000 ps.  Data written: 40, in Reg = 1
# EXECUTION:: Time: 300 ns,  Iteration: 1,  Instance: /testbench/uut/INT_Register_bank,  Process: line__55.
# EXECUTION:: NOTE   : Simulation time : 310000 ps.  Data written: 911696, in Reg = 6
# EXECUTION:: Time: 310 ns,  Iteration: 1,  Instance: /testbench/uut/INT_Register_bank,  Process: line__55.
# EXECUTION:: NOTE   : Simulation time : 350000 ps.  Data written: 100, in Reg = 5
# EXECUTION:: Time: 350 ns,  Iteration: 1,  Instance: /testbench/uut/INT_Register_bank,  Process: line__55.
# EXECUTION:: NOTE   : Simulation time : 380000 ps.  Data written: 44, in Reg = 1
# EXECUTION:: Time: 380 ns,  Iteration: 1,  Instance: /testbench/uut/INT_Register_bank,  Process: line__55.
# EXECUTION:: NOTE   : Simulation time : 390000 ps.  Data written: 911796, in Reg = 6
# EXECUTION:: Time: 390 ns,  Iteration: 1,  Instance: /testbench/uut/INT_Register_bank,  Process: line__55.
# EXECUTION:: NOTE   : Simulation time : 430000 ps.  Data written: 0, in Reg = 5
# EXECUTION:: Time: 430 ns,  Iteration: 1,  Instance: /testbench/uut/INT_Register_bank,  Process: line__55.
# EXECUTION:: NOTE   : Simulation time : 460000 ps.  Data written: 48, in Reg = 1
# EXECUTION:: Time: 460 ns,  Iteration: 1,  Instance: /testbench/uut/INT_Register_bank,  Process: line__55.
# EXECUTION:: NOTE   : Simulation time : 470000 ps.  Data written: 911796, in Reg = 6
# EXECUTION:: Time: 470 ns,  Iteration: 1,  Instance: /testbench/uut/INT_Register_bank,  Process: line__55.
# KERNEL: stopped at time: 500 ns
endsim
# VSIM: Simulation has finished.
asim -O5 +access +r +m+testbench testbench behavior
# ELBREAD: Elaboration process.
# ELBREAD: Elaboration time 0.0 [s].
# VSIM: Stack memory: 32MB
# VSIM: Retval memory: 32MB
# 
# KERNEL: Main thread initiated.
# KERNEL: Kernel process initialization phase.
# ELAB2: Elaboration final pass...
# ELAB2: Create instances ...
# KERNEL: Time resolution set to 1ps.
# ELAB2: Create instances complete.
# SLP: Started
# SLP: Elaboration phase ...
# SLP: Elaboration phase ... skipped, nothing to simulate in SLP mode : 0.0 [s]
# SLP: Finished : 0.0 [s]
# ELAB2: Elaboration final pass complete - time: 0.0 [s].
# KERNEL: Warning: You are using the Active-HDL Student Edition. The performance of simulation is running at a reduced rate.
# KERNEL: Warning: Contact Aldec for available upgrade options - sales@aldec.com.
# KERNEL: Kernel process initialization done.
# Allocation: Simulator allocated 6669 kB (elbread=427 elab2=6099 kernel=142 sdf=0)
# KERNEL: ASDB file was created in location C:\My_Designs\practica3_active\practica3_design\src\wave.asdb
#  1:19, jueves, 27 de marzo de 2025
#  Simulation has been initialized
# Waveform file 'untitled.awc' connected to 'C:/My_Designs/practica3_active/practica3_design/src/wave.asdb'.
# KERNEL: Warning: KERNEL_0291 Object "/testbench/uut/INT_Register_bank/reg_file" has already been traced.
run @1us
# KERNEL: WARNING: There is an 'U'|'X'|'W'|'Z'|'-' in an arithmetic operand, the result will be 'X'(es).
# KERNEL: Time: 0 ps,  Iteration: 0,  Instance: /testbench/uut/adder_4,  Process: line__42.
# KERNEL: WARNING: CONV_INTEGER: There is an 'U'|'X'|'W'|'Z'|'-' in an arithmetic operand, and it has been converted to 0.
# KERNEL: Time: 0 ps,  Iteration: 0,  Instance: /testbench/uut/Mem_I,  Process: line__86.
# KERNEL: WARNING: CONV_INTEGER: There is an 'U'|'X'|'W'|'Z'|'-' in an arithmetic operand, and it has been converted to 0.
# KERNEL: Time: 0 ps,  Iteration: 0,  Instance: /testbench/uut/INT_Register_bank,  Process: line__74.
# KERNEL: WARNING: CONV_INTEGER: There is an 'U'|'X'|'W'|'Z'|'-' in an arithmetic operand, and it has been converted to 0.
# KERNEL: Time: 0 ps,  Iteration: 0,  Instance: /testbench/uut/INT_Register_bank,  Process: line__76.
# KERNEL: WARNING: There is an 'U'|'X'|'W'|'Z'|'-' in an arithmetic operand, the result will be 'X'(es).
# KERNEL: Time: 0 ps,  Iteration: 0,  Instance: /testbench/uut/adder_dir,  Process: line__42.
# KERNEL: WARNING: There is an 'U'|'X'|'W'|'Z'|'-' in an arithmetic operand, the result will be 'X'(es).
# KERNEL: Time: 0 ps,  Iteration: 0,  Instance: /testbench/uut/ALU_MIPs,  Process: line__43.
# KERNEL: WARNING: There is an 'U'|'X'|'W'|'Z'|'-' in an arithmetic operand, the result will be 'X'(es).
# KERNEL: Time: 0 ps,  Iteration: 0,  Instance: /testbench/uut/ALU_MIPs,  Process: line__43.
# KERNEL: WARNING: There is an 'U'|'X'|'W'|'Z'|'-' in an arithmetic operand, the result will be 'X'(es).
# KERNEL: Time: 0 ps,  Iteration: 0,  Instance: /testbench/uut/ALU_MIPs,  Process: line__43.
# KERNEL: WARNING: There is an 'U'|'X'|'W'|'Z'|'-' in an arithmetic operand, the result will be 'X'(es).
# KERNEL: Time: 0 ps,  Iteration: 0,  Instance: /testbench/uut/ALU_MIPs,  Process: line__43.
# KERNEL: WARNING: There is an 'U'|'X'|'W'|'Z'|'-' in an arithmetic operand, the result will be 'X'(es).
# KERNEL: Time: 0 ps,  Iteration: 1,  Instance: /testbench/uut/adder_dir,  Process: line__42.
# KERNEL: WARNING: CONV_INTEGER: There is an 'U'|'X'|'W'|'Z'|'-' in an arithmetic operand, and it has been converted to 0.
# KERNEL: Time: 0 ps,  Iteration: 2,  Instance: /testbench/uut/INT_Register_bank,  Process: line__74.
# KERNEL: WARNING: CONV_INTEGER: There is an 'U'|'X'|'W'|'Z'|'-' in an arithmetic operand, and it has been converted to 0.
# KERNEL: Time: 0 ps,  Iteration: 2,  Instance: /testbench/uut/INT_Register_bank,  Process: line__76.
# KERNEL: WARNING: There is an 'U'|'X'|'W'|'Z'|'-' in an arithmetic operand, the result will be 'X'(es).
# KERNEL: Time: 0 ps,  Iteration: 2,  Instance: /testbench/uut/adder_dir,  Process: line__42.
# KERNEL: WARNING: There is an 'U'|'X'|'W'|'Z'|'-' in an arithmetic operand, the result will be 'X'(es).
# KERNEL: Time: 5 ns,  Iteration: 2,  Instance: /testbench/uut/ALU_MIPs,  Process: line__43.
# KERNEL: WARNING: There is an 'U'|'X'|'W'|'Z'|'-' in an arithmetic operand, the result will be 'X'(es).
# KERNEL: Time: 5 ns,  Iteration: 2,  Instance: /testbench/uut/adder_dir,  Process: line__42.
# EXECUTION:: NOTE   : Simulation time : 60000 ps.  Data written: 28, in Reg = 1
# EXECUTION:: Time: 60 ns,  Iteration: 1,  Instance: /testbench/uut/INT_Register_bank,  Process: line__55.
# EXECUTION:: NOTE   : Simulation time : 70000 ps.  Data written: 48, in Reg = 2
# EXECUTION:: Time: 70 ns,  Iteration: 1,  Instance: /testbench/uut/INT_Register_bank,  Process: line__55.
# EXECUTION:: NOTE   : Simulation time : 80000 ps.  Data written: 4, in Reg = 3
# EXECUTION:: Time: 80 ns,  Iteration: 1,  Instance: /testbench/uut/INT_Register_bank,  Process: line__55.
# EXECUTION:: NOTE   : Simulation time : 90000 ps.  Data written: 16, in Reg = 4
# EXECUTION:: Time: 90 ns,  Iteration: 1,  Instance: /testbench/uut/INT_Register_bank,  Process: line__55.
# EXECUTION:: NOTE   : Simulation time : 110000 ps.  Data written: 805696, in Reg = 5
# EXECUTION:: Time: 110 ns,  Iteration: 1,  Instance: /testbench/uut/INT_Register_bank,  Process: line__55.
# EXECUTION:: NOTE   : Simulation time : 140000 ps.  Data written: 32, in Reg = 1
# EXECUTION:: Time: 140 ns,  Iteration: 1,  Instance: /testbench/uut/INT_Register_bank,  Process: line__55.
# EXECUTION:: NOTE   : Simulation time : 150000 ps.  Data written: 805696, in Reg = 6
# EXECUTION:: Time: 150 ns,  Iteration: 1,  Instance: /testbench/uut/INT_Register_bank,  Process: line__55.
# EXECUTION:: NOTE   : Simulation time : 190000 ps.  Data written: 100000, in Reg = 5
# EXECUTION:: Time: 190 ns,  Iteration: 1,  Instance: /testbench/uut/INT_Register_bank,  Process: line__55.
# EXECUTION:: NOTE   : Simulation time : 220000 ps.  Data written: 36, in Reg = 1
# EXECUTION:: Time: 220 ns,  Iteration: 1,  Instance: /testbench/uut/INT_Register_bank,  Process: line__55.
# EXECUTION:: NOTE   : Simulation time : 230000 ps.  Data written: 905696, in Reg = 6
# EXECUTION:: Time: 230 ns,  Iteration: 1,  Instance: /testbench/uut/INT_Register_bank,  Process: line__55.
# EXECUTION:: NOTE   : Simulation time : 270000 ps.  Data written: 6000, in Reg = 5
# EXECUTION:: Time: 270 ns,  Iteration: 1,  Instance: /testbench/uut/INT_Register_bank,  Process: line__55.
# EXECUTION:: NOTE   : Simulation time : 300000 ps.  Data written: 40, in Reg = 1
# EXECUTION:: Time: 300 ns,  Iteration: 1,  Instance: /testbench/uut/INT_Register_bank,  Process: line__55.
# EXECUTION:: NOTE   : Simulation time : 310000 ps.  Data written: 911696, in Reg = 6
# EXECUTION:: Time: 310 ns,  Iteration: 1,  Instance: /testbench/uut/INT_Register_bank,  Process: line__55.
# EXECUTION:: NOTE   : Simulation time : 350000 ps.  Data written: 100, in Reg = 5
# EXECUTION:: Time: 350 ns,  Iteration: 1,  Instance: /testbench/uut/INT_Register_bank,  Process: line__55.
# EXECUTION:: NOTE   : Simulation time : 380000 ps.  Data written: 44, in Reg = 1
# EXECUTION:: Time: 380 ns,  Iteration: 1,  Instance: /testbench/uut/INT_Register_bank,  Process: line__55.
# EXECUTION:: NOTE   : Simulation time : 390000 ps.  Data written: 911796, in Reg = 6
# EXECUTION:: Time: 390 ns,  Iteration: 1,  Instance: /testbench/uut/INT_Register_bank,  Process: line__55.
# EXECUTION:: NOTE   : Simulation time : 430000 ps.  Data written: 0, in Reg = 5
# EXECUTION:: Time: 430 ns,  Iteration: 1,  Instance: /testbench/uut/INT_Register_bank,  Process: line__55.
# EXECUTION:: NOTE   : Simulation time : 460000 ps.  Data written: 48, in Reg = 1
# EXECUTION:: Time: 460 ns,  Iteration: 1,  Instance: /testbench/uut/INT_Register_bank,  Process: line__55.
# EXECUTION:: NOTE   : Simulation time : 470000 ps.  Data written: 911796, in Reg = 6
# EXECUTION:: Time: 470 ns,  Iteration: 1,  Instance: /testbench/uut/INT_Register_bank,  Process: line__55.
# EXECUTION:: NOTE   : Simulation time : 510000 ps.  Data written: 6, in Reg = 5
# EXECUTION:: Time: 510 ns,  Iteration: 1,  Instance: /testbench/uut/INT_Register_bank,  Process: line__55.
# EXECUTION:: NOTE   : Simulation time : 545000 ps.  Data written: 911796, in ADDR = 0
# EXECUTION:: Time: 545 ns,  Iteration: 1,  Instance: /testbench/uut/Mem_D,  Process: line__80.
# KERNEL: stopped at time: 1 us
endsim
# VSIM: Simulation has finished.
acom -O3 -e 100 -work practica3_design -2002  $dsn/src/mips_segmentado_practicas_completar_v2.vhd $dsn/src/bits_shifter.vhd $dsn/src/ram-816106.vhd $dsn/src/alu.vhd $dsn/src/uc_completar.vhd $dsn/src/counter.vhd $dsn/src/register.vhd $dsn/src/ram-i_ejemplo_sin_nops_planificar.vhd $dsn/src/ext_signo.vhd $dsn/src/adder32.vhd $dsn/src/testbench_mips.vhd $dsn/src/mux4_1.vhd $dsn/src/mux2_1.vhd $dsn/src/breg.vhd $dsn/src/mux2_5bits.vhd $dsn/src/banco_wb.vhd $dsn/src/banco_mem.vhd $dsn/src/banco_id.vhd $dsn/src/banco_ex.vhd
# Compile Entity "MIPs_segmentado"
# Compile Architecture "Behavioral" of Entity "MIPs_segmentado"
# Compile Entity "two_bits_shifter"
# Compile Architecture "Behavioral" of Entity "two_bits_shifter"
# Compile Entity "Data_Memory_Subsystem"
# Compile Architecture "Behavioral" of Entity "Data_Memory_Subsystem"
# Compile Entity "ALU"
# Compile Architecture "Behavioral" of Entity "ALU"
# Compile Entity "UC"
# Compile Architecture "Behavioral" of Entity "UC"
# Compile Entity "counter"
# Compile Architecture "Behavioral" of Entity "counter"
# Compile Entity "reg"
# Compile Architecture "behavioral" of Entity "REG"
# Compile Entity "memoriaRAM_I"
# Compile Architecture "Behavioral" of Entity "memoriaRAM_I"
# Compile Entity "Ext_signo"
# Compile Architecture "Behavioral" of Entity "Ext_signo"
# Compile Entity "adder32"
# Compile Architecture "Behavioral" of Entity "adder32"
# Compile Entity "testbench"
# Compile Architecture "behavior" of Entity "testbench"
# Compile Entity "mux4_1"
# Compile Architecture "Behavioral" of Entity "mux4_1"
# Compile Entity "mux2_1"
# Compile Architecture "Behavioral" of Entity "mux2_1"
# Compile Entity "BReg"
# Compile Architecture "Behavioral" of Entity "BReg"
# Compile Entity "mux2_5bits"
# Compile Architecture "Behavioral" of Entity "mux2_5bits"
# Compile Entity "Banco_WB"
# Compile Architecture "Behavioral" of Entity "Banco_WB"
# Compile Entity "Banco_MEM"
# Compile Architecture "Behavioral" of Entity "Banco_MEM"
# Compile Entity "Banco_ID"
# Compile Architecture "Behavioral" of Entity "Banco_ID"
# Compile Entity "Banco_EX"
# Compile Architecture "Behavioral" of Entity "Banco_EX"
# Compile success 0 Errors 0 Warnings  Analysis time :  0.9 [s]
asim -O5 +access +r +m+testbench testbench behavior
# ELBREAD: Elaboration process.
# ELBREAD: Elaboration time 0.0 [s].
# VSIM: Stack memory: 32MB
# VSIM: Retval memory: 32MB
# 
# KERNEL: Main thread initiated.
# KERNEL: Kernel process initialization phase.
# ELAB2: Elaboration final pass...
# ELAB2: Create instances ...
# KERNEL: Time resolution set to 1ps.
# ELAB2: Create instances complete.
# SLP: Started
# SLP: Elaboration phase ...
# SLP: Elaboration phase ... skipped, nothing to simulate in SLP mode : 0.0 [s]
# SLP: Finished : 0.0 [s]
# ELAB2: Elaboration final pass complete - time: 0.0 [s].
# KERNEL: Warning: You are using the Active-HDL Student Edition. The performance of simulation is running at a reduced rate.
# KERNEL: Warning: Contact Aldec for available upgrade options - sales@aldec.com.
# KERNEL: Kernel process initialization done.
# Allocation: Simulator allocated 6669 kB (elbread=427 elab2=6099 kernel=142 sdf=0)
# KERNEL: ASDB file was created in location C:\My_Designs\practica3_active\practica3_design\src\wave.asdb
#  1:22, jueves, 27 de marzo de 2025
#  Simulation has been initialized
# Waveform file 'untitled.awc' connected to 'C:/My_Designs/practica3_active/practica3_design/src/wave.asdb'.
# KERNEL: Warning: KERNEL_0291 Object "/testbench/uut/INT_Register_bank/reg_file" has already been traced.
run 1000 ns
# KERNEL: WARNING: There is an 'U'|'X'|'W'|'Z'|'-' in an arithmetic operand, the result will be 'X'(es).
# KERNEL: Time: 0 ps,  Iteration: 0,  Instance: /testbench/uut/adder_4,  Process: line__42.
# KERNEL: WARNING: CONV_INTEGER: There is an 'U'|'X'|'W'|'Z'|'-' in an arithmetic operand, and it has been converted to 0.
# KERNEL: Time: 0 ps,  Iteration: 0,  Instance: /testbench/uut/Mem_I,  Process: line__86.
# KERNEL: WARNING: CONV_INTEGER: There is an 'U'|'X'|'W'|'Z'|'-' in an arithmetic operand, and it has been converted to 0.
# KERNEL: Time: 0 ps,  Iteration: 0,  Instance: /testbench/uut/INT_Register_bank,  Process: line__74.
# KERNEL: WARNING: CONV_INTEGER: There is an 'U'|'X'|'W'|'Z'|'-' in an arithmetic operand, and it has been converted to 0.
# KERNEL: Time: 0 ps,  Iteration: 0,  Instance: /testbench/uut/INT_Register_bank,  Process: line__76.
# KERNEL: WARNING: There is an 'U'|'X'|'W'|'Z'|'-' in an arithmetic operand, the result will be 'X'(es).
# KERNEL: Time: 0 ps,  Iteration: 0,  Instance: /testbench/uut/adder_dir,  Process: line__42.
# KERNEL: WARNING: There is an 'U'|'X'|'W'|'Z'|'-' in an arithmetic operand, the result will be 'X'(es).
# KERNEL: Time: 0 ps,  Iteration: 0,  Instance: /testbench/uut/ALU_MIPs,  Process: line__43.
# KERNEL: WARNING: There is an 'U'|'X'|'W'|'Z'|'-' in an arithmetic operand, the result will be 'X'(es).
# KERNEL: Time: 0 ps,  Iteration: 0,  Instance: /testbench/uut/ALU_MIPs,  Process: line__43.
# KERNEL: WARNING: There is an 'U'|'X'|'W'|'Z'|'-' in an arithmetic operand, the result will be 'X'(es).
# KERNEL: Time: 0 ps,  Iteration: 0,  Instance: /testbench/uut/ALU_MIPs,  Process: line__43.
# KERNEL: WARNING: There is an 'U'|'X'|'W'|'Z'|'-' in an arithmetic operand, the result will be 'X'(es).
# KERNEL: Time: 0 ps,  Iteration: 0,  Instance: /testbench/uut/ALU_MIPs,  Process: line__43.
# KERNEL: WARNING: There is an 'U'|'X'|'W'|'Z'|'-' in an arithmetic operand, the result will be 'X'(es).
# KERNEL: Time: 0 ps,  Iteration: 1,  Instance: /testbench/uut/adder_dir,  Process: line__42.
# KERNEL: WARNING: CONV_INTEGER: There is an 'U'|'X'|'W'|'Z'|'-' in an arithmetic operand, and it has been converted to 0.
# KERNEL: Time: 0 ps,  Iteration: 2,  Instance: /testbench/uut/INT_Register_bank,  Process: line__74.
# KERNEL: WARNING: CONV_INTEGER: There is an 'U'|'X'|'W'|'Z'|'-' in an arithmetic operand, and it has been converted to 0.
# KERNEL: Time: 0 ps,  Iteration: 2,  Instance: /testbench/uut/INT_Register_bank,  Process: line__76.
# KERNEL: WARNING: There is an 'U'|'X'|'W'|'Z'|'-' in an arithmetic operand, the result will be 'X'(es).
# KERNEL: Time: 0 ps,  Iteration: 2,  Instance: /testbench/uut/adder_dir,  Process: line__42.
# KERNEL: WARNING: There is an 'U'|'X'|'W'|'Z'|'-' in an arithmetic operand, the result will be 'X'(es).
# KERNEL: Time: 5 ns,  Iteration: 2,  Instance: /testbench/uut/ALU_MIPs,  Process: line__43.
# KERNEL: WARNING: There is an 'U'|'X'|'W'|'Z'|'-' in an arithmetic operand, the result will be 'X'(es).
# KERNEL: Time: 5 ns,  Iteration: 2,  Instance: /testbench/uut/adder_dir,  Process: line__42.
# EXECUTION:: NOTE   : Simulation time : 60000 ps.  Data written: 28, in Reg = 1
# EXECUTION:: Time: 60 ns,  Iteration: 1,  Instance: /testbench/uut/INT_Register_bank,  Process: line__55.
# EXECUTION:: NOTE   : Simulation time : 70000 ps.  Data written: 48, in Reg = 2
# EXECUTION:: Time: 70 ns,  Iteration: 1,  Instance: /testbench/uut/INT_Register_bank,  Process: line__55.
# EXECUTION:: NOTE   : Simulation time : 80000 ps.  Data written: 4, in Reg = 3
# EXECUTION:: Time: 80 ns,  Iteration: 1,  Instance: /testbench/uut/INT_Register_bank,  Process: line__55.
# EXECUTION:: NOTE   : Simulation time : 90000 ps.  Data written: 16, in Reg = 4
# EXECUTION:: Time: 90 ns,  Iteration: 1,  Instance: /testbench/uut/INT_Register_bank,  Process: line__55.
# EXECUTION:: NOTE   : Simulation time : 110000 ps.  Data written: 800000, in Reg = 5
# EXECUTION:: Time: 110 ns,  Iteration: 1,  Instance: /testbench/uut/INT_Register_bank,  Process: line__55.
# EXECUTION:: NOTE   : Simulation time : 140000 ps.  Data written: 32, in Reg = 1
# EXECUTION:: Time: 140 ns,  Iteration: 1,  Instance: /testbench/uut/INT_Register_bank,  Process: line__55.
# EXECUTION:: NOTE   : Simulation time : 150000 ps.  Data written: 800000, in Reg = 6
# EXECUTION:: Time: 150 ns,  Iteration: 1,  Instance: /testbench/uut/INT_Register_bank,  Process: line__55.
# EXECUTION:: NOTE   : Simulation time : 190000 ps.  Data written: 100000, in Reg = 5
# EXECUTION:: Time: 190 ns,  Iteration: 1,  Instance: /testbench/uut/INT_Register_bank,  Process: line__55.
# EXECUTION:: NOTE   : Simulation time : 220000 ps.  Data written: 36, in Reg = 1
# EXECUTION:: Time: 220 ns,  Iteration: 1,  Instance: /testbench/uut/INT_Register_bank,  Process: line__55.
# EXECUTION:: NOTE   : Simulation time : 230000 ps.  Data written: 900000, in Reg = 6
# EXECUTION:: Time: 230 ns,  Iteration: 1,  Instance: /testbench/uut/INT_Register_bank,  Process: line__55.
# EXECUTION:: NOTE   : Simulation time : 270000 ps.  Data written: 6000, in Reg = 5
# EXECUTION:: Time: 270 ns,  Iteration: 1,  Instance: /testbench/uut/INT_Register_bank,  Process: line__55.
# EXECUTION:: NOTE   : Simulation time : 300000 ps.  Data written: 40, in Reg = 1
# EXECUTION:: Time: 300 ns,  Iteration: 1,  Instance: /testbench/uut/INT_Register_bank,  Process: line__55.
# EXECUTION:: NOTE   : Simulation time : 310000 ps.  Data written: 906000, in Reg = 6
# EXECUTION:: Time: 310 ns,  Iteration: 1,  Instance: /testbench/uut/INT_Register_bank,  Process: line__55.
# EXECUTION:: NOTE   : Simulation time : 350000 ps.  Data written: 100, in Reg = 5
# EXECUTION:: Time: 350 ns,  Iteration: 1,  Instance: /testbench/uut/INT_Register_bank,  Process: line__55.
# EXECUTION:: NOTE   : Simulation time : 380000 ps.  Data written: 44, in Reg = 1
# EXECUTION:: Time: 380 ns,  Iteration: 1,  Instance: /testbench/uut/INT_Register_bank,  Process: line__55.
# EXECUTION:: NOTE   : Simulation time : 390000 ps.  Data written: 906100, in Reg = 6
# EXECUTION:: Time: 390 ns,  Iteration: 1,  Instance: /testbench/uut/INT_Register_bank,  Process: line__55.
# EXECUTION:: NOTE   : Simulation time : 430000 ps.  Data written: 0, in Reg = 5
# EXECUTION:: Time: 430 ns,  Iteration: 1,  Instance: /testbench/uut/INT_Register_bank,  Process: line__55.
# EXECUTION:: NOTE   : Simulation time : 460000 ps.  Data written: 48, in Reg = 1
# EXECUTION:: Time: 460 ns,  Iteration: 1,  Instance: /testbench/uut/INT_Register_bank,  Process: line__55.
# EXECUTION:: NOTE   : Simulation time : 470000 ps.  Data written: 906100, in Reg = 6
# EXECUTION:: Time: 470 ns,  Iteration: 1,  Instance: /testbench/uut/INT_Register_bank,  Process: line__55.
# EXECUTION:: NOTE   : Simulation time : 510000 ps.  Data written: 6, in Reg = 5
# EXECUTION:: Time: 510 ns,  Iteration: 1,  Instance: /testbench/uut/INT_Register_bank,  Process: line__55.
# EXECUTION:: NOTE   : Simulation time : 545000 ps.  Data written: 906100, in ADDR = 0
# EXECUTION:: Time: 545 ns,  Iteration: 1,  Instance: /testbench/uut/Mem_D,  Process: line__80.
# KERNEL: stopped at time: 1 us
endsim
# VSIM: Simulation has finished.
acom -O3 -e 100 -work practica3_design -2002  $dsn/src/mips_segmentado_practicas_completar_v2.vhd $dsn/src/bits_shifter.vhd $dsn/src/ram-816106.vhd $dsn/src/alu.vhd $dsn/src/uc_completar.vhd $dsn/src/counter.vhd $dsn/src/register.vhd $dsn/src/ram-i_ejemplo_sin_nops_planificar.vhd $dsn/src/ext_signo.vhd $dsn/src/adder32.vhd $dsn/src/testbench_mips.vhd $dsn/src/mux4_1.vhd $dsn/src/mux2_1.vhd $dsn/src/breg.vhd $dsn/src/mux2_5bits.vhd $dsn/src/banco_wb.vhd $dsn/src/banco_mem.vhd $dsn/src/banco_id.vhd $dsn/src/banco_ex.vhd
# Compile Entity "MIPs_segmentado"
# Compile Architecture "Behavioral" of Entity "MIPs_segmentado"
# Compile Entity "two_bits_shifter"
# Compile Architecture "Behavioral" of Entity "two_bits_shifter"
# Compile Entity "Data_Memory_Subsystem"
# Compile Architecture "Behavioral" of Entity "Data_Memory_Subsystem"
# Compile Entity "ALU"
# Compile Architecture "Behavioral" of Entity "ALU"
# Compile Entity "UC"
# Compile Architecture "Behavioral" of Entity "UC"
# Compile Entity "counter"
# Compile Architecture "Behavioral" of Entity "counter"
# Compile Entity "reg"
# Compile Architecture "behavioral" of Entity "REG"
# Compile Entity "memoriaRAM_I"
# Compile Architecture "Behavioral" of Entity "memoriaRAM_I"
# Compile Entity "Ext_signo"
# Compile Architecture "Behavioral" of Entity "Ext_signo"
# Compile Entity "adder32"
# Compile Architecture "Behavioral" of Entity "adder32"
# Compile Entity "testbench"
# Compile Architecture "behavior" of Entity "testbench"
# Compile Entity "mux4_1"
# Compile Architecture "Behavioral" of Entity "mux4_1"
# Compile Entity "mux2_1"
# Compile Architecture "Behavioral" of Entity "mux2_1"
# Compile Entity "BReg"
# Compile Architecture "Behavioral" of Entity "BReg"
# Compile Entity "mux2_5bits"
# Compile Architecture "Behavioral" of Entity "mux2_5bits"
# Compile Entity "Banco_WB"
# Compile Architecture "Behavioral" of Entity "Banco_WB"
# Compile Entity "Banco_MEM"
# Compile Architecture "Behavioral" of Entity "Banco_MEM"
# Compile Entity "Banco_ID"
# Compile Architecture "Behavioral" of Entity "Banco_ID"
# Compile Entity "Banco_EX"
# Compile Architecture "Behavioral" of Entity "Banco_EX"
# Compile success 0 Errors 0 Warnings  Analysis time :  0.7 [s]
asim -O5 +access +r +m+testbench testbench behavior
# ELBREAD: Elaboration process.
# ELBREAD: Elaboration time 0.0 [s].
# VSIM: Stack memory: 32MB
# VSIM: Retval memory: 32MB
# 
# KERNEL: Main thread initiated.
# KERNEL: Kernel process initialization phase.
# ELAB2: Elaboration final pass...
# ELAB2: Create instances ...
# KERNEL: Time resolution set to 1ps.
# ELAB2: Create instances complete.
# SLP: Started
# SLP: Elaboration phase ...
# SLP: Elaboration phase ... skipped, nothing to simulate in SLP mode : 0.0 [s]
# SLP: Finished : 0.0 [s]
# ELAB2: Elaboration final pass complete - time: 0.0 [s].
# KERNEL: Warning: You are using the Active-HDL Student Edition. The performance of simulation is running at a reduced rate.
# KERNEL: Warning: Contact Aldec for available upgrade options - sales@aldec.com.
# KERNEL: Kernel process initialization done.
# Allocation: Simulator allocated 6669 kB (elbread=427 elab2=6099 kernel=142 sdf=0)
# KERNEL: ASDB file was created in location C:\My_Designs\practica3_active\practica3_design\src\wave.asdb
#  1:23, jueves, 27 de marzo de 2025
#  Simulation has been initialized
# Waveform file 'untitled.awc' connected to 'C:/My_Designs/practica3_active/practica3_design/src/wave.asdb'.
# KERNEL: Warning: KERNEL_0291 Object "/testbench/uut/INT_Register_bank/reg_file" has already been traced.
run 1000 ns
# KERNEL: WARNING: There is an 'U'|'X'|'W'|'Z'|'-' in an arithmetic operand, the result will be 'X'(es).
# KERNEL: Time: 0 ps,  Iteration: 0,  Instance: /testbench/uut/adder_4,  Process: line__42.
# KERNEL: WARNING: CONV_INTEGER: There is an 'U'|'X'|'W'|'Z'|'-' in an arithmetic operand, and it has been converted to 0.
# KERNEL: Time: 0 ps,  Iteration: 0,  Instance: /testbench/uut/Mem_I,  Process: line__86.
# KERNEL: WARNING: CONV_INTEGER: There is an 'U'|'X'|'W'|'Z'|'-' in an arithmetic operand, and it has been converted to 0.
# KERNEL: Time: 0 ps,  Iteration: 0,  Instance: /testbench/uut/INT_Register_bank,  Process: line__74.
# KERNEL: WARNING: CONV_INTEGER: There is an 'U'|'X'|'W'|'Z'|'-' in an arithmetic operand, and it has been converted to 0.
# KERNEL: Time: 0 ps,  Iteration: 0,  Instance: /testbench/uut/INT_Register_bank,  Process: line__76.
# KERNEL: WARNING: There is an 'U'|'X'|'W'|'Z'|'-' in an arithmetic operand, the result will be 'X'(es).
# KERNEL: Time: 0 ps,  Iteration: 0,  Instance: /testbench/uut/adder_dir,  Process: line__42.
# KERNEL: WARNING: There is an 'U'|'X'|'W'|'Z'|'-' in an arithmetic operand, the result will be 'X'(es).
# KERNEL: Time: 0 ps,  Iteration: 0,  Instance: /testbench/uut/ALU_MIPs,  Process: line__43.
# KERNEL: WARNING: There is an 'U'|'X'|'W'|'Z'|'-' in an arithmetic operand, the result will be 'X'(es).
# KERNEL: Time: 0 ps,  Iteration: 0,  Instance: /testbench/uut/ALU_MIPs,  Process: line__43.
# KERNEL: WARNING: There is an 'U'|'X'|'W'|'Z'|'-' in an arithmetic operand, the result will be 'X'(es).
# KERNEL: Time: 0 ps,  Iteration: 0,  Instance: /testbench/uut/ALU_MIPs,  Process: line__43.
# KERNEL: WARNING: There is an 'U'|'X'|'W'|'Z'|'-' in an arithmetic operand, the result will be 'X'(es).
# KERNEL: Time: 0 ps,  Iteration: 0,  Instance: /testbench/uut/ALU_MIPs,  Process: line__43.
# KERNEL: WARNING: There is an 'U'|'X'|'W'|'Z'|'-' in an arithmetic operand, the result will be 'X'(es).
# KERNEL: Time: 0 ps,  Iteration: 1,  Instance: /testbench/uut/adder_dir,  Process: line__42.
# KERNEL: WARNING: CONV_INTEGER: There is an 'U'|'X'|'W'|'Z'|'-' in an arithmetic operand, and it has been converted to 0.
# KERNEL: Time: 0 ps,  Iteration: 2,  Instance: /testbench/uut/INT_Register_bank,  Process: line__74.
# KERNEL: WARNING: CONV_INTEGER: There is an 'U'|'X'|'W'|'Z'|'-' in an arithmetic operand, and it has been converted to 0.
# KERNEL: Time: 0 ps,  Iteration: 2,  Instance: /testbench/uut/INT_Register_bank,  Process: line__76.
# KERNEL: WARNING: There is an 'U'|'X'|'W'|'Z'|'-' in an arithmetic operand, the result will be 'X'(es).
# KERNEL: Time: 0 ps,  Iteration: 2,  Instance: /testbench/uut/adder_dir,  Process: line__42.
# KERNEL: WARNING: There is an 'U'|'X'|'W'|'Z'|'-' in an arithmetic operand, the result will be 'X'(es).
# KERNEL: Time: 5 ns,  Iteration: 2,  Instance: /testbench/uut/ALU_MIPs,  Process: line__43.
# KERNEL: WARNING: There is an 'U'|'X'|'W'|'Z'|'-' in an arithmetic operand, the result will be 'X'(es).
# KERNEL: Time: 5 ns,  Iteration: 2,  Instance: /testbench/uut/adder_dir,  Process: line__42.
# EXECUTION:: NOTE   : Simulation time : 60000 ps.  Data written: 28, in Reg = 1
# EXECUTION:: Time: 60 ns,  Iteration: 1,  Instance: /testbench/uut/INT_Register_bank,  Process: line__55.
# EXECUTION:: NOTE   : Simulation time : 70000 ps.  Data written: 48, in Reg = 2
# EXECUTION:: Time: 70 ns,  Iteration: 1,  Instance: /testbench/uut/INT_Register_bank,  Process: line__55.
# EXECUTION:: NOTE   : Simulation time : 80000 ps.  Data written: 4, in Reg = 3
# EXECUTION:: Time: 80 ns,  Iteration: 1,  Instance: /testbench/uut/INT_Register_bank,  Process: line__55.
# EXECUTION:: NOTE   : Simulation time : 90000 ps.  Data written: 16, in Reg = 4
# EXECUTION:: Time: 90 ns,  Iteration: 1,  Instance: /testbench/uut/INT_Register_bank,  Process: line__55.
# EXECUTION:: NOTE   : Simulation time : 110000 ps.  Data written: 800000, in Reg = 5
# EXECUTION:: Time: 110 ns,  Iteration: 1,  Instance: /testbench/uut/INT_Register_bank,  Process: line__55.
# EXECUTION:: NOTE   : Simulation time : 140000 ps.  Data written: 32, in Reg = 1
# EXECUTION:: Time: 140 ns,  Iteration: 1,  Instance: /testbench/uut/INT_Register_bank,  Process: line__55.
# EXECUTION:: NOTE   : Simulation time : 150000 ps.  Data written: 800000, in Reg = 6
# EXECUTION:: Time: 150 ns,  Iteration: 1,  Instance: /testbench/uut/INT_Register_bank,  Process: line__55.
# EXECUTION:: NOTE   : Simulation time : 190000 ps.  Data written: 10000, in Reg = 5
# EXECUTION:: Time: 190 ns,  Iteration: 1,  Instance: /testbench/uut/INT_Register_bank,  Process: line__55.
# EXECUTION:: NOTE   : Simulation time : 220000 ps.  Data written: 36, in Reg = 1
# EXECUTION:: Time: 220 ns,  Iteration: 1,  Instance: /testbench/uut/INT_Register_bank,  Process: line__55.
# EXECUTION:: NOTE   : Simulation time : 230000 ps.  Data written: 810000, in Reg = 6
# EXECUTION:: Time: 230 ns,  Iteration: 1,  Instance: /testbench/uut/INT_Register_bank,  Process: line__55.
# EXECUTION:: NOTE   : Simulation time : 270000 ps.  Data written: 6000, in Reg = 5
# EXECUTION:: Time: 270 ns,  Iteration: 1,  Instance: /testbench/uut/INT_Register_bank,  Process: line__55.
# EXECUTION:: NOTE   : Simulation time : 300000 ps.  Data written: 40, in Reg = 1
# EXECUTION:: Time: 300 ns,  Iteration: 1,  Instance: /testbench/uut/INT_Register_bank,  Process: line__55.
# EXECUTION:: NOTE   : Simulation time : 310000 ps.  Data written: 816000, in Reg = 6
# EXECUTION:: Time: 310 ns,  Iteration: 1,  Instance: /testbench/uut/INT_Register_bank,  Process: line__55.
# EXECUTION:: NOTE   : Simulation time : 350000 ps.  Data written: 100, in Reg = 5
# EXECUTION:: Time: 350 ns,  Iteration: 1,  Instance: /testbench/uut/INT_Register_bank,  Process: line__55.
# EXECUTION:: NOTE   : Simulation time : 380000 ps.  Data written: 44, in Reg = 1
# EXECUTION:: Time: 380 ns,  Iteration: 1,  Instance: /testbench/uut/INT_Register_bank,  Process: line__55.
# EXECUTION:: NOTE   : Simulation time : 390000 ps.  Data written: 816100, in Reg = 6
# EXECUTION:: Time: 390 ns,  Iteration: 1,  Instance: /testbench/uut/INT_Register_bank,  Process: line__55.
# EXECUTION:: NOTE   : Simulation time : 430000 ps.  Data written: 0, in Reg = 5
# EXECUTION:: Time: 430 ns,  Iteration: 1,  Instance: /testbench/uut/INT_Register_bank,  Process: line__55.
# EXECUTION:: NOTE   : Simulation time : 460000 ps.  Data written: 48, in Reg = 1
# EXECUTION:: Time: 460 ns,  Iteration: 1,  Instance: /testbench/uut/INT_Register_bank,  Process: line__55.
# EXECUTION:: NOTE   : Simulation time : 470000 ps.  Data written: 816100, in Reg = 6
# EXECUTION:: Time: 470 ns,  Iteration: 1,  Instance: /testbench/uut/INT_Register_bank,  Process: line__55.
# EXECUTION:: NOTE   : Simulation time : 510000 ps.  Data written: 6, in Reg = 5
# EXECUTION:: Time: 510 ns,  Iteration: 1,  Instance: /testbench/uut/INT_Register_bank,  Process: line__55.
# EXECUTION:: NOTE   : Simulation time : 545000 ps.  Data written: 816100, in ADDR = 0
# EXECUTION:: Time: 545 ns,  Iteration: 1,  Instance: /testbench/uut/Mem_D,  Process: line__80.
# KERNEL: stopped at time: 1 us
acom -O3 -e 100 -work practica3_design -2002  $dsn/src/ram-i_ejemplo_sin_nops_planificar.vhd
# Compile Entity "memoriaRAM_I"
# Compile Architecture "Behavioral" of Entity "memoriaRAM_I"
# Compile success 0 Errors 0 Warnings  Analysis time :  47.0 [ms]
acom -O3 -e 100 -work practica3_design -2002  $dsn/src/mips_segmentado_practicas_completar_v2.vhd $dsn/src/bits_shifter.vhd $dsn/src/ram-816106.vhd $dsn/src/alu.vhd $dsn/src/uc_completar.vhd $dsn/src/counter.vhd $dsn/src/register.vhd $dsn/src/ram-i_ejemplo_sin_nops_planificar.vhd $dsn/src/ext_signo.vhd $dsn/src/adder32.vhd $dsn/src/testbench_mips.vhd $dsn/src/mux4_1.vhd $dsn/src/mux2_1.vhd $dsn/src/breg.vhd $dsn/src/mux2_5bits.vhd $dsn/src/banco_wb.vhd $dsn/src/banco_mem.vhd $dsn/src/banco_id.vhd $dsn/src/banco_ex.vhd
# Compile Entity "MIPs_segmentado"
# Compile Architecture "Behavioral" of Entity "MIPs_segmentado"
# Compile Entity "two_bits_shifter"
# Compile Architecture "Behavioral" of Entity "two_bits_shifter"
# Compile Entity "Data_Memory_Subsystem"
# Compile Architecture "Behavioral" of Entity "Data_Memory_Subsystem"
# Compile Entity "ALU"
# Compile Architecture "Behavioral" of Entity "ALU"
# Compile Entity "UC"
# Compile Architecture "Behavioral" of Entity "UC"
# Compile Entity "counter"
# Compile Architecture "Behavioral" of Entity "counter"
# Compile Entity "reg"
# Compile Architecture "behavioral" of Entity "REG"
# Compile Entity "memoriaRAM_I"
# Compile Architecture "Behavioral" of Entity "memoriaRAM_I"
# Compile Entity "Ext_signo"
# Compile Architecture "Behavioral" of Entity "Ext_signo"
# Compile Entity "adder32"
# Compile Architecture "Behavioral" of Entity "adder32"
# Compile Entity "testbench"
# Compile Architecture "behavior" of Entity "testbench"
# Compile Entity "mux4_1"
# Compile Architecture "Behavioral" of Entity "mux4_1"
# Compile Entity "mux2_1"
# Compile Architecture "Behavioral" of Entity "mux2_1"
# Compile Entity "BReg"
# Compile Architecture "Behavioral" of Entity "BReg"
# Compile Entity "mux2_5bits"
# Compile Architecture "Behavioral" of Entity "mux2_5bits"
# Compile Entity "Banco_WB"
# Compile Architecture "Behavioral" of Entity "Banco_WB"
# Compile Entity "Banco_MEM"
# Compile Architecture "Behavioral" of Entity "Banco_MEM"
# Compile Entity "Banco_ID"
# Compile Architecture "Behavioral" of Entity "Banco_ID"
# Compile Entity "Banco_EX"
# Compile Architecture "Behavioral" of Entity "Banco_EX"
# Compile success 0 Errors 0 Warnings  Analysis time :  0.8 [s]
endsim
# VSIM: Simulation has finished.
asim -O5 +access +r +m+testbench testbench behavior
# ELBREAD: Elaboration process.
# ELBREAD: Elaboration time 0.0 [s].
# VSIM: Stack memory: 32MB
# VSIM: Retval memory: 32MB
# 
# KERNEL: Main thread initiated.
# KERNEL: Kernel process initialization phase.
# ELAB2: Elaboration final pass...
# ELAB2: Create instances ...
# KERNEL: Time resolution set to 1ps.
# ELAB2: Create instances complete.
# SLP: Started
# SLP: Elaboration phase ...
# SLP: Elaboration phase ... skipped, nothing to simulate in SLP mode : 0.0 [s]
# SLP: Finished : 0.0 [s]
# ELAB2: Elaboration final pass complete - time: 0.0 [s].
# KERNEL: Warning: You are using the Active-HDL Student Edition. The performance of simulation is running at a reduced rate.
# KERNEL: Warning: Contact Aldec for available upgrade options - sales@aldec.com.
# KERNEL: Kernel process initialization done.
# Allocation: Simulator allocated 6669 kB (elbread=427 elab2=6099 kernel=142 sdf=0)
# KERNEL: ASDB file was created in location C:\My_Designs\practica3_active\practica3_design\src\wave.asdb
#  1:28, jueves, 27 de marzo de 2025
#  Simulation has been initialized
# Waveform file 'untitled.awc' connected to 'C:/My_Designs/practica3_active/practica3_design/src/wave.asdb'.
# KERNEL: Warning: KERNEL_0291 Object "/testbench/uut/INT_Register_bank/reg_file" has already been traced.
run 1000 ns
# KERNEL: WARNING: There is an 'U'|'X'|'W'|'Z'|'-' in an arithmetic operand, the result will be 'X'(es).
# KERNEL: Time: 0 ps,  Iteration: 0,  Instance: /testbench/uut/adder_4,  Process: line__42.
# KERNEL: WARNING: CONV_INTEGER: There is an 'U'|'X'|'W'|'Z'|'-' in an arithmetic operand, and it has been converted to 0.
# KERNEL: Time: 0 ps,  Iteration: 0,  Instance: /testbench/uut/Mem_I,  Process: line__86.
# KERNEL: WARNING: CONV_INTEGER: There is an 'U'|'X'|'W'|'Z'|'-' in an arithmetic operand, and it has been converted to 0.
# KERNEL: Time: 0 ps,  Iteration: 0,  Instance: /testbench/uut/INT_Register_bank,  Process: line__74.
# KERNEL: WARNING: CONV_INTEGER: There is an 'U'|'X'|'W'|'Z'|'-' in an arithmetic operand, and it has been converted to 0.
# KERNEL: Time: 0 ps,  Iteration: 0,  Instance: /testbench/uut/INT_Register_bank,  Process: line__76.
# KERNEL: WARNING: There is an 'U'|'X'|'W'|'Z'|'-' in an arithmetic operand, the result will be 'X'(es).
# KERNEL: Time: 0 ps,  Iteration: 0,  Instance: /testbench/uut/adder_dir,  Process: line__42.
# KERNEL: WARNING: There is an 'U'|'X'|'W'|'Z'|'-' in an arithmetic operand, the result will be 'X'(es).
# KERNEL: Time: 0 ps,  Iteration: 0,  Instance: /testbench/uut/ALU_MIPs,  Process: line__43.
# KERNEL: WARNING: There is an 'U'|'X'|'W'|'Z'|'-' in an arithmetic operand, the result will be 'X'(es).
# KERNEL: Time: 0 ps,  Iteration: 0,  Instance: /testbench/uut/ALU_MIPs,  Process: line__43.
# KERNEL: WARNING: There is an 'U'|'X'|'W'|'Z'|'-' in an arithmetic operand, the result will be 'X'(es).
# KERNEL: Time: 0 ps,  Iteration: 0,  Instance: /testbench/uut/ALU_MIPs,  Process: line__43.
# KERNEL: WARNING: There is an 'U'|'X'|'W'|'Z'|'-' in an arithmetic operand, the result will be 'X'(es).
# KERNEL: Time: 0 ps,  Iteration: 0,  Instance: /testbench/uut/ALU_MIPs,  Process: line__43.
# KERNEL: WARNING: There is an 'U'|'X'|'W'|'Z'|'-' in an arithmetic operand, the result will be 'X'(es).
# KERNEL: Time: 0 ps,  Iteration: 1,  Instance: /testbench/uut/adder_dir,  Process: line__42.
# KERNEL: WARNING: CONV_INTEGER: There is an 'U'|'X'|'W'|'Z'|'-' in an arithmetic operand, and it has been converted to 0.
# KERNEL: Time: 0 ps,  Iteration: 2,  Instance: /testbench/uut/INT_Register_bank,  Process: line__74.
# KERNEL: WARNING: CONV_INTEGER: There is an 'U'|'X'|'W'|'Z'|'-' in an arithmetic operand, and it has been converted to 0.
# KERNEL: Time: 0 ps,  Iteration: 2,  Instance: /testbench/uut/INT_Register_bank,  Process: line__76.
# KERNEL: WARNING: There is an 'U'|'X'|'W'|'Z'|'-' in an arithmetic operand, the result will be 'X'(es).
# KERNEL: Time: 0 ps,  Iteration: 2,  Instance: /testbench/uut/adder_dir,  Process: line__42.
# KERNEL: WARNING: There is an 'U'|'X'|'W'|'Z'|'-' in an arithmetic operand, the result will be 'X'(es).
# KERNEL: Time: 5 ns,  Iteration: 2,  Instance: /testbench/uut/ALU_MIPs,  Process: line__43.
# KERNEL: WARNING: There is an 'U'|'X'|'W'|'Z'|'-' in an arithmetic operand, the result will be 'X'(es).
# KERNEL: Time: 5 ns,  Iteration: 2,  Instance: /testbench/uut/adder_dir,  Process: line__42.
# EXECUTION:: NOTE   : Simulation time : 60000 ps.  Data written: 28, in Reg = 1
# EXECUTION:: Time: 60 ns,  Iteration: 1,  Instance: /testbench/uut/INT_Register_bank,  Process: line__55.
# EXECUTION:: NOTE   : Simulation time : 70000 ps.  Data written: 48, in Reg = 2
# EXECUTION:: Time: 70 ns,  Iteration: 1,  Instance: /testbench/uut/INT_Register_bank,  Process: line__55.
# EXECUTION:: NOTE   : Simulation time : 80000 ps.  Data written: 4, in Reg = 3
# EXECUTION:: Time: 80 ns,  Iteration: 1,  Instance: /testbench/uut/INT_Register_bank,  Process: line__55.
# EXECUTION:: NOTE   : Simulation time : 90000 ps.  Data written: 16, in Reg = 4
# EXECUTION:: Time: 90 ns,  Iteration: 1,  Instance: /testbench/uut/INT_Register_bank,  Process: line__55.
# EXECUTION:: NOTE   : Simulation time : 110000 ps.  Data written: 800000, in Reg = 5
# EXECUTION:: Time: 110 ns,  Iteration: 1,  Instance: /testbench/uut/INT_Register_bank,  Process: line__55.
# EXECUTION:: NOTE   : Simulation time : 130000 ps.  Data written: 32, in Reg = 1
# EXECUTION:: Time: 130 ns,  Iteration: 1,  Instance: /testbench/uut/INT_Register_bank,  Process: line__55.
# EXECUTION:: NOTE   : Simulation time : 140000 ps.  Data written: 800000, in Reg = 6
# EXECUTION:: Time: 140 ns,  Iteration: 1,  Instance: /testbench/uut/INT_Register_bank,  Process: line__55.
# EXECUTION:: NOTE   : Simulation time : 190000 ps.  Data written: 10000, in Reg = 5
# EXECUTION:: Time: 190 ns,  Iteration: 1,  Instance: /testbench/uut/INT_Register_bank,  Process: line__55.
# EXECUTION:: NOTE   : Simulation time : 210000 ps.  Data written: 36, in Reg = 1
# EXECUTION:: Time: 210 ns,  Iteration: 1,  Instance: /testbench/uut/INT_Register_bank,  Process: line__55.
# EXECUTION:: NOTE   : Simulation time : 220000 ps.  Data written: 810000, in Reg = 6
# EXECUTION:: Time: 220 ns,  Iteration: 1,  Instance: /testbench/uut/INT_Register_bank,  Process: line__55.
# EXECUTION:: NOTE   : Simulation time : 270000 ps.  Data written: 6000, in Reg = 5
# EXECUTION:: Time: 270 ns,  Iteration: 1,  Instance: /testbench/uut/INT_Register_bank,  Process: line__55.
# EXECUTION:: NOTE   : Simulation time : 290000 ps.  Data written: 40, in Reg = 1
# EXECUTION:: Time: 290 ns,  Iteration: 1,  Instance: /testbench/uut/INT_Register_bank,  Process: line__55.
# EXECUTION:: NOTE   : Simulation time : 300000 ps.  Data written: 816000, in Reg = 6
# EXECUTION:: Time: 300 ns,  Iteration: 1,  Instance: /testbench/uut/INT_Register_bank,  Process: line__55.
# EXECUTION:: NOTE   : Simulation time : 350000 ps.  Data written: 100, in Reg = 5
# EXECUTION:: Time: 350 ns,  Iteration: 1,  Instance: /testbench/uut/INT_Register_bank,  Process: line__55.
# EXECUTION:: NOTE   : Simulation time : 370000 ps.  Data written: 44, in Reg = 1
# EXECUTION:: Time: 370 ns,  Iteration: 1,  Instance: /testbench/uut/INT_Register_bank,  Process: line__55.
# EXECUTION:: NOTE   : Simulation time : 380000 ps.  Data written: 816100, in Reg = 6
# EXECUTION:: Time: 380 ns,  Iteration: 1,  Instance: /testbench/uut/INT_Register_bank,  Process: line__55.
# EXECUTION:: NOTE   : Simulation time : 430000 ps.  Data written: 0, in Reg = 5
# EXECUTION:: Time: 430 ns,  Iteration: 1,  Instance: /testbench/uut/INT_Register_bank,  Process: line__55.
# EXECUTION:: NOTE   : Simulation time : 450000 ps.  Data written: 48, in Reg = 1
# EXECUTION:: Time: 450 ns,  Iteration: 1,  Instance: /testbench/uut/INT_Register_bank,  Process: line__55.
# EXECUTION:: NOTE   : Simulation time : 460000 ps.  Data written: 816100, in Reg = 6
# EXECUTION:: Time: 460 ns,  Iteration: 1,  Instance: /testbench/uut/INT_Register_bank,  Process: line__55.
# EXECUTION:: NOTE   : Simulation time : 510000 ps.  Data written: 6, in Reg = 5
# EXECUTION:: Time: 510 ns,  Iteration: 1,  Instance: /testbench/uut/INT_Register_bank,  Process: line__55.
# EXECUTION:: NOTE   : Simulation time : 530000 ps.  Data written: 52, in Reg = 1
# EXECUTION:: Time: 530 ns,  Iteration: 1,  Instance: /testbench/uut/INT_Register_bank,  Process: line__55.
# EXECUTION:: NOTE   : Simulation time : 540000 ps.  Data written: 816106, in Reg = 6
# EXECUTION:: Time: 540 ns,  Iteration: 1,  Instance: /testbench/uut/INT_Register_bank,  Process: line__55.
# EXECUTION:: NOTE   : Simulation time : 590000 ps.  Data written: 0, in Reg = 5
# EXECUTION:: Time: 590 ns,  Iteration: 1,  Instance: /testbench/uut/INT_Register_bank,  Process: line__55.
# EXECUTION:: NOTE   : Simulation time : 610000 ps.  Data written: 56, in Reg = 1
# EXECUTION:: Time: 610 ns,  Iteration: 1,  Instance: /testbench/uut/INT_Register_bank,  Process: line__55.
# EXECUTION:: NOTE   : Simulation time : 620000 ps.  Data written: 816106, in Reg = 6
# EXECUTION:: Time: 620 ns,  Iteration: 1,  Instance: /testbench/uut/INT_Register_bank,  Process: line__55.
# EXECUTION:: NOTE   : Simulation time : 670000 ps.  Data written: 0, in Reg = 5
# EXECUTION:: Time: 670 ns,  Iteration: 1,  Instance: /testbench/uut/INT_Register_bank,  Process: line__55.
# EXECUTION:: NOTE   : Simulation time : 690000 ps.  Data written: 60, in Reg = 1
# EXECUTION:: Time: 690 ns,  Iteration: 1,  Instance: /testbench/uut/INT_Register_bank,  Process: line__55.
# EXECUTION:: NOTE   : Simulation time : 700000 ps.  Data written: 816106, in Reg = 6
# EXECUTION:: Time: 700 ns,  Iteration: 1,  Instance: /testbench/uut/INT_Register_bank,  Process: line__55.
# EXECUTION:: NOTE   : Simulation time : 750000 ps.  Data written: 0, in Reg = 5
# EXECUTION:: Time: 750 ns,  Iteration: 1,  Instance: /testbench/uut/INT_Register_bank,  Process: line__55.
# EXECUTION:: NOTE   : Simulation time : 770000 ps.  Data written: 64, in Reg = 1
# EXECUTION:: Time: 770 ns,  Iteration: 1,  Instance: /testbench/uut/INT_Register_bank,  Process: line__55.
# EXECUTION:: NOTE   : Simulation time : 780000 ps.  Data written: 816106, in Reg = 6
# EXECUTION:: Time: 780 ns,  Iteration: 1,  Instance: /testbench/uut/INT_Register_bank,  Process: line__55.
# EXECUTION:: NOTE   : Simulation time : 830000 ps.  Data written: 0, in Reg = 5
# EXECUTION:: Time: 830 ns,  Iteration: 1,  Instance: /testbench/uut/INT_Register_bank,  Process: line__55.
# EXECUTION:: NOTE   : Simulation time : 850000 ps.  Data written: 68, in Reg = 1
# EXECUTION:: Time: 850 ns,  Iteration: 1,  Instance: /testbench/uut/INT_Register_bank,  Process: line__55.
# EXECUTION:: NOTE   : Simulation time : 860000 ps.  Data written: 816106, in Reg = 6
# EXECUTION:: Time: 860 ns,  Iteration: 1,  Instance: /testbench/uut/INT_Register_bank,  Process: line__55.
# EXECUTION:: NOTE   : Simulation time : 910000 ps.  Data written: 0, in Reg = 5
# EXECUTION:: Time: 910 ns,  Iteration: 1,  Instance: /testbench/uut/INT_Register_bank,  Process: line__55.
# EXECUTION:: NOTE   : Simulation time : 930000 ps.  Data written: 72, in Reg = 1
# EXECUTION:: Time: 930 ns,  Iteration: 1,  Instance: /testbench/uut/INT_Register_bank,  Process: line__55.
# EXECUTION:: NOTE   : Simulation time : 940000 ps.  Data written: 816106, in Reg = 6
# EXECUTION:: Time: 940 ns,  Iteration: 1,  Instance: /testbench/uut/INT_Register_bank,  Process: line__55.
# EXECUTION:: NOTE   : Simulation time : 990000 ps.  Data written: 0, in Reg = 5
# EXECUTION:: Time: 990 ns,  Iteration: 1,  Instance: /testbench/uut/INT_Register_bank,  Process: line__55.
# KERNEL: stopped at time: 1 us
endsim
# VSIM: Simulation has finished.
acom -O3 -e 100 -work practica3_design -2002  $dsn/src/ram-i_ejemplo_sin_nops_planificar.vhd
# Compile Entity "memoriaRAM_I"
# Compile Architecture "Behavioral" of Entity "memoriaRAM_I"
# Compile success 0 Errors 0 Warnings  Analysis time :  47.0 [ms]
asim -O5 +access +r +m+testbench testbench behavior
# ELBREAD: Elaboration process.
# ELBREAD: Elaboration time 0.0 [s].
# VSIM: Stack memory: 32MB
# VSIM: Retval memory: 32MB
# 
# KERNEL: Main thread initiated.
# KERNEL: Kernel process initialization phase.
# ELAB2: Elaboration final pass...
# ELAB2: Create instances ...
# KERNEL: Time resolution set to 1ps.
# ELAB2: Create instances complete.
# SLP: Started
# SLP: Elaboration phase ...
# SLP: Elaboration phase ... skipped, nothing to simulate in SLP mode : 0.0 [s]
# SLP: Finished : 0.0 [s]
# ELAB2: Elaboration final pass complete - time: 0.0 [s].
# KERNEL: Warning: You are using the Active-HDL Student Edition. The performance of simulation is running at a reduced rate.
# KERNEL: Warning: Contact Aldec for available upgrade options - sales@aldec.com.
# KERNEL: Kernel process initialization done.
# Allocation: Simulator allocated 6669 kB (elbread=427 elab2=6099 kernel=142 sdf=0)
# KERNEL: ASDB file was created in location C:\My_Designs\practica3_active\practica3_design\src\wave.asdb
#  1:29, jueves, 27 de marzo de 2025
#  Simulation has been initialized
# Waveform file 'untitled.awc' connected to 'C:/My_Designs/practica3_active/practica3_design/src/wave.asdb'.
# KERNEL: Warning: KERNEL_0291 Object "/testbench/uut/INT_Register_bank/reg_file" has already been traced.
run 1000 ns
# KERNEL: WARNING: There is an 'U'|'X'|'W'|'Z'|'-' in an arithmetic operand, the result will be 'X'(es).
# KERNEL: Time: 0 ps,  Iteration: 0,  Instance: /testbench/uut/adder_4,  Process: line__42.
# KERNEL: WARNING: CONV_INTEGER: There is an 'U'|'X'|'W'|'Z'|'-' in an arithmetic operand, and it has been converted to 0.
# KERNEL: Time: 0 ps,  Iteration: 0,  Instance: /testbench/uut/Mem_I,  Process: line__86.
# KERNEL: WARNING: CONV_INTEGER: There is an 'U'|'X'|'W'|'Z'|'-' in an arithmetic operand, and it has been converted to 0.
# KERNEL: Time: 0 ps,  Iteration: 0,  Instance: /testbench/uut/INT_Register_bank,  Process: line__74.
# KERNEL: WARNING: CONV_INTEGER: There is an 'U'|'X'|'W'|'Z'|'-' in an arithmetic operand, and it has been converted to 0.
# KERNEL: Time: 0 ps,  Iteration: 0,  Instance: /testbench/uut/INT_Register_bank,  Process: line__76.
# KERNEL: WARNING: There is an 'U'|'X'|'W'|'Z'|'-' in an arithmetic operand, the result will be 'X'(es).
# KERNEL: Time: 0 ps,  Iteration: 0,  Instance: /testbench/uut/adder_dir,  Process: line__42.
# KERNEL: WARNING: There is an 'U'|'X'|'W'|'Z'|'-' in an arithmetic operand, the result will be 'X'(es).
# KERNEL: Time: 0 ps,  Iteration: 0,  Instance: /testbench/uut/ALU_MIPs,  Process: line__43.
# KERNEL: WARNING: There is an 'U'|'X'|'W'|'Z'|'-' in an arithmetic operand, the result will be 'X'(es).
# KERNEL: Time: 0 ps,  Iteration: 0,  Instance: /testbench/uut/ALU_MIPs,  Process: line__43.
# KERNEL: WARNING: There is an 'U'|'X'|'W'|'Z'|'-' in an arithmetic operand, the result will be 'X'(es).
# KERNEL: Time: 0 ps,  Iteration: 0,  Instance: /testbench/uut/ALU_MIPs,  Process: line__43.
# KERNEL: WARNING: There is an 'U'|'X'|'W'|'Z'|'-' in an arithmetic operand, the result will be 'X'(es).
# KERNEL: Time: 0 ps,  Iteration: 0,  Instance: /testbench/uut/ALU_MIPs,  Process: line__43.
# KERNEL: WARNING: There is an 'U'|'X'|'W'|'Z'|'-' in an arithmetic operand, the result will be 'X'(es).
# KERNEL: Time: 0 ps,  Iteration: 1,  Instance: /testbench/uut/adder_dir,  Process: line__42.
# KERNEL: WARNING: CONV_INTEGER: There is an 'U'|'X'|'W'|'Z'|'-' in an arithmetic operand, and it has been converted to 0.
# KERNEL: Time: 0 ps,  Iteration: 2,  Instance: /testbench/uut/INT_Register_bank,  Process: line__74.
# KERNEL: WARNING: CONV_INTEGER: There is an 'U'|'X'|'W'|'Z'|'-' in an arithmetic operand, and it has been converted to 0.
# KERNEL: Time: 0 ps,  Iteration: 2,  Instance: /testbench/uut/INT_Register_bank,  Process: line__76.
# KERNEL: WARNING: There is an 'U'|'X'|'W'|'Z'|'-' in an arithmetic operand, the result will be 'X'(es).
# KERNEL: Time: 0 ps,  Iteration: 2,  Instance: /testbench/uut/adder_dir,  Process: line__42.
# KERNEL: WARNING: There is an 'U'|'X'|'W'|'Z'|'-' in an arithmetic operand, the result will be 'X'(es).
# KERNEL: Time: 5 ns,  Iteration: 2,  Instance: /testbench/uut/ALU_MIPs,  Process: line__43.
# KERNEL: WARNING: There is an 'U'|'X'|'W'|'Z'|'-' in an arithmetic operand, the result will be 'X'(es).
# KERNEL: Time: 5 ns,  Iteration: 2,  Instance: /testbench/uut/adder_dir,  Process: line__42.
# EXECUTION:: NOTE   : Simulation time : 60000 ps.  Data written: 28, in Reg = 1
# EXECUTION:: Time: 60 ns,  Iteration: 1,  Instance: /testbench/uut/INT_Register_bank,  Process: line__55.
# EXECUTION:: NOTE   : Simulation time : 70000 ps.  Data written: 48, in Reg = 2
# EXECUTION:: Time: 70 ns,  Iteration: 1,  Instance: /testbench/uut/INT_Register_bank,  Process: line__55.
# EXECUTION:: NOTE   : Simulation time : 80000 ps.  Data written: 4, in Reg = 3
# EXECUTION:: Time: 80 ns,  Iteration: 1,  Instance: /testbench/uut/INT_Register_bank,  Process: line__55.
# EXECUTION:: NOTE   : Simulation time : 90000 ps.  Data written: 16, in Reg = 4
# EXECUTION:: Time: 90 ns,  Iteration: 1,  Instance: /testbench/uut/INT_Register_bank,  Process: line__55.
# EXECUTION:: NOTE   : Simulation time : 110000 ps.  Data written: 800000, in Reg = 5
# EXECUTION:: Time: 110 ns,  Iteration: 1,  Instance: /testbench/uut/INT_Register_bank,  Process: line__55.
# EXECUTION:: NOTE   : Simulation time : 130000 ps.  Data written: 32, in Reg = 1
# EXECUTION:: Time: 130 ns,  Iteration: 1,  Instance: /testbench/uut/INT_Register_bank,  Process: line__55.
# EXECUTION:: NOTE   : Simulation time : 140000 ps.  Data written: 800000, in Reg = 6
# EXECUTION:: Time: 140 ns,  Iteration: 1,  Instance: /testbench/uut/INT_Register_bank,  Process: line__55.
# EXECUTION:: NOTE   : Simulation time : 190000 ps.  Data written: 10000, in Reg = 5
# EXECUTION:: Time: 190 ns,  Iteration: 1,  Instance: /testbench/uut/INT_Register_bank,  Process: line__55.
# EXECUTION:: NOTE   : Simulation time : 210000 ps.  Data written: 36, in Reg = 1
# EXECUTION:: Time: 210 ns,  Iteration: 1,  Instance: /testbench/uut/INT_Register_bank,  Process: line__55.
# EXECUTION:: NOTE   : Simulation time : 220000 ps.  Data written: 810000, in Reg = 6
# EXECUTION:: Time: 220 ns,  Iteration: 1,  Instance: /testbench/uut/INT_Register_bank,  Process: line__55.
# EXECUTION:: NOTE   : Simulation time : 270000 ps.  Data written: 6000, in Reg = 5
# EXECUTION:: Time: 270 ns,  Iteration: 1,  Instance: /testbench/uut/INT_Register_bank,  Process: line__55.
# EXECUTION:: NOTE   : Simulation time : 290000 ps.  Data written: 40, in Reg = 1
# EXECUTION:: Time: 290 ns,  Iteration: 1,  Instance: /testbench/uut/INT_Register_bank,  Process: line__55.
# EXECUTION:: NOTE   : Simulation time : 300000 ps.  Data written: 816000, in Reg = 6
# EXECUTION:: Time: 300 ns,  Iteration: 1,  Instance: /testbench/uut/INT_Register_bank,  Process: line__55.
# EXECUTION:: NOTE   : Simulation time : 350000 ps.  Data written: 100, in Reg = 5
# EXECUTION:: Time: 350 ns,  Iteration: 1,  Instance: /testbench/uut/INT_Register_bank,  Process: line__55.
# EXECUTION:: NOTE   : Simulation time : 370000 ps.  Data written: 44, in Reg = 1
# EXECUTION:: Time: 370 ns,  Iteration: 1,  Instance: /testbench/uut/INT_Register_bank,  Process: line__55.
# EXECUTION:: NOTE   : Simulation time : 380000 ps.  Data written: 816100, in Reg = 6
# EXECUTION:: Time: 380 ns,  Iteration: 1,  Instance: /testbench/uut/INT_Register_bank,  Process: line__55.
# EXECUTION:: NOTE   : Simulation time : 430000 ps.  Data written: 0, in Reg = 5
# EXECUTION:: Time: 430 ns,  Iteration: 1,  Instance: /testbench/uut/INT_Register_bank,  Process: line__55.
# EXECUTION:: NOTE   : Simulation time : 450000 ps.  Data written: 48, in Reg = 1
# EXECUTION:: Time: 450 ns,  Iteration: 1,  Instance: /testbench/uut/INT_Register_bank,  Process: line__55.
# EXECUTION:: NOTE   : Simulation time : 460000 ps.  Data written: 816100, in Reg = 6
# EXECUTION:: Time: 460 ns,  Iteration: 1,  Instance: /testbench/uut/INT_Register_bank,  Process: line__55.
# EXECUTION:: NOTE   : Simulation time : 510000 ps.  Data written: 6, in Reg = 5
# EXECUTION:: Time: 510 ns,  Iteration: 1,  Instance: /testbench/uut/INT_Register_bank,  Process: line__55.
# EXECUTION:: NOTE   : Simulation time : 530000 ps.  Data written: 52, in Reg = 1
# EXECUTION:: Time: 530 ns,  Iteration: 1,  Instance: /testbench/uut/INT_Register_bank,  Process: line__55.
# EXECUTION:: NOTE   : Simulation time : 540000 ps.  Data written: 816106, in Reg = 6
# EXECUTION:: Time: 540 ns,  Iteration: 1,  Instance: /testbench/uut/INT_Register_bank,  Process: line__55.
# EXECUTION:: NOTE   : Simulation time : 565000 ps.  Data written: 816106, in ADDR = 0
# EXECUTION:: Time: 565 ns,  Iteration: 1,  Instance: /testbench/uut/Mem_D,  Process: line__80.
# EXECUTION:: NOTE   : Simulation time : 590000 ps.  Data written: 0, in Reg = 5
# EXECUTION:: Time: 590 ns,  Iteration: 1,  Instance: /testbench/uut/INT_Register_bank,  Process: line__55.
# EXECUTION:: NOTE   : Simulation time : 610000 ps.  Data written: 56, in Reg = 1
# EXECUTION:: Time: 610 ns,  Iteration: 1,  Instance: /testbench/uut/INT_Register_bank,  Process: line__55.
# EXECUTION:: NOTE   : Simulation time : 620000 ps.  Data written: 816106, in Reg = 6
# EXECUTION:: Time: 620 ns,  Iteration: 1,  Instance: /testbench/uut/INT_Register_bank,  Process: line__55.
# EXECUTION:: NOTE   : Simulation time : 670000 ps.  Data written: 0, in Reg = 5
# EXECUTION:: Time: 670 ns,  Iteration: 1,  Instance: /testbench/uut/INT_Register_bank,  Process: line__55.
# EXECUTION:: NOTE   : Simulation time : 690000 ps.  Data written: 60, in Reg = 1
# EXECUTION:: Time: 690 ns,  Iteration: 1,  Instance: /testbench/uut/INT_Register_bank,  Process: line__55.
# EXECUTION:: NOTE   : Simulation time : 700000 ps.  Data written: 816106, in Reg = 6
# EXECUTION:: Time: 700 ns,  Iteration: 1,  Instance: /testbench/uut/INT_Register_bank,  Process: line__55.
# EXECUTION:: NOTE   : Simulation time : 750000 ps.  Data written: 0, in Reg = 5
# EXECUTION:: Time: 750 ns,  Iteration: 1,  Instance: /testbench/uut/INT_Register_bank,  Process: line__55.
# EXECUTION:: NOTE   : Simulation time : 770000 ps.  Data written: 64, in Reg = 1
# EXECUTION:: Time: 770 ns,  Iteration: 1,  Instance: /testbench/uut/INT_Register_bank,  Process: line__55.
# EXECUTION:: NOTE   : Simulation time : 780000 ps.  Data written: 816106, in Reg = 6
# EXECUTION:: Time: 780 ns,  Iteration: 1,  Instance: /testbench/uut/INT_Register_bank,  Process: line__55.
# EXECUTION:: NOTE   : Simulation time : 830000 ps.  Data written: 0, in Reg = 5
# EXECUTION:: Time: 830 ns,  Iteration: 1,  Instance: /testbench/uut/INT_Register_bank,  Process: line__55.
# EXECUTION:: NOTE   : Simulation time : 850000 ps.  Data written: 68, in Reg = 1
# EXECUTION:: Time: 850 ns,  Iteration: 1,  Instance: /testbench/uut/INT_Register_bank,  Process: line__55.
# EXECUTION:: NOTE   : Simulation time : 860000 ps.  Data written: 816106, in Reg = 6
# EXECUTION:: Time: 860 ns,  Iteration: 1,  Instance: /testbench/uut/INT_Register_bank,  Process: line__55.
# EXECUTION:: NOTE   : Simulation time : 910000 ps.  Data written: 0, in Reg = 5
# EXECUTION:: Time: 910 ns,  Iteration: 1,  Instance: /testbench/uut/INT_Register_bank,  Process: line__55.
# EXECUTION:: NOTE   : Simulation time : 930000 ps.  Data written: 72, in Reg = 1
# EXECUTION:: Time: 930 ns,  Iteration: 1,  Instance: /testbench/uut/INT_Register_bank,  Process: line__55.
# EXECUTION:: NOTE   : Simulation time : 940000 ps.  Data written: 816106, in Reg = 6
# EXECUTION:: Time: 940 ns,  Iteration: 1,  Instance: /testbench/uut/INT_Register_bank,  Process: line__55.
# EXECUTION:: NOTE   : Simulation time : 990000 ps.  Data written: 0, in Reg = 5
# EXECUTION:: Time: 990 ns,  Iteration: 1,  Instance: /testbench/uut/INT_Register_bank,  Process: line__55.
# KERNEL: stopped at time: 1 us
endsim
# VSIM: Simulation has finished.
